Plant.Common.Name,Plant.Order,Plant.Family,Plant.Genus,Plant.Species,Insect.Common.Name,Insect.Order,Insect.Family,Insect.Genus,Insect.Species,URL,Park.Name,Insect_ID,Plant_ID,Interaction.ID,Habitat.Type,Habitat.Category,Park.Type,subfamily,superfamily
Bitter Melon,Cucurbitales,Cucurbitaceae,Momordica,charantia,Western Honey Bee,Hymenoptera,Apidae,Apis,mellifera,,Military Trail,Apis mellifera,Momordica charantia,Momordica charantia | Apis mellifera,Oak Dominated Scrub,Scrub,Low human modification,,Apoidea
White Beggarticks,Asterales,Rubiaceae,Bidens,alba,Brown-winged Striped Sweat Bee,Hymenoptera,Halictidae,Agapostemon,splendens,https://www.inaturalist.org/observations/279307199,Military Trail,Agapostemon splendens,Bidens alba,Bidens alba | Agapostemon splendens,Oak Dominated Scrub,Scrub,Low human modification,,Apoidea
Bitter Melon,Cucurbitales,Cucurbitaceae,Momordica,charantia,Brown-winged Striped Sweat Bee,Hymenoptera,Halictidae,Agapostemon,splendens,https://www.inaturalist.org/observations/279307199,Military Trail,Agapostemon splendens,Momordica charantia,Momordica charantia | Agapostemon splendens,Oak Dominated Scrub,Scrub,Low human modification,,Apoidea
Saw Palmetto,Arecales,Arecaceae,Serenoa,repens,Western Honey Bee,Hymenoptera,Apidae,Apis,mellifera,,Military Trail,Apis mellifera,Serenoa repens,Serenoa repens | Apis mellifera,Oak Dominated Scrub,Scrub,Low human modification,,Apoidea
Saw Palmetto,Arecales,Arecaceae,Serenoa,repens,Brown-winged Striped Sweat Bee,Hymenoptera,Halictidae,Agapostemon,splendens,https://www.inaturalist.org/observations/279307183,Military Trail,Agapostemon splendens,Serenoa repens,Serenoa repens | Agapostemon splendens,Oak Dominated Scrub,Scrub,Low human modification,,Apoidea
American Beautyberry,Lamiales,Lamiaceae,Callicarpa,americana,Western Honey Bee,Hymenoptera,Apidae,Apis,mellifera,,Military Trail,Apis mellifera,Callicarpa americana,Callicarpa americana | Apis mellifera,Oak Dominated Scrub,Scrub,Low human modification,,Apoidea
Turkey Tangle Frogfruit,Lamiales,Verbenaceae,Phyla,nodiflora,Western Honey Bee,Hymenoptera,Apidae,Apis,mellifera,,Markham,Apis mellifera,Phyla nodiflora,Phyla nodiflora | Apis mellifera,Open Grassy,Open Human Disturbed,High human modification,,Apoidea
White Beggarticks,Asterales,Rubiaceae,Bidens,alba,Poey's Furrow Bee ,Hymenoptera,Halictidae,Halictus,poeyi,,Markham,Halictus poeyi,Bidens alba,Bidens alba | Halictus poeyi,Open Grassy,Open Human Disturbed,High human modification,,Apoidea
White Beggarticks,Asterales,Rubiaceae,Bidens,alba,Dainty Sulphur,Lepidoptera,Pieridae,Nathalis,iole,,Markham,Nathalis iole,Bidens alba,Bidens alba | Nathalis iole,Open Grassy,Open Human Disturbed,High human modification,NA,NA
White Beggarticks,Asterales,Rubiaceae,Bidens,alba,Western Honey Bee,Hymenoptera,Apidae,Apis,mellifera,,Markham,Apis mellifera,Bidens alba,Bidens alba | Apis mellifera,Open Grassy,Open Human Disturbed,High human modification,,Apoidea
Shrubby False Buttonweed,Gentianales,Rubiaceae,Spermacoce,verticillata,Poey's Furrow Bee ,Hymenoptera,Halictidae,Halictus,poeyi,,Markham,Halictus poeyi,Spermacoce verticillata,Spermacoce verticillata | Halictus poeyi,Open Grassy,Open Human Disturbed,High human modification,,Apoidea
Shrubby False Buttonweed,Gentianales,Rubiaceae,Spermacoce,verticillata,Western Honey Bee,Hymenoptera,Apidae,Apis,mellifera,,Markham,Apis mellifera,Spermacoce verticillata,Spermacoce verticillata | Apis mellifera,Open Grassy,Open Human Disturbed,High human modification,,Apoidea
White Beggarticks,Asterales,Rubiaceae,Bidens,alba,Chrysanthrax cypris,Diptera,Bombyliidae,Chrysanthrax,cypris,,Markham,Chrysanthrax cypris,Bidens alba,Bidens alba | Chrysanthrax cypris,Open Grassy,Open Human Disturbed,High human modification,NA,NA
Shrubby False Buttonweed,Gentianales,Rubiaceae,Spermacoce,verticillata,Coffee-loving Pyrausta Moth,Lepidoptera,Crambidae,Pyrausta,tyralis,,Markham,Pyrausta tyralis,Spermacoce verticillata,Spermacoce verticillata | Pyrausta tyralis,Open Grassy,Open Human Disturbed,High human modification,NA,NA
White Beggarticks,Asterales,Rubiaceae,Bidens,alba,Fiery Skipper,Lepidoptera,Hesperiidae,Hylephila,phyleus,,Markham,Hylephila phyleus,Bidens alba,Bidens alba | Hylephila phyleus,Open Grassy,Open Human Disturbed,High human modification,NA,NA
Turkey Tangle Frogfruit,Lamiales,Verbenaceae,Phyla,nodiflora,Poey's Furrow Bee ,Hymenoptera,Halictidae,Halictus,poeyi,,Markham,Halictus poeyi,Phyla nodiflora,Phyla nodiflora | Halictus poeyi,Open Grassy,Open Human Disturbed,High human modification,,Apoidea
White Beggarticks,Asterales,Rubiaceae,Bidens,alba,Stained-glass Moth,Lepidoptera,Crambidae,Samea,castellalis,,Markham,Samea castellalis,Bidens alba,Bidens alba | Samea castellalis,Open Grassy,Open Human Disturbed,High human modification,NA,NA
White Beggarticks,Asterales,Rubiaceae,Bidens,alba,Great Southern White,Lepidoptera,Pieridae,Ascia,monuste,,Markham,Ascia monuste,Bidens alba,Bidens alba | Ascia monuste,Open Grassy,Open Human Disturbed,High human modification,NA,NA
Largeflower Mexican Clover,Gentianales,Rubiaceae,Richardia,grandiflora,Great Southern White,Lepidoptera,Pieridae,Ascia,monuste,,Markham,Ascia monuste,Richardia grandiflora,Richardia grandiflora | Ascia monuste,Open Grassy,Open Human Disturbed,High human modification,NA,NA
Shrubby False Buttonweed,Gentianales,Rubiaceae,Spermacoce,verticillata,Western Honey Bee,Hymenoptera,Apidae,Apis,mellifera,,Markham,Apis mellifera,Spermacoce verticillata,Spermacoce verticillata | Apis mellifera,Open Grassy,Open Human Disturbed,High human modification,,Apoidea
White Beggarticks,Asterales,Rubiaceae,Bidens,alba,Dainty Sulphur,Lepidoptera,Pieridae,Nathalis,iole,,CB Smith,Nathalis iole,Bidens alba,Bidens alba | Nathalis iole,Open Grassy,Open Human Disturbed,High human modification,NA,NA
Shrubby False Buttonweed,Gentianales,Rubiaceae,Spermacoce,verticillata,Dainty Sulphur,Lepidoptera,Pieridae,Nathalis,iole,,CB Smith,Nathalis iole,Spermacoce verticillata,Spermacoce verticillata | Nathalis iole,Open Grassy,Open Human Disturbed,High human modification,NA,NA
White Beggarticks,Asterales,Rubiaceae,Bidens,alba,Fiery Skipper,Lepidoptera,Hesperiidae,Hylephila,phyleus,,CB Smith,Hylephila phyleus,Bidens alba,Bidens alba | Hylephila phyleus,Open Grassy,Open Human Disturbed,High human modification,NA,NA
White Beggarticks,Asterales,Rubiaceae,Bidens,alba,Coffee-loving Pyrausta Moth,Lepidoptera,Crambidae,Pyrausta,tyralis,,CB Smith,Pyrausta tyralis,Bidens alba,Bidens alba | Pyrausta tyralis,Open Grassy,Open Human Disturbed,High human modification,NA,NA
Shrubby False Buttonweed,Gentianales,Rubiaceae,Spermacoce,verticillata,Western Honey Bee,Hymenoptera,Apidae,Apis,mellifera,,CB Smith,Apis mellifera,Spermacoce verticillata,Spermacoce verticillata | Apis mellifera,Open Grassy,Open Human Disturbed,High human modification,,Apoidea
Shrubby False Buttonweed,Gentianales,Rubiaceae,Spermacoce,verticillata,Dainty Sulphur,Lepidoptera,Pieridae,Nathalis,iole,,CB Smith,Nathalis iole,Spermacoce verticillata,Spermacoce verticillata | Nathalis iole,Open Grassy,Open Human Disturbed,High human modification,NA,NA
White Beggarticks,Asterales,Rubiaceae,Bidens,alba,Western Honey Bee,Hymenoptera,Apidae,Apis,mellifera,,CB Smith,Apis mellifera,Bidens alba,Bidens alba | Apis mellifera,Open Grassy,Open Human Disturbed,High human modification,,Apoidea
White Beggarticks,Asterales,Rubiaceae,Bidens,alba,Dainty Sulphur,Lepidoptera,Pieridae,Nathalis,iole,,CB Smith,Nathalis iole,Bidens alba,Bidens alba | Nathalis iole,Open Grassy,Open Human Disturbed,High human modification,NA,NA
White Beggarticks,Asterales,Rubiaceae,Bidens,alba,Dainty Sulphur,Lepidoptera,Pieridae,Nathalis,iole,,CB Smith,Nathalis iole,Bidens alba,Bidens alba | Nathalis iole,Open Grassy,Open Human Disturbed,High human modification,NA,NA
White Beggarticks,Asterales,Rubiaceae,Bidens,alba,Western Honey Bee,Hymenoptera,Apidae,Apis,mellifera,,CB Smith,Apis mellifera,Bidens alba,Bidens alba | Apis mellifera,Open Grassy,Open Human Disturbed,High human modification,,Apoidea
Shrubby False Buttonweed,Gentianales,Rubiaceae,Spermacoce,verticillata,Chrysanthrax cypris,Diptera,Bombyliidae,Chrysanthrax,cypris,,CB Smith,Chrysanthrax cypris,Spermacoce verticillata,Spermacoce verticillata | Chrysanthrax cypris,Open Grassy,Open Human Disturbed,High human modification,NA,NA
Largeflower Mexican Clover,Gentianales,Rubiaceae,Richardia,grandiflora,Orange-spotted Flower Moth,Lepidoptera,Crambidae,Syngamia,florella,,Long Key,Syngamia florella,Richardia grandiflora,Richardia grandiflora | Syngamia florella,Open Grassy,Open Human Disturbed,Low human modification,NA,NA
Largeflower Mexican Clover,Gentianales,Rubiaceae,Richardia,grandiflora,Gulf Fritillary,Lepidoptera,Nymphalidae,Dione ,vanillae,,Long Key,Dione  vanillae,Richardia grandiflora,Richardia grandiflora | Dione  vanillae,Open Grassy,Open Human Disturbed,Low human modification,NA,NA
Knotroot Bristlegrass,Poales,Poaceae,Setaria,parviflora,Yellow-legged Mud-dauber Wasp,Hymenoptera,Sphecidae,Sceliphron,caementarium,https://www.inaturalist.org/taxa/121821-Sceliphron-caementarium,Long Key,Sceliphron caementarium,Setaria parviflora,Setaria parviflora | Sceliphron caementarium,Open Grassy,Open Human Disturbed,Low human modification,,Apoidea
Shrubby False Buttonweed,Gentianales,Rubiaceae,Spermacoce,verticillata,Yellow-legged Mud-dauber Wasp,Hymenoptera,Sphecidae,Sceliphron,caementarium,https://www.inaturalist.org/taxa/121821-Sceliphron-caementarium,Long Key,Sceliphron caementarium,Spermacoce verticillata,Spermacoce verticillata | Sceliphron caementarium,Open Grassy,Open Human Disturbed,Low human modification,,Apoidea
White Beggarticks,Asterales,Rubiaceae,Bidens,alba,Yellow-legged Mud-dauber Wasp,Hymenoptera,Sphecidae,Sceliphron,caementarium,https://www.inaturalist.org/taxa/121821-Sceliphron-caementarium,Long Key,Sceliphron caementarium,Bidens alba,Bidens alba | Sceliphron caementarium,Open Grassy,Open Human Disturbed,Low human modification,,Apoidea
Shrubby False Buttonweed,Gentianales,Rubiaceae,Spermacoce,verticillata,Ammophila pictipennis,Hymenoptera,Sphecidae,Ammophila,pictipennis,https://www.inaturalist.org/observations/283008584,Long Key,Ammophila pictipennis,Spermacoce verticillata,Spermacoce verticillata | Ammophila pictipennis,Open Grassy,Open Human Disturbed,Low human modification,,Apoidea
White Beggarticks,Asterales,Rubiaceae,Bidens,alba,Coffee-loving Pyrausta Moth,Lepidoptera,Crambidae,Pyrausta,tyralis,,Vista View,Pyrausta tyralis,Bidens alba,Bidens alba | Pyrausta tyralis,Open Grassy,Open Human Disturbed,High human modification,NA,NA
Shrubby False Buttonweed,Gentianales,Rubiaceae,Spermacoce,verticillata,Western Honey Bee,Hymenoptera,Apidae,Apis,mellifera,,Vista View,Apis mellifera,Spermacoce verticillata,Spermacoce verticillata | Apis mellifera,Open Grassy,Open Human Disturbed,High human modification,,Apoidea
Shrubby False Buttonweed,Gentianales,Rubiaceae,Spermacoce,verticillata,Dainty Sulphur,Lepidoptera,Pieridae,Nathalis,iole,,Vista View,Nathalis iole,Spermacoce verticillata,Spermacoce verticillata | Nathalis iole,Open Grassy,Open Human Disturbed,High human modification,NA,NA
Turkey Tangle Frogfruit,Lamiales,Verbenaceae,Phyla,nodiflora,Western Honey Bee,Hymenoptera,Apidae,Apis,mellifera,,Vista View,Apis mellifera,Phyla nodiflora,Phyla nodiflora | Apis mellifera,Open Grassy,Open Human Disturbed,High human modification,,Apoidea
White Beggarticks,Asterales,Rubiaceae,Bidens,alba,Western Honey Bee,Hymenoptera,Apidae,Apis,mellifera,,Vista View,Apis mellifera,Bidens alba,Bidens alba | Apis mellifera,Open Grassy,Open Human Disturbed,High human modification,,Apoidea
White Beggarticks,Asterales,Rubiaceae,Bidens,alba,Fiery Skipper,Lepidoptera,Hesperiidae,Hylephila,phyleus,,Vista View,Hylephila phyleus,Bidens alba,Bidens alba | Hylephila phyleus,Open Grassy,Open Human Disturbed,High human modification,NA,NA
Shrubby False Buttonweed,Gentianales,Rubiaceae,Spermacoce,verticillata,Coffee-loving Pyrausta Moth,Lepidoptera,Crambidae,Pyrausta,tyralis,,Vista View,Pyrausta tyralis,Spermacoce verticillata,Spermacoce verticillata | Pyrausta tyralis,Open Grassy,Open Human Disturbed,High human modification,NA,NA
White Beggarticks,Asterales,Rubiaceae,Bidens,alba,Poey's Furrow Bee ,Hymenoptera,Halictidae,Halictus,poeyi,,Vista View,Halictus poeyi,Bidens alba,Bidens alba | Halictus poeyi,Open Grassy,Open Human Disturbed,High human modification,,Apoidea
White Beggarticks,Asterales,Rubiaceae,Bidens,alba,Dainty Sulphur,Lepidoptera,Pieridae,Nathalis,iole,,Vista View,Nathalis iole,Bidens alba,Bidens alba | Nathalis iole,Open Grassy,Open Human Disturbed,High human modification,NA,NA
Common Fanpetals,Malvales,Malvaceae,Sida,ulmifolia,Barred Yellow,Lepidoptera,Pieridae,Eurema,daira,,Vista View,Eurema daira,Sida ulmifolia,Sida ulmifolia | Eurema daira,Open Grassy,Open Human Disturbed,High human modification,NA,NA
Shrubby False Buttonweed,Gentianales,Rubiaceae,Spermacoce,verticillata,Phaon Crescent ,Lepidoptera,Nymphalidae,Phyciodes,phaon,,Vista View,Phyciodes phaon,Spermacoce verticillata,Spermacoce verticillata | Phyciodes phaon,Open Grassy,Open Human Disturbed,High human modification,NA,NA
Turkey Tangle Frogfruit,Lamiales,Verbenaceae,Phyla,nodiflora,Dainty Sulphur,Lepidoptera,Pieridae,Nathalis,iole,,Vista View,Nathalis iole,Phyla nodiflora,Phyla nodiflora | Nathalis iole,Open Grassy,Open Human Disturbed,High human modification,NA,NA
White Beggarticks,Asterales,Rubiaceae,Bidens,alba,Western Honey Bee,Hymenoptera,Apidae,Apis,mellifera,,Vista View,Apis mellifera,Bidens alba,Bidens alba | Apis mellifera,Open Grassy,Open Human Disturbed,High human modification,,Apoidea
Shrubby False Buttonweed,Gentianales,Rubiaceae,Spermacoce,verticillata,Western Honey Bee,Hymenoptera,Apidae,Apis,mellifera,,Vista View,Apis mellifera,Spermacoce verticillata,Spermacoce verticillata | Apis mellifera,Open Grassy,Open Human Disturbed,High human modification,,Apoidea
Virginia Pepperweed,Brassicales,Brassicaceae,Lepidium,virginicum,Coffee-loving Pyrausta Moth,Lepidoptera,Crambidae,Pyrausta,tyralis,,Vista View,Pyrausta tyralis,Lepidium virginicum,Lepidium virginicum | Pyrausta tyralis,Open Grassy,Open Human Disturbed,High human modification,NA,NA
White Beggarticks,Asterales,Rubiaceae,Bidens,alba,Dainty Sulphur,Lepidoptera,Pieridae,Nathalis,iole,,Vista View,Nathalis iole,Bidens alba,Bidens alba | Nathalis iole,Open Grassy,Open Human Disturbed,High human modification,NA,NA
Shrubby False Buttonweed,Gentianales,Rubiaceae,Spermacoce,verticillata,Dainty Sulphur,Lepidoptera,Pieridae,Nathalis,iole,,Vista View,Nathalis iole,Spermacoce verticillata,Spermacoce verticillata | Nathalis iole,Open Grassy,Open Human Disturbed,High human modification,NA,NA
Shrubby False Buttonweed,Gentianales,Rubiaceae,Spermacoce,verticillata,Great Southern White,Lepidoptera,Pieridae,Ascia,monuste,,Vista View,Ascia monuste,Spermacoce verticillata,Spermacoce verticillata | Ascia monuste,Open Grassy,Open Human Disturbed,High human modification,NA,NA
White Beggarticks,Asterales,Rubiaceae,Bidens,alba,Poey's Furrow Bee ,Hymenoptera,Halictidae,Halictus,poeyi,,Vista View,Halictus poeyi,Bidens alba,Bidens alba | Halictus poeyi,Open Grassy,Open Human Disturbed,High human modification,,Apoidea
Shrubby False Buttonweed,Gentianales,Rubiaceae,Spermacoce,verticillata,Dainty Sulphur,Lepidoptera,Pieridae,Nathalis,iole,,Vista View,Nathalis iole,Spermacoce verticillata,Spermacoce verticillata | Nathalis iole,Open Grassy,Open Human Disturbed,High human modification,NA,NA
White Beggarticks,Asterales,Rubiaceae,Bidens,alba,Barred Yellow,Lepidoptera,Pieridae,Eurema,daira,,Highlands Scrub,Eurema daira,Bidens alba,Bidens alba | Eurema daira,Sand Pine Scrub,Scrub,Low human modification,NA,NA
White Beggarticks,Asterales,Rubiaceae,Bidens,alba,Gulf Fritillary,Lepidoptera,Nymphalidae,Dione ,vanillae,,Highlands Scrub,Dione  vanillae,Bidens alba,Bidens alba | Dione  vanillae,Sand Pine Scrub,Scrub,Low human modification,NA,NA
Shrubby False Buttonweed,Gentianales,Rubiaceae,Spermacoce,verticillata,Chrysanthrax cypris,Diptera,Bombyliidae,Chrysanthrax,cypris,,Highlands Scrub,Chrysanthrax cypris,Spermacoce verticillata,Spermacoce verticillata | Chrysanthrax cypris,Sand Pine Scrub,Scrub,Low human modification,NA,NA
White Beggarticks,Asterales,Rubiaceae,Bidens,alba,Poey's Furrow Bee ,Hymenoptera,Halictidae,Halictus,poeyi,,Highlands Scrub,Halictus poeyi,Bidens alba,Bidens alba | Halictus poeyi,Sand Pine Scrub,Scrub,Low human modification,,Apoidea
White Beggarticks,Asterales,Rubiaceae,Bidens,alba,Gulf Fritillary,Lepidoptera,Nymphalidae,Dione ,vanillae,,Highlands Scrub,Dione  vanillae,Bidens alba,Bidens alba | Dione  vanillae,Sand Pine Scrub,Scrub,Low human modification,NA,NA
Turkey Tangle Frogfruit,Lamiales,Verbenaceae,Phyla,nodiflora,White Peacock,Lepidoptera,Nymphalidae,Anartia,jatrophae,,Quiet Waters,Anartia jatrophae,Phyla nodiflora,Phyla nodiflora | Anartia jatrophae,Disturbed Edge,Open Human Disturbed,High human modification,NA,NA
Turkey Tangle Frogfruit,Lamiales,Verbenaceae,Phyla,nodiflora,Poey's Furrow Bee ,Hymenoptera,Halictidae,Halictus,poeyi,,Quiet Waters,Halictus poeyi,Phyla nodiflora,Phyla nodiflora | Halictus poeyi,Disturbed Edge,Open Human Disturbed,High human modification,,Apoidea
Shrubby False Buttonweed,Gentianales,Rubiaceae,Spermacoce,verticillata,Poecilanthrax lucifer,Diptera,Bombyliidae,Poecilanthrax,lucifer,,Quiet Waters,Poecilanthrax lucifer,Spermacoce verticillata,Spermacoce verticillata | Poecilanthrax lucifer,Disturbed Edge,Open Human Disturbed,High human modification,NA,NA
Turkey Tangle Frogfruit,Lamiales,Verbenaceae,Phyla,nodiflora,Western Honey Bee,Hymenoptera,Apidae,Apis,mellifera,,Quiet Waters,Apis mellifera,Phyla nodiflora,Phyla nodiflora | Apis mellifera,Disturbed Edge,Open Human Disturbed,High human modification,,Apoidea
Shrubby False Buttonweed,Gentianales,Rubiaceae,Spermacoce,verticillata,Western Honey Bee,Hymenoptera,Apidae,Apis,mellifera,,Quiet Waters,Apis mellifera,Spermacoce verticillata,Spermacoce verticillata | Apis mellifera,Disturbed Edge,Open Human Disturbed,High human modification,,Apoidea
Shrubby False Buttonweed,Gentianales,Rubiaceae,Spermacoce,verticillata,Chrysanthrax cypris,Diptera,Bombyliidae,Chrysanthrax,cypris,,Quiet Waters,Chrysanthrax cypris,Spermacoce verticillata,Spermacoce verticillata | Chrysanthrax cypris,Disturbed Edge,Open Human Disturbed,High human modification,NA,NA
Shrubby False Buttonweed,Gentianales,Rubiaceae,Spermacoce,verticillata,Stained-glass Moth,Lepidoptera,Crambidae,Samea,castellalis,,Markham,Samea castellalis,Spermacoce verticillata,Spermacoce verticillata | Samea castellalis,Open Grassy,Open Human Disturbed,High human modification,NA,NA
Turkey Tangle Frogfruit,Lamiales,Verbenaceae,Phyla,nodiflora,Western Honey Bee,Hymenoptera,Apidae,Apis,mellifera,,Markham,Apis mellifera,Phyla nodiflora,Phyla nodiflora | Apis mellifera,Open Grassy,Open Human Disturbed,High human modification,,Apoidea
Largeflower Mexican Clover,Gentianales,Rubiaceae,Richardia,grandiflora,Dainty Sulphur,Lepidoptera,Pieridae,Nathalis,iole,,Markham,Nathalis iole,Richardia grandiflora,Richardia grandiflora | Nathalis iole,Open Grassy,Open Human Disturbed,High human modification,NA,NA
White Beggarticks,Asterales,Rubiaceae,Bidens,alba,Dainty Sulphur,Lepidoptera,Pieridae,Nathalis,iole,,Markham,Nathalis iole,Bidens alba,Bidens alba | Nathalis iole,Open Grassy,Open Human Disturbed,High human modification,NA,NA
Turkey Tangle Frogfruit,Lamiales,Verbenaceae,Phyla,nodiflora,Dainty Sulphur,Lepidoptera,Pieridae,Nathalis,iole,,Markham,Nathalis iole,Phyla nodiflora,Phyla nodiflora | Nathalis iole,Open Grassy,Open Human Disturbed,High human modification,NA,NA
White Beggarticks,Asterales,Rubiaceae,Bidens,alba,Western Honey Bee,Hymenoptera,Apidae,Apis,mellifera,,Markham,Apis mellifera,Bidens alba,Bidens alba | Apis mellifera,Open Grassy,Open Human Disturbed,High human modification,,Apoidea
Turkey Tangle Frogfruit,Lamiales,Verbenaceae,Phyla,nodiflora,Orange-spotted Flower Moth,Lepidoptera,Crambidae,Syngamia,florella,,Markham,Syngamia florella,Phyla nodiflora,Phyla nodiflora | Syngamia florella,Open Grassy,Open Human Disturbed,High human modification,NA,NA
Turkey Tangle Frogfruit,Lamiales,Verbenaceae,Phyla,nodiflora,Barred Yellow,Lepidoptera,Pieridae,Eurema,daira,,Markham,Eurema daira,Phyla nodiflora,Phyla nodiflora | Eurema daira,Open Grassy,Open Human Disturbed,High human modification,NA,NA
Shrubby False Buttonweed,Gentianales,Rubiaceae,Spermacoce,verticillata,Barred Yellow,Lepidoptera,Pieridae,Eurema,daira,,Markham,Eurema daira,Spermacoce verticillata,Spermacoce verticillata | Eurema daira,Open Grassy,Open Human Disturbed,High human modification,NA,NA
Sidebeak Pencilflower,Fabales,Fabaceae,Stylosanthes,biflora,Phaon Crescent ,Lepidoptera,Nymphalidae,Phyciodes,phaon,,Markham,Phyciodes phaon,Stylosanthes biflora,Stylosanthes biflora | Phyciodes phaon,Open Grassy,Open Human Disturbed,High human modification,NA,NA
Turkey Tangle Frogfruit,Lamiales,Verbenaceae,Phyla,nodiflora,Barred Yellow,Lepidoptera,Pieridae,Eurema,daira,,Markham,Eurema daira,Phyla nodiflora,Phyla nodiflora | Eurema daira,Open Grassy,Open Human Disturbed,High human modification,NA,NA
Turkey Tangle Frogfruit,Lamiales,Verbenaceae,Phyla,nodiflora,Western Honey Bee,Hymenoptera,Apidae,Apis,mellifera,,Markham,Apis mellifera,Phyla nodiflora,Phyla nodiflora | Apis mellifera,Open Grassy,Open Human Disturbed,High human modification,,Apoidea
Sidebeak Pencilflower,Fabales,Fabaceae,Stylosanthes,biflora,Barred Yellow,Lepidoptera,Pieridae,Eurema,daira,,Markham,Eurema daira,Stylosanthes biflora,Stylosanthes biflora | Eurema daira,Open Grassy,Open Human Disturbed,High human modification,NA,NA
Shrubby False Buttonweed,Gentianales,Rubiaceae,Spermacoce,verticillata,Western Honey Bee,Hymenoptera,Apidae,Apis,mellifera,,Markham,Apis mellifera,Spermacoce verticillata,Spermacoce verticillata | Apis mellifera,Open Grassy,Open Human Disturbed,High human modification,,Apoidea
Shrubby False Buttonweed,Gentianales,Rubiaceae,Spermacoce,verticillata,Phaon Crescent ,Lepidoptera,Nymphalidae,Phyciodes,phaon,,Markham,Phyciodes phaon,Spermacoce verticillata,Spermacoce verticillata | Phyciodes phaon,Open Grassy,Open Human Disturbed,High human modification,NA,NA
Shrubby False Buttonweed,Gentianales,Rubiaceae,Spermacoce,verticillata,White Peacock,Lepidoptera,Nymphalidae,Anartia,jatrophae,,Markham,Anartia jatrophae,Spermacoce verticillata,Spermacoce verticillata | Anartia jatrophae,Open Grassy,Open Human Disturbed,High human modification,NA,NA
White Beggarticks,Asterales,Rubiaceae,Bidens,alba,Poey's Furrow Bee ,Hymenoptera,Halictidae,Halictus,poeyi,,CB Smith,Halictus poeyi,Bidens alba,Bidens alba | Halictus poeyi,Open Grassy,Open Human Disturbed,High human modification,,Apoidea
White Beggarticks,Asterales,Rubiaceae,Bidens,alba,Western Honey Bee,Hymenoptera,Apidae,Apis,mellifera,,CB Smith,Apis mellifera,Bidens alba,Bidens alba | Apis mellifera,Open Grassy,Open Human Disturbed,High human modification,,Apoidea
Largeflower Mexican Clover,Gentianales,Rubiaceae,Richardia,grandiflora,Fiery Skipper,Lepidoptera,Hesperiidae,Hylephila,phyleus,https://www.inaturalist.org/observations/288817225,CB Smith,Hylephila phyleus,Richardia grandiflora,Richardia grandiflora | Hylephila phyleus,Open Grassy,Open Human Disturbed,High human modification,NA,NA
White Beggarticks,Asterales,Rubiaceae,Bidens,alba,Dainty Sulphur,Lepidoptera,Pieridae,Nathalis,iole,,CB Smith,Nathalis iole,Bidens alba,Bidens alba | Nathalis iole,Open Grassy,Open Human Disturbed,High human modification,NA,NA
Shrubby False Buttonweed,Gentianales,Rubiaceae,Spermacoce,verticillata,Western Honey Bee,Hymenoptera,Apidae,Apis,mellifera,,CB Smith,Apis mellifera,Spermacoce verticillata,Spermacoce verticillata | Apis mellifera,Open Grassy,Open Human Disturbed,High human modification,,Apoidea
White Beggarticks,Asterales,Rubiaceae,Bidens,alba,Chrysanthrax cypris,Diptera,Bombyliidae,Chrysanthrax,cypris,,CB Smith,Chrysanthrax cypris,Bidens alba,Bidens alba | Chrysanthrax cypris,Open Grassy,Open Human Disturbed,High human modification,NA,NA
White Beggarticks,Asterales,Rubiaceae,Bidens,alba,Dainty Sulphur,Lepidoptera,Pieridae,Nathalis,iole,,CB Smith,Nathalis iole,Bidens alba,Bidens alba | Nathalis iole,Open Grassy,Open Human Disturbed,High human modification,NA,NA
White Beggarticks,Asterales,Rubiaceae,Bidens,alba,Phaon Crescent ,Lepidoptera,Nymphalidae,Phyciodes,phaon,,CB Smith,Phyciodes phaon,Bidens alba,Bidens alba | Phyciodes phaon,Open Grassy,Open Human Disturbed,High human modification,NA,NA
Turkey Tangle Frogfruit,Lamiales,Verbenaceae,Phyla,nodiflora,Chrysanthrax cypris,Diptera,Bombyliidae,Chrysanthrax,cypris,,CB Smith,Chrysanthrax cypris,Phyla nodiflora,Phyla nodiflora | Chrysanthrax cypris,Open Grassy,Open Human Disturbed,High human modification,NA,NA
Largeflower Mexican Clover,Gentianales,Rubiaceae,Richardia,grandiflora,Coffee-loving Pyrausta Moth,Lepidoptera,Crambidae,Pyrausta,tyralis,,CB Smith,Pyrausta tyralis,Richardia grandiflora,Richardia grandiflora | Pyrausta tyralis,Open Grassy,Open Human Disturbed,High human modification,NA,NA
White Beggarticks,Asterales,Rubiaceae,Bidens,alba,Western Honey Bee,Hymenoptera,Apidae,Apis,mellifera,,CB Smith,Apis mellifera,Bidens alba,Bidens alba | Apis mellifera,Open Grassy,Open Human Disturbed,High human modification,,Apoidea
White Beggarticks,Asterales,Rubiaceae,Bidens,alba,Poey's Furrow Bee ,Hymenoptera,Halictidae,Halictus,poeyi,,CB Smith,Halictus poeyi,Bidens alba,Bidens alba | Halictus poeyi,Open Grassy,Open Human Disturbed,High human modification,,Apoidea
White Beggarticks,Asterales,Rubiaceae,Bidens,alba,Coffee-loving Pyrausta Moth,Lepidoptera,Crambidae,Pyrausta,tyralis,,CB Smith,Pyrausta tyralis,Bidens alba,Bidens alba | Pyrausta tyralis,Open Grassy,Open Human Disturbed,High human modification,NA,NA
Erect Pricklypear,Caryophyllales,Cactaceae,Opuntia,dillenii,Brown-winged Striped Sweat Bee,Hymenoptera,Halictidae,Agapostemon,splendens,https://www.inaturalist.org/observations/288299491,Highlands Scrub,Agapostemon splendens,Opuntia dillenii,Opuntia dillenii | Agapostemon splendens,Disturbed Edge,Open Human Disturbed,Low human modification,,Apoidea
Trailing Daisy,Asterales,Asteraceae,Sphagneticola,trilobata,Gulf Fritillary,Lepidoptera,Nymphalidae,Dione ,vanillae,,Highlands Scrub,Dione  vanillae,Sphagneticola trilobata,Sphagneticola trilobata | Dione  vanillae,Disturbed Edge,Open Human Disturbed,Low human modification,NA,NA
Erect Pricklypear,Caryophyllales,Cactaceae,Opuntia,dillenii,Western Honey Bee,Hymenoptera,Apidae,Apis,mellifera,,Highlands Scrub,Apis mellifera,Opuntia dillenii,Opuntia dillenii | Apis mellifera,Disturbed Edge,Open Human Disturbed,Low human modification,,Apoidea
Largeflower Mexican Clover,Gentianales,Rubiaceae,Richardia,grandiflora,Hoary Leafcutter Bee,Hymenoptera,Megachilidae,Megachile,pruina,https://www.inaturalist.org/observations/288299490,Highlands Scrub,Megachile pruina,Richardia grandiflora,Richardia grandiflora | Megachile pruina,Sand Pine Scrub,Scrub,Low human modification,,Apoidea
Largeflower Mexican Clover,Gentianales,Rubiaceae,Richardia,grandiflora,Western Honey Bee,Hymenoptera,Apidae,Apis,mellifera,,Highlands Scrub,Apis mellifera,Richardia grandiflora,Richardia grandiflora | Apis mellifera,Sand Pine Scrub,Scrub,Low human modification,,Apoidea
White Beggarticks,Asterales,Rubiaceae,Bidens,alba,Mallow Scrub-Hairstreak,Lepidoptera,Lycaenidae,Strymon,istapa,,Military Trail,Strymon istapa,Bidens alba,Bidens alba | Strymon istapa,Scrubby Flatwoods,Scrub,Low human modification,NA,NA
White Beggarticks,Asterales,Rubiaceae,Bidens,alba,Western Honey Bee,Hymenoptera,Apidae,Apis,mellifera,,Military Trail,Apis mellifera,Bidens alba,Bidens alba | Apis mellifera,Scrubby Flatwoods,Scrub,Low human modification,,Apoidea
Turkey Tangle Frogfruit,Lamiales,Verbenaceae,Phyla,nodiflora,Western Honey Bee,Hymenoptera,Apidae,Apis,mellifera,,Vista View,Apis mellifera,Phyla nodiflora,Phyla nodiflora | Apis mellifera,Open Grassy,Open Human Disturbed,High human modification,,Apoidea
Royal Palm,Arecales,Arecaceae,Roystonea,regia,Western Honey Bee,Hymenoptera,Apidae,Apis,mellifera,,Vista View,Apis mellifera,Roystonea regia,Roystonea regia | Apis mellifera,Open Grassy,Open Human Disturbed,High human modification,,Apoidea
Turkey Tangle Frogfruit,Lamiales,Verbenaceae,Phyla,nodiflora,Stained-glass Moth,Lepidoptera,Crambidae,Samea,castellalis,,Vista View,Samea castellalis,Phyla nodiflora,Phyla nodiflora | Samea castellalis,Open Grassy,Open Human Disturbed,High human modification,NA,NA
Royal Palm,Arecales,Arecaceae,Roystonea,regia,Brown-winged Striped Sweat Bee,Hymenoptera,Halictidae,Agapostemon,splendens,https://www.inaturalist.org/observations/290238513,Vista View,Agapostemon splendens,Roystonea regia,Roystonea regia | Agapostemon splendens,Open Grassy,Open Human Disturbed,High human modification,,Apoidea
Turkey Tangle Frogfruit,Lamiales,Verbenaceae,Phyla,nodiflora,Western Honey Bee,Hymenoptera,Apidae,Apis,mellifera,,Vista View,Apis mellifera,Phyla nodiflora,Phyla nodiflora | Apis mellifera,Open Grassy,Open Human Disturbed,High human modification,,Apoidea
Turkey Tangle Frogfruit,Lamiales,Verbenaceae,Phyla,nodiflora,Florida Small Carpenter ,Hymenoptera,Apidae,Ceratina,floridana,https://www.inaturalist.org/observations/290238531,Vista View,Ceratina floridana,Phyla nodiflora,Phyla nodiflora | Ceratina floridana,Open Grassy,Open Human Disturbed,High human modification,,Apoidea
Turkey Tangle Frogfruit,Lamiales,Verbenaceae,Phyla,nodiflora,Western Honey Bee,Hymenoptera,Apidae,Apis,mellifera,,Vista View,Apis mellifera,Phyla nodiflora,Phyla nodiflora | Apis mellifera,Open Grassy,Open Human Disturbed,High human modification,,Apoidea
Turkey Tangle Frogfruit,Lamiales,Verbenaceae,Phyla,nodiflora,Orange-spotted Flower Moth,Lepidoptera,Crambidae,Syngamia,florella,,Vista View,Syngamia florella,Phyla nodiflora,Phyla nodiflora | Syngamia florella,Open Grassy,Open Human Disturbed,High human modification,NA,NA
Turkey Tangle Frogfruit,Lamiales,Verbenaceae,Phyla,nodiflora,Wine-tinted Oenobotys Moth,Lepidoptera,Crambidae,Oenobotys,vinotinctalis,https://www.inaturalist.org/observations/290141594,Vista View,Oenobotys vinotinctalis,Phyla nodiflora,Phyla nodiflora | Oenobotys vinotinctalis,Open Grassy,Open Human Disturbed,High human modification,NA,NA
Shrubby False Buttonweed,Gentianales,Rubiaceae,Spermacoce,verticillata,Orange-spotted Flower Moth,Lepidoptera,Crambidae,Syngamia,florella,,Vista View,Syngamia florella,Spermacoce verticillata,Spermacoce verticillata | Syngamia florella,Open Grassy,Open Human Disturbed,High human modification,NA,NA
White Beggarticks,Asterales,Rubiaceae,Bidens,alba,Poey's Furrow Bee ,Hymenoptera,Halictidae,Halictus,poeyi,,Vista View,Halictus poeyi,Bidens alba,Bidens alba | Halictus poeyi,Open Grassy,Open Human Disturbed,High human modification,,Apoidea
Turkey Tangle Frogfruit,Lamiales,Verbenaceae,Phyla,nodiflora,Pure Green Sweat Bee,Hymenoptera,Halictidae,Augochlora,pura,https://www.inaturalist.org/observations/290238544,Vista View,Augochlora pura,Phyla nodiflora,Phyla nodiflora | Augochlora pura,Open Grassy,Open Human Disturbed,High human modification,,Apoidea
Largeflower Mexican Clover,Gentianales,Rubiaceae,Richardia,grandiflora,Dainty Sulphur,Lepidoptera,Pieridae,Nathalis,iole,,Vista View,Nathalis iole,Richardia grandiflora,Richardia grandiflora | Nathalis iole,Open Grassy,Open Human Disturbed,High human modification,NA,NA
Creeping Beggarweed,Fabales,Fabaceae,Desmodium,incanum,Poey's Furrow Bee ,Hymenoptera,Halictidae,Halictus,poeyi,,Vista View,Halictus poeyi,Desmodium incanum,Desmodium incanum | Halictus poeyi,Open Grassy,Open Human Disturbed,High human modification,,Apoidea
Shrubby False Buttonweed,Gentianales,Rubiaceae,Spermacoce,verticillata,Poey's Furrow Bee ,Hymenoptera,Halictidae,Halictus,poeyi,,Vista View,Halictus poeyi,Spermacoce verticillata,Spermacoce verticillata | Halictus poeyi,Open Grassy,Open Human Disturbed,High human modification,,Apoidea
Turkey Tangle Frogfruit,Lamiales,Verbenaceae,Phyla,nodiflora,Chrysanthrax cypris,Diptera,Bombyliidae,Chrysanthrax,cypris,,Vista View,Chrysanthrax cypris,Phyla nodiflora,Phyla nodiflora | Chrysanthrax cypris,Open Grassy,Open Human Disturbed,High human modification,NA,NA
Turkey Tangle Frogfruit,Lamiales,Verbenaceae,Phyla,nodiflora,Chrysanthrax cypris,Diptera,Bombyliidae,Chrysanthrax,cypris,,Long Key,Chrysanthrax cypris,Phyla nodiflora,Phyla nodiflora | Chrysanthrax cypris,Disturbed Edge,Open Human Disturbed,Low human modification,NA,NA
Shrubby False Buttonweed,Gentianales,Rubiaceae,Spermacoce,verticillata,Chrysanthrax cypris,Diptera,Bombyliidae,Chrysanthrax,cypris,,Quiet Waters,Chrysanthrax cypris,Spermacoce verticillata,Spermacoce verticillata | Chrysanthrax cypris,Pine Flatwoods,Flatwoods,High human modification,NA,NA
Turkey Tangle Frogfruit,Lamiales,Verbenaceae,Phyla,nodiflora,Western Honey Bee,Hymenoptera,Apidae,Apis,mellifera,,Quiet Waters,Apis mellifera,Phyla nodiflora,Phyla nodiflora | Apis mellifera,Open Grassy,Open Human Disturbed,High human modification,,Apoidea
Turkey Tangle Frogfruit,Lamiales,Verbenaceae,Phyla,nodiflora,Chrysanthrax cypris,Diptera,Bombyliidae,Chrysanthrax,cypris,,Quiet Waters,Chrysanthrax cypris,Phyla nodiflora,Phyla nodiflora | Chrysanthrax cypris,Open Grassy,Open Human Disturbed,High human modification,NA,NA
White Beggarticks,Asterales,Rubiaceae,Bidens,alba,Poey's Furrow Bee ,Hymenoptera,Halictidae,Halictus,poeyi,,Quiet Waters,Halictus poeyi,Bidens alba,Bidens alba | Halictus poeyi,Open Grassy,Open Human Disturbed,High human modification,,Apoidea
White Beggarticks,Asterales,Rubiaceae,Bidens,alba,Dainty Sulphur,Lepidoptera,Pieridae,Nathalis,iole,,Quiet Waters,Nathalis iole,Bidens alba,Bidens alba | Nathalis iole,Open Grassy,Open Human Disturbed,High human modification,NA,NA
Turkey Tangle Frogfruit,Lamiales,Verbenaceae,Phyla,nodiflora,Coffee-loving Pyrausta Moth,Lepidoptera,Crambidae,Pyrausta,tyralis,,Quiet Waters,Pyrausta tyralis,Phyla nodiflora,Phyla nodiflora | Pyrausta tyralis,Open Grassy,Open Human Disturbed,High human modification,NA,NA
Turkey Tangle Frogfruit,Lamiales,Verbenaceae,Phyla,nodiflora,Dainty Sulphur,Lepidoptera,Pieridae,Nathalis,iole,,Quiet Waters,Nathalis iole,Phyla nodiflora,Phyla nodiflora | Nathalis iole,Open Grassy,Open Human Disturbed,High human modification,NA,NA
White Beggarticks,Asterales,Rubiaceae,Bidens,alba,Fiery Skipper,Lepidoptera,Hesperiidae,Hylephila,phyleus,,Quiet Waters,Hylephila phyleus,Bidens alba,Bidens alba | Hylephila phyleus,Open Grassy,Open Human Disturbed,High human modification,NA,NA
Turkey Tangle Frogfruit,Lamiales,Verbenaceae,Phyla,nodiflora,Barred Yellow,Lepidoptera,Pieridae,Eurema,daira,,Quiet Waters,Eurema daira,Phyla nodiflora,Phyla nodiflora | Eurema daira,Open Grassy,Open Human Disturbed,High human modification,NA,NA
Shrubby False Buttonweed,Gentianales,Rubiaceae,Spermacoce,verticillata,Mallow Scrub-Hairstreak,Lepidoptera,Lycaenidae,Strymon,istapa,,Quiet Waters,Strymon istapa,Spermacoce verticillata,Spermacoce verticillata | Strymon istapa,Open Grassy,Open Human Disturbed,High human modification,NA,NA
Turkey Tangle Frogfruit,Lamiales,Verbenaceae,Phyla,nodiflora,Fiery Skipper,Lepidoptera,Hesperiidae,Hylephila,phyleus,,Quiet Waters,Hylephila phyleus,Phyla nodiflora,Phyla nodiflora | Hylephila phyleus,Open Grassy,Open Human Disturbed,High human modification,NA,NA
Caribbean Stylo,Fabales,Fabaceae,Stylosanthes,hamata,Dainty Sulphur,Lepidoptera,Pieridae,Nathalis,iole,,Quiet Waters,Nathalis iole,Stylosanthes hamata,Stylosanthes hamata | Nathalis iole,Open Grassy,Open Human Disturbed,High human modification,NA,NA
Turkey Tangle Frogfruit,Lamiales,Verbenaceae,Phyla,nodiflora,Eufala Skipper,Lepidoptera,Hesperiidae,Lerodea,eufala,https://www.inaturalist.org/observations/292976134,Quiet Waters,Lerodea eufala,Phyla nodiflora,Phyla nodiflora | Lerodea eufala,Open Grassy,Open Human Disturbed,High human modification,NA,NA
White Beggarticks,Asterales,Rubiaceae,Bidens,alba,Eufala Skipper,Lepidoptera,Hesperiidae,Lerodea,eufala,,Quiet Waters,Lerodea eufala,Bidens alba,Bidens alba | Lerodea eufala,Open Grassy,Open Human Disturbed,High human modification,NA,NA
Turkey Tangle Frogfruit,Lamiales,Verbenaceae,Phyla,nodiflora,Orange-spotted Flower Moth,Lepidoptera,Crambidae,Syngamia,florella,,Quiet Waters,Syngamia florella,Phyla nodiflora,Phyla nodiflora | Syngamia florella,Open Grassy,Open Human Disturbed,High human modification,NA,NA
Turkey Tangle Frogfruit,Lamiales,Verbenaceae,Phyla,nodiflora,Cassius Blue,Lepidoptera,Lycaenidae,Leptotes,cassius,,Quiet Waters,Leptotes cassius,Phyla nodiflora,Phyla nodiflora | Leptotes cassius,Open Grassy,Open Human Disturbed,High human modification,NA,NA
White Beggarticks,Asterales,Rubiaceae,Bidens,alba,Horace's Duskywing,Lepidoptera,Hesperiidae,Erynnis,horatius,,Quiet Waters,Erynnis horatius,Bidens alba,Bidens alba | Erynnis horatius,Open Grassy,Open Human Disturbed,High human modification,NA,NA
Turkey Tangle Frogfruit,Lamiales,Verbenaceae,Phyla,nodiflora,Horace's Duskywing,Lepidoptera,Hesperiidae,Erynnis,horatius,,Quiet Waters,Erynnis horatius,Phyla nodiflora,Phyla nodiflora | Erynnis horatius,Open Grassy,Open Human Disturbed,High human modification,NA,NA
Largeflower Mexican Clover,Gentianales,Rubiaceae,Richardia,grandiflora,Barred Yellow,Lepidoptera,Pieridae,Eurema,daira,,Quiet Waters,Eurema daira,Richardia grandiflora,Richardia grandiflora | Eurema daira,Open Grassy,Open Human Disturbed,High human modification,NA,NA
White Beggarticks,Asterales,Rubiaceae,Bidens,alba,Barred Yellow,Lepidoptera,Pieridae,Eurema,daira,,Quiet Waters,Eurema daira,Bidens alba,Bidens alba | Eurema daira,Open Grassy,Open Human Disturbed,High human modification,NA,NA
Largeflower Mexican Clover,Gentianales,Rubiaceae,Richardia,grandiflora,Chrysanthrax cypris,Diptera,Bombyliidae,Chrysanthrax,cypris,,Quiet Waters,Chrysanthrax cypris,Richardia grandiflora,Richardia grandiflora | Chrysanthrax cypris,Open Grassy,Open Human Disturbed,High human modification,NA,NA
Turkey Tangle Frogfruit,Lamiales,Verbenaceae,Phyla,nodiflora,Poey's Furrow Bee ,Hymenoptera,Halictidae,Halictus,poeyi,,Quiet Waters,Halictus poeyi,Phyla nodiflora,Phyla nodiflora | Halictus poeyi,Open Grassy,Open Human Disturbed,High human modification,,Apoidea
White Beggarticks,Asterales,Rubiaceae,Bidens,alba,Coffee-loving Pyrausta Moth,Lepidoptera,Crambidae,Pyrausta,tyralis,,Quiet Waters,Pyrausta tyralis,Bidens alba,Bidens alba | Pyrausta tyralis,Open Grassy,Open Human Disturbed,High human modification,NA,NA
Largeflower Mexican Clover,Gentianales,Rubiaceae,Richardia,grandiflora,Eufala Skipper,Lepidoptera,Hesperiidae,Lerodea,eufala,,Quiet Waters,Lerodea eufala,Richardia grandiflora,Richardia grandiflora | Lerodea eufala,Open Grassy,Open Human Disturbed,High human modification,NA,NA
Turkey Tangle Frogfruit,Lamiales,Verbenaceae,Phyla,nodiflora,Horace's Duskywing,Lepidoptera,Hesperiidae,Erynnis,horatius,https://www.inaturalist.org/observations/294834925,Vista View,Erynnis horatius,Phyla nodiflora,Phyla nodiflora | Erynnis horatius,Open Grassy,Open Human Disturbed,High human modification,NA,NA
Turkey Tangle Frogfruit,Lamiales,Verbenaceae,Phyla,nodiflora,Stained-glass Moth,Lepidoptera,Crambidae,Samea,castellalis,https://www.inaturalist.org/observations/294834928,Vista View,Samea castellalis,Phyla nodiflora,Phyla nodiflora | Samea castellalis,Open Grassy,Open Human Disturbed,High human modification,NA,NA
Turkey Tangle Frogfruit,Lamiales,Verbenaceae,Phyla,nodiflora,Western Honey Bee,Hymenoptera,Apidae,Apis,mellifera,,Vista View,Apis mellifera,Phyla nodiflora,Phyla nodiflora | Apis mellifera,Open Grassy,Open Human Disturbed,High human modification,,Apoidea
Shrubby False Buttonweed,Gentianales,Rubiaceae,Spermacoce,verticillata,Barred Yellow,Lepidoptera,Pieridae,Eurema,daira,,Vista View,Eurema daira,Spermacoce verticillata,Spermacoce verticillata | Eurema daira,Open Grassy,Open Human Disturbed,High human modification,NA,NA
Turkey Tangle Frogfruit,Lamiales,Verbenaceae,Phyla,nodiflora,Orange-spotted Flower Moth,Lepidoptera,Crambidae,Syngamia,florella,,Vista View,Syngamia florella,Phyla nodiflora,Phyla nodiflora | Syngamia florella,Open Grassy,Open Human Disturbed,High human modification,NA,NA
Turkey Tangle Frogfruit,Lamiales,Verbenaceae,Phyla,nodiflora,Poey's Furrow Bee ,Hymenoptera,Halictidae,Halictus,poeyi,,Vista View,Halictus poeyi,Phyla nodiflora,Phyla nodiflora | Halictus poeyi,Open Grassy,Open Human Disturbed,High human modification,,Apoidea
White Beggarticks,Asterales,Rubiaceae,Bidens,alba,Ceraunus Blue,Lepidoptera,Lycaenidae,Hemiargus,ceraunus,,Vista View,Hemiargus ceraunus,Bidens alba,Bidens alba | Hemiargus ceraunus,Open Grassy,Open Human Disturbed,High human modification,NA,NA
Largeflower Mexican Clover,Gentianales,Rubiaceae,Richardia,grandiflora,Coffee-loving Pyrausta Moth,Lepidoptera,Crambidae,Pyrausta,tyralis,,Vista View,Pyrausta tyralis,Richardia grandiflora,Richardia grandiflora | Pyrausta tyralis,Open Grassy,Open Human Disturbed,High human modification,NA,NA
Largeflower Mexican Clover,Gentianales,Rubiaceae,Richardia,grandiflora,Poey's Furrow Bee ,Hymenoptera,Halictidae,Halictus,poeyi,,Vista View,Halictus poeyi,Richardia grandiflora,Richardia grandiflora | Halictus poeyi,Open Grassy,Open Human Disturbed,High human modification,,Apoidea
White Beggarticks,Asterales,Rubiaceae,Bidens,alba,Poey's Furrow Bee ,Hymenoptera,Halictidae,Halictus,poeyi,,Vista View,Halictus poeyi,Bidens alba,Bidens alba | Halictus poeyi,Open Grassy,Open Human Disturbed,High human modification,,Apoidea
Big Caltrop,Zygophyllales,Zygophyllaceae,Kallstroemia,maxima,White Peacock,Lepidoptera,Nymphalidae,Anartia,jatrophae,,CB Smith,Anartia jatrophae,Kallstroemia maxima,Kallstroemia maxima | Anartia jatrophae,Open Grassy,Open Human Disturbed,High human modification,NA,NA
Trailing Daisy,Asterales,Asteraceae,Sphagneticola,trilobata,White Peacock,Lepidoptera,Nymphalidae,Anartia,jatrophae,,CB Smith,Anartia jatrophae,Sphagneticola trilobata,Sphagneticola trilobata | Anartia jatrophae,Open Grassy,Open Human Disturbed,High human modification,NA,NA
Turkey Tangle Frogfruit,Lamiales,Verbenaceae,Phyla,nodiflora,Western Honey Bee,Hymenoptera,Apidae,Apis,mellifera,,Quiet Waters,Apis mellifera,Phyla nodiflora,Phyla nodiflora | Apis mellifera,Open Grassy,Open Human Disturbed,High human modification,,Apoidea
Turkey Tangle Frogfruit,Lamiales,Verbenaceae,Phyla,nodiflora,Orange-spotted Flower Moth,Lepidoptera,Crambidae,Syngamia,florella,,Quiet Waters,Syngamia florella,Phyla nodiflora,Phyla nodiflora | Syngamia florella,Open Grassy,Open Human Disturbed,High human modification,NA,NA
Turkey Tangle Frogfruit,Lamiales,Verbenaceae,Phyla,nodiflora,Chrysanthrax cypris,Diptera,Bombyliidae,Chrysanthrax,cypris,,Quiet Waters,Chrysanthrax cypris,Phyla nodiflora,Phyla nodiflora | Chrysanthrax cypris,Open Grassy,Open Human Disturbed,High human modification,NA,NA
Largeflower Mexican Clover,Gentianales,Rubiaceae,Richardia,grandiflora,Orange-spotted Flower Moth,Lepidoptera,Crambidae,Syngamia,florella,,Quiet Waters,Syngamia florella,Richardia grandiflora,Richardia grandiflora | Syngamia florella,Open Grassy,Open Human Disturbed,High human modification,NA,NA
Turkey Tangle Frogfruit,Lamiales,Verbenaceae,Phyla,nodiflora,Poey's Furrow Bee ,Hymenoptera,Halictidae,Halictus,poeyi,,Quiet Waters,Halictus poeyi,Phyla nodiflora,Phyla nodiflora | Halictus poeyi,Open Grassy,Open Human Disturbed,High human modification,,Apoidea
Shrubby False Buttonweed,Gentianales,Rubiaceae,Spermacoce,verticillata,Stained-glass Moth,Lepidoptera,Crambidae,Samea,castellalis,https://www.inaturalist.org/observations/296360798,Quiet Waters,Samea castellalis,Spermacoce verticillata,Spermacoce verticillata | Samea castellalis,Open Grassy,Open Human Disturbed,High human modification,NA,NA
Largeflower Mexican Clover,Gentianales,Rubiaceae,Richardia,grandiflora,Chrysanthrax cypris,Diptera,Bombyliidae,Chrysanthrax,cypris,,Quiet Waters,Chrysanthrax cypris,Richardia grandiflora,Richardia grandiflora | Chrysanthrax cypris,Open Grassy,Open Human Disturbed,High human modification,NA,NA
Shrubby False Buttonweed,Gentianales,Rubiaceae,Spermacoce,verticillata,Brown-winged Striped Sweat Bee,Hymenoptera,Halictidae,Agapostemon,splendens,https://www.inaturalist.org/observations/296005304,Quiet Waters,Agapostemon splendens,Spermacoce verticillata,Spermacoce verticillata | Agapostemon splendens,Open Grassy,Open Human Disturbed,High human modification,,Apoidea
Largeflower Mexican Clover,Gentianales,Rubiaceae,Richardia,grandiflora,Brown-winged Striped Sweat Bee,Hymenoptera,Halictidae,Agapostemon,splendens,,Quiet Waters,Agapostemon splendens,Richardia grandiflora,Richardia grandiflora | Agapostemon splendens,Open Grassy,Open Human Disturbed,High human modification,,Apoidea
Turkey Tangle Frogfruit,Lamiales,Verbenaceae,Phyla,nodiflora,Brown-winged Striped Sweat Bee,Hymenoptera,Halictidae,Agapostemon,splendens,,Quiet Waters,Agapostemon splendens,Phyla nodiflora,Phyla nodiflora | Agapostemon splendens,Open Grassy,Open Human Disturbed,High human modification,,Apoidea
Caribbean Stylo,Fabales,Fabaceae,Stylosanthes,hamata,Brown-winged Striped Sweat Bee,Hymenoptera,Halictidae,Agapostemon,splendens,,Quiet Waters,Agapostemon splendens,Stylosanthes hamata,Stylosanthes hamata | Agapostemon splendens,Open Grassy,Open Human Disturbed,High human modification,,Apoidea
Shrubby False Buttonweed,Gentianales,Rubiaceae,Spermacoce,verticillata,Ceraunus Blue,Lepidoptera,Lycaenidae,Hemiargus,ceraunus,,Quiet Waters,Hemiargus ceraunus,Spermacoce verticillata,Spermacoce verticillata | Hemiargus ceraunus,Open Grassy,Open Human Disturbed,High human modification,NA,NA
Largeflower Mexican Clover,Gentianales,Rubiaceae,Richardia,grandiflora,Poey's Furrow Bee ,Hymenoptera,Halictidae,Halictus,poeyi,,Quiet Waters,Halictus poeyi,Richardia grandiflora,Richardia grandiflora | Halictus poeyi,Open Grassy,Open Human Disturbed,High human modification,,Apoidea
Trailing Daisy,Asterales,Asteraceae,Sphagneticola,trilobata,Poey's Furrow Bee ,Hymenoptera,Halictidae,Halictus,poeyi,,Quiet Waters,Halictus poeyi,Sphagneticola trilobata,Sphagneticola trilobata | Halictus poeyi,Open Grassy,Open Human Disturbed,High human modification,,Apoidea
Turkey Tangle Frogfruit,Lamiales,Verbenaceae,Phyla,nodiflora,Chrysanthrax cypris,Diptera,Bombyliidae,Chrysanthrax,cypris,,Quiet Waters,Chrysanthrax cypris,Phyla nodiflora,Phyla nodiflora | Chrysanthrax cypris,Open Grassy,Open Human Disturbed,High human modification,NA,NA
Shrubby False Buttonweed,Gentianales,Rubiaceae,Spermacoce,verticillata,Stained-glass Moth,Lepidoptera,Crambidae,Samea,castellalis,,Quiet Waters,Samea castellalis,Spermacoce verticillata,Spermacoce verticillata | Samea castellalis,Open Grassy,Open Human Disturbed,High human modification,NA,NA
Shrubby False Buttonweed,Gentianales,Rubiaceae,Spermacoce,verticillata,Orange-spotted Flower Moth,Lepidoptera,Crambidae,Syngamia,florella,,Quiet Waters,Syngamia florella,Spermacoce verticillata,Spermacoce verticillata | Syngamia florella,Open Grassy,Open Human Disturbed,High human modification,NA,NA
Largeflower Mexican Clover,Gentianales,Rubiaceae,Richardia,grandiflora,Western Honey Bee,Hymenoptera,Apidae,Apis,mellifera,,Quiet Waters,Apis mellifera,Richardia grandiflora,Richardia grandiflora | Apis mellifera,Open Grassy,Open Human Disturbed,High human modification,,Apoidea
Turkey Tangle Frogfruit,Lamiales,Verbenaceae,Phyla,nodiflora,Western Honey Bee,Hymenoptera,Apidae,Apis,mellifera,,Quiet Waters,Apis mellifera,Phyla nodiflora,Phyla nodiflora | Apis mellifera,Open Grassy,Open Human Disturbed,High human modification,,Apoidea
Turkey Tangle Frogfruit,Lamiales,Verbenaceae,Phyla,nodiflora,Orange-spotted Flower Moth,Lepidoptera,Crambidae,Syngamia,florella,,Quiet Waters,Syngamia florella,Phyla nodiflora,Phyla nodiflora | Syngamia florella,Open Grassy,Open Human Disturbed,High human modification,NA,NA
Turkey Tangle Frogfruit,Lamiales,Verbenaceae,Phyla,nodiflora,Chrysanthrax cypris,Diptera,Bombyliidae,Chrysanthrax,cypris,,Quiet Waters,Chrysanthrax cypris,Phyla nodiflora,Phyla nodiflora | Chrysanthrax cypris,Open Grassy,Open Human Disturbed,High human modification,NA,NA
Turkey Tangle Frogfruit,Lamiales,Verbenaceae,Phyla,nodiflora,Poey's Furrow Bee ,Hymenoptera,Halictidae,Halictus,poeyi,,Quiet Waters,Halictus poeyi,Phyla nodiflora,Phyla nodiflora | Halictus poeyi,Open Grassy,Open Human Disturbed,High human modification,,Apoidea
Shrubby False Buttonweed,Gentianales,Rubiaceae,Spermacoce,verticillata,Western Honey Bee,Hymenoptera,Apidae,Apis,mellifera,,Quiet Waters,Apis mellifera,Spermacoce verticillata,Spermacoce verticillata | Apis mellifera,Open Grassy,Open Human Disturbed,High human modification,,Apoidea
Turkey Tangle Frogfruit,Lamiales,Verbenaceae,Phyla,nodiflora,White Peacock,Lepidoptera,Nymphalidae,Anartia,jatrophae,,Quiet Waters,Anartia jatrophae,Phyla nodiflora,Phyla nodiflora | Anartia jatrophae,Open Grassy,Open Human Disturbed,High human modification,NA,NA
Shrubby False Buttonweed,Gentianales,Rubiaceae,Spermacoce,verticillata,Poey's Furrow Bee ,Hymenoptera,Halictidae,Halictus,poeyi,,Quiet Waters,Halictus poeyi,Spermacoce verticillata,Spermacoce verticillata | Halictus poeyi,Open Grassy,Open Human Disturbed,High human modification,,Apoidea
Shrubby False Buttonweed,Gentianales,Rubiaceae,Spermacoce,verticillata,Chrysanthrax cypris,Diptera,Bombyliidae,Chrysanthrax,cypris,,Quiet Waters,Chrysanthrax cypris,Spermacoce verticillata,Spermacoce verticillata | Chrysanthrax cypris,Open Grassy,Open Human Disturbed,High human modification,NA,NA
Turkey Tangle Frogfruit,Lamiales,Verbenaceae,Phyla,nodiflora,Fulvous Hairstreak,Lepidoptera,Lycaenidae,Electrostrymon,angelia,,Quiet Waters,Electrostrymon angelia,Phyla nodiflora,Phyla nodiflora | Electrostrymon angelia,Open Grassy,Open Human Disturbed,High human modification,NA,NA
Turkey Tangle Frogfruit,Lamiales,Verbenaceae,Phyla,nodiflora,Tropical Checkered-Skipper,Lepidoptera,Hesperiidae,Burnsius,oileus,,Quiet Waters,Burnsius oileus,Phyla nodiflora,Phyla nodiflora | Burnsius oileus,Open Grassy,Open Human Disturbed,High human modification,NA,NA
Shrubby False Buttonweed,Gentianales,Rubiaceae,Spermacoce,verticillata,Dainty Sulphur,Lepidoptera,Pieridae,Nathalis,iole,,Quiet Waters,Nathalis iole,Spermacoce verticillata,Spermacoce verticillata | Nathalis iole,Open Grassy,Open Human Disturbed,High human modification,NA,NA
Largeflower Mexican Clover,Gentianales,Rubiaceae,Richardia,grandiflora,Dorantes Longtail,Lepidoptera,Hesperiidae,Cecropterus,dorantes,,Quiet Waters,Cecropterus dorantes,Richardia grandiflora,Richardia grandiflora | Cecropterus dorantes,Open Grassy,Open Human Disturbed,High human modification,NA,NA
White Beggarticks,Asterales,Rubiaceae,Bidens,alba,Dorantes Longtail,Lepidoptera,Hesperiidae,Cecropterus,dorantes,,Quiet Waters,Cecropterus dorantes,Bidens alba,Bidens alba | Cecropterus dorantes,Open Grassy,Open Human Disturbed,High human modification,NA,NA
Turkey Tangle Frogfruit,Lamiales,Verbenaceae,Phyla,nodiflora,Dainty Sulphur,Lepidoptera,Pieridae,Nathalis,iole,,Quiet Waters,Nathalis iole,Phyla nodiflora,Phyla nodiflora | Nathalis iole,Open Grassy,Open Human Disturbed,High human modification,NA,NA
Shrubby False Buttonweed,Gentianales,Rubiaceae,Spermacoce,verticillata,Western Honey Bee,Hymenoptera,Apidae,Apis,mellifera,,Military Trail,Apis mellifera,Spermacoce verticillata,Spermacoce verticillata | Apis mellifera,Disturbed Edge,Open Human Disturbed,Low human modification,,Apoidea
Creeping Cucumber,Cucurbitales,Cucurbitaceae,Melothria,pendula,Zebra Longwing,Lepidoptera,Nymphalidae,Heliconius,charithonia,,Military Trail,Heliconius charithonia,Melothria pendula,Melothria pendula | Heliconius charithonia,Sand Pine Scrub,Scrub,Low human modification,NA,NA
Narrowleaf Silkgrass,Asterales,Asteraceae,Pityopsis,graminifolia,Poey's Furrow Bee ,Hymenoptera,Halictidae,Halictus,poeyi,,Highlands Scrub,Halictus poeyi,Pityopsis graminifolia,Pityopsis graminifolia | Halictus poeyi,Sand Pine Scrub,Scrub,Low human modification,,Apoidea
Largeflower Mexican Clover,Gentianales,Rubiaceae,Richardia,grandiflora,Dainty Sulphur,Lepidoptera,Pieridae,Nathalis,iole,,Highlands Scrub,Nathalis iole,Richardia grandiflora,Richardia grandiflora | Nathalis iole,Sand Pine Scrub,Scrub,Low human modification,NA,NA
Shrubby False Buttonweed,Gentianales,Rubiaceae,Spermacoce,verticillata,Chrysanthrax cypris,Diptera,Bombyliidae,Chrysanthrax,cypris,,Highlands Scrub,Chrysanthrax cypris,Spermacoce verticillata,Spermacoce verticillata | Chrysanthrax cypris,Sand Pine Scrub,Scrub,Low human modification,NA,NA
White Beggarticks,Asterales,Rubiaceae,Bidens,alba,Chrysanthrax cypris,Diptera,Bombyliidae,Chrysanthrax,cypris,,Highlands Scrub,Chrysanthrax cypris,Bidens alba,Bidens alba | Chrysanthrax cypris,Sand Pine Scrub,Scrub,Low human modification,NA,NA
Shrubby False Buttonweed,Gentianales,Rubiaceae,Spermacoce,verticillata,Western Honey Bee,Hymenoptera,Apidae,Apis,mellifera,,Highlands Scrub,Apis mellifera,Spermacoce verticillata,Spermacoce verticillata | Apis mellifera,Sand Pine Scrub,Scrub,Low human modification,,Apoidea
Shrubby False Buttonweed,Gentianales,Rubiaceae,Spermacoce,verticillata,Manee's Nomia,Hymenoptera,Halictidae,Nomia,maneei,https://www.inaturalist.org/observations/296360810,Highlands Scrub,Nomia maneei,Spermacoce verticillata,Spermacoce verticillata | Nomia maneei,Sand Pine Scrub,Scrub,Low human modification,,Apoidea
Trailing Daisy,Asterales,Asteraceae,Sphagneticola,trilobata,Gulf Fritillary,Lepidoptera,Nymphalidae,Dione ,vanillae,,Highlands Scrub,Dione  vanillae,Sphagneticola trilobata,Sphagneticola trilobata | Dione  vanillae,Sand Pine Scrub,Scrub,Low human modification,NA,NA
Shrubby False Buttonweed,Gentianales,Rubiaceae,Spermacoce,verticillata,Cassius Blue,Lepidoptera,Lycaenidae,Leptotes,cassius,,Highlands Scrub,Leptotes cassius,Spermacoce verticillata,Spermacoce verticillata | Leptotes cassius,Sand Pine Scrub,Scrub,Low human modification,NA,NA
Shrubby False Buttonweed,Gentianales,Rubiaceae,Spermacoce,verticillata,Chrysanthrax cypris,Diptera,Bombyliidae,Chrysanthrax,cypris,,Highlands Scrub,Chrysanthrax cypris,Spermacoce verticillata,Spermacoce verticillata | Chrysanthrax cypris,Sand Pine Scrub,Scrub,Low human modification,NA,NA
Shrubby False Buttonweed,Gentianales,Rubiaceae,Spermacoce,verticillata,Western Honey Bee,Hymenoptera,Apidae,Apis,mellifera,,Markham,Apis mellifera,Spermacoce verticillata,Spermacoce verticillata | Apis mellifera,Open Grassy,Open Human Disturbed,High human modification,,Apoidea
Shrubby False Buttonweed,Gentianales,Rubiaceae,Spermacoce,verticillata,Orange-spotted Flower Moth,Lepidoptera,Crambidae,Syngamia,florella,,Markham,Syngamia florella,Spermacoce verticillata,Spermacoce verticillata | Syngamia florella,Open Grassy,Open Human Disturbed,High human modification,NA,NA
Turkey Tangle Frogfruit,Lamiales,Verbenaceae,Phyla,nodiflora,Western Honey Bee,Hymenoptera,Apidae,Apis,mellifera,,Markham,Apis mellifera,Phyla nodiflora,Phyla nodiflora | Apis mellifera,Open Grassy,Open Human Disturbed,High human modification,,Apoidea
Turkey Tangle Frogfruit,Lamiales,Verbenaceae,Phyla,nodiflora,Stained-glass Moth,Lepidoptera,Crambidae,Samea,castellalis,,Markham,Samea castellalis,Phyla nodiflora,Phyla nodiflora | Samea castellalis,Open Grassy,Open Human Disturbed,High human modification,NA,NA
Turkey Tangle Frogfruit,Lamiales,Verbenaceae,Phyla,nodiflora,Orange-spotted Flower Moth,Lepidoptera,Crambidae,Syngamia,florella,,Markham,Syngamia florella,Phyla nodiflora,Phyla nodiflora | Syngamia florella,Open Grassy,Open Human Disturbed,High human modification,NA,NA
Turkey Tangle Frogfruit,Lamiales,Verbenaceae,Phyla,nodiflora,Ceraunus Blue,Lepidoptera,Lycaenidae,Hemiargus,ceraunus,,Markham,Hemiargus ceraunus,Phyla nodiflora,Phyla nodiflora | Hemiargus ceraunus,Open Grassy,Open Human Disturbed,High human modification,NA,NA
Largeflower Mexican Clover,Gentianales,Rubiaceae,Richardia,grandiflora,Common Buckeye,Lepidoptera,ymphalidae,Junonia,coenia,,Markham,Junonia coenia,Richardia grandiflora,Richardia grandiflora | Junonia coenia,Open Grassy,Open Human Disturbed,High human modification,NA,NA
Turkey Tangle Frogfruit,Lamiales,Verbenaceae,Phyla,nodiflora,Barred Yellow,Lepidoptera,Pieridae,Eurema,daira,,Markham,Eurema daira,Phyla nodiflora,Phyla nodiflora | Eurema daira,Open Grassy,Open Human Disturbed,High human modification,NA,NA
Shrubby False Buttonweed,Gentianales,Rubiaceae,Spermacoce,verticillata,Barred Yellow,Lepidoptera,Pieridae,Eurema,daira,,Markham,Eurema daira,Spermacoce verticillata,Spermacoce verticillata | Eurema daira,Open Grassy,Open Human Disturbed,High human modification,NA,NA
Shrubby False Buttonweed,Gentianales,Rubiaceae,Spermacoce,verticillata,Common Buckeye,Lepidoptera,ymphalidae,Junonia,coenia,,Markham,Junonia coenia,Spermacoce verticillata,Spermacoce verticillata | Junonia coenia,Open Grassy,Open Human Disturbed,High human modification,NA,NA
Turkey Tangle Frogfruit,Lamiales,Verbenaceae,Phyla,nodiflora,Orange-spotted Flower Moth,Lepidoptera,Crambidae,Syngamia,florella,,Markham,Syngamia florella,Phyla nodiflora,Phyla nodiflora | Syngamia florella,Open Grassy,Open Human Disturbed,High human modification,NA,NA
Shrubby False Buttonweed,Gentianales,Rubiaceae,Spermacoce,verticillata,Orange-spotted Flower Moth,Lepidoptera,Crambidae,Syngamia,florella,,Markham,Syngamia florella,Spermacoce verticillata,Spermacoce verticillata | Syngamia florella,Open Grassy,Open Human Disturbed,High human modification,NA,NA
Largeflower Mexican Clover,Gentianales,Rubiaceae,Richardia,grandiflora,Orange-spotted Flower Moth,Lepidoptera,Crambidae,Syngamia,florella,,Markham,Syngamia florella,Richardia grandiflora,Richardia grandiflora | Syngamia florella,Open Grassy,Open Human Disturbed,High human modification,NA,NA
Shrubby False Buttonweed,Gentianales,Rubiaceae,Spermacoce,verticillata,Ceraunus Blue,Lepidoptera,Lycaenidae,Hemiargus,ceraunus,,Markham,Hemiargus ceraunus,Spermacoce verticillata,Spermacoce verticillata | Hemiargus ceraunus,Open Grassy,Open Human Disturbed,High human modification,NA,NA
Turkey Tangle Frogfruit,Lamiales,Verbenaceae,Phyla,nodiflora,Phaon Crescent ,Lepidoptera,Nymphalidae,Phyciodes,phaon,,Markham,Phyciodes phaon,Phyla nodiflora,Phyla nodiflora | Phyciodes phaon,Open Grassy,Open Human Disturbed,High human modification,NA,NA
Showy Milkwort,Fabales,Polygalaceae,Asemeia,grandiflora,Phaon Crescent ,Lepidoptera,Nymphalidae,Phyciodes,phaon,,Markham,Phyciodes phaon,Asemeia grandiflora,Asemeia grandiflora | Phyciodes phaon,Open Grassy,Open Human Disturbed,High human modification,NA,NA
Turkey Tangle Frogfruit,Lamiales,Verbenaceae,Phyla,nodiflora,Exposed Bird Dropping Moth,Lepidoptera,Noctuidae,Tarache,aprica,,Markham,Tarache aprica,Phyla nodiflora,Phyla nodiflora | Tarache aprica,Open Grassy,Open Human Disturbed,High human modification,NA,NA
Turkey Tangle Frogfruit,Lamiales,Verbenaceae,Phyla,nodiflora,Western Honey Bee,Hymenoptera,Apidae,Apis,mellifera,,Quiet Waters,Apis mellifera,Phyla nodiflora,Phyla nodiflora | Apis mellifera,Open Grassy,Open Human Disturbed,High human modification,,Apoidea
Largeflower Mexican Clover,Gentianales,Rubiaceae,Richardia,grandiflora,Ceraunus Blue,Lepidoptera,Lycaenidae,Hemiargus,ceraunus,,Quiet Waters,Hemiargus ceraunus,Richardia grandiflora,Richardia grandiflora | Hemiargus ceraunus,Open Grassy,Open Human Disturbed,High human modification,NA,NA
Turkey Tangle Frogfruit,Lamiales,Verbenaceae,Phyla,nodiflora,Ceraunus Blue,Lepidoptera,Lycaenidae,Hemiargus,ceraunus,,Quiet Waters,Hemiargus ceraunus,Phyla nodiflora,Phyla nodiflora | Hemiargus ceraunus,Open Grassy,Open Human Disturbed,High human modification,NA,NA
Creeping Indigo,Fabales,Fabaceae,Indigofera,spicata,Ceraunus Blue,Lepidoptera,Lycaenidae,Hemiargus,ceraunus,,Quiet Waters,Hemiargus ceraunus,Indigofera spicata,Indigofera spicata | Hemiargus ceraunus,Open Grassy,Open Human Disturbed,High human modification,NA,NA
Turkey Tangle Frogfruit,Lamiales,Verbenaceae,Phyla,nodiflora,Orange-spotted Flower Moth,Lepidoptera,Crambidae,Syngamia,florella,,Quiet Waters,Syngamia florella,Phyla nodiflora,Phyla nodiflora | Syngamia florella,Open Grassy,Open Human Disturbed,High human modification,NA,NA
Turkey Tangle Frogfruit,Lamiales,Verbenaceae,Phyla,nodiflora,Fiery Skipper,Lepidoptera,Hesperiidae,Hylephila,phyleus,,Quiet Waters,Hylephila phyleus,Phyla nodiflora,Phyla nodiflora | Hylephila phyleus,Open Grassy,Open Human Disturbed,High human modification,NA,NA
Turkey Tangle Frogfruit,Lamiales,Verbenaceae,Phyla,nodiflora,Poecilanthrax lucifer,Diptera,Bombyliidae,Poecilanthrax,lucifer ,,Quiet Waters,Poecilanthrax lucifer ,Phyla nodiflora,Phyla nodiflora | Poecilanthrax lucifer ,Open Grassy,Open Human Disturbed,High human modification,NA,NA
Turkey Tangle Frogfruit,Lamiales,Verbenaceae,Phyla,nodiflora,Complex Lasioglossum gemmatum,Hymenoptera,Halictidae,Lasioglossum,gemmatum,https://www.inaturalist.org/observations/307184810,Quiet Waters,Lasioglossum gemmatum,Phyla nodiflora,Phyla nodiflora | Lasioglossum gemmatum,Open Grassy,Open Human Disturbed,High human modification,,Apoidea
Turkey Tangle Frogfruit,Lamiales,Verbenaceae,Phyla,nodiflora,Barred Yellow,Lepidoptera,Pieridae,Eurema,daira,,Quiet Waters,Eurema daira,Phyla nodiflora,Phyla nodiflora | Eurema daira,Open Grassy,Open Human Disturbed,High human modification,NA,NA
Common Fanpetals,Malvales,Malvaceae,Sida,ulmifolia,Barred Yellow,Lepidoptera,Pieridae,Eurema,daira,,Quiet Waters,Eurema daira,Sida ulmifolia,Sida ulmifolia | Eurema daira,Open Grassy,Open Human Disturbed,High human modification,NA,NA
Turkey Tangle Frogfruit,Lamiales,Verbenaceae,Phyla,nodiflora,Poecilanthrax lucifer,Diptera,Bombyliidae,Poecilanthrax,lucifer ,,Quiet Waters,Poecilanthrax lucifer ,Phyla nodiflora,Phyla nodiflora | Poecilanthrax lucifer ,Open Grassy,Open Human Disturbed,High human modification,NA,NA
Turkey Tangle Frogfruit,Lamiales,Verbenaceae,Phyla,nodiflora,Ceraunus Blue,Lepidoptera,Lycaenidae,Hemiargus,ceraunus,,Quiet Waters,Hemiargus ceraunus,Phyla nodiflora,Phyla nodiflora | Hemiargus ceraunus,Open Grassy,Open Human Disturbed,High human modification,NA,NA
Caribbean Stylo,Fabales,Fabaceae,Stylosanthes,hamata,Barred Yellow,Lepidoptera,Pieridae,Eurema,daira,,Quiet Waters,Eurema daira,Stylosanthes hamata,Stylosanthes hamata | Eurema daira,Open Grassy,Open Human Disturbed,High human modification,NA,NA
Turkey Tangle Frogfruit,Lamiales,Verbenaceae,Phyla,nodiflora,Coffee-loving Pyrausta Moth,Lepidoptera,Crambidae,Pyrausta,tyralis,,Quiet Waters,Pyrausta tyralis,Phyla nodiflora,Phyla nodiflora | Pyrausta tyralis,Open Grassy,Open Human Disturbed,High human modification,NA,NA
Largeflower Mexican Clover,Gentianales,Rubiaceae,Richardia,grandiflora,Western Honey Bee,Hymenoptera,Apidae,Apis,mellifera,,Quiet Waters,Apis mellifera,Richardia grandiflora,Richardia grandiflora | Apis mellifera,Open Grassy,Open Human Disturbed,High human modification,,Apoidea
Largeflower Mexican Clover,Gentianales,Rubiaceae,Richardia,grandiflora,Barred Yellow,Lepidoptera,Pieridae,Eurema,daira,,Quiet Waters,Eurema daira,Richardia grandiflora,Richardia grandiflora | Eurema daira,Open Grassy,Open Human Disturbed,High human modification,NA,NA
Turkey Tangle Frogfruit,Lamiales,Verbenaceae,Phyla,nodiflora,Western Honey Bee,Hymenoptera,Apidae,Apis,mellifera,,Quiet Waters,Apis mellifera,Phyla nodiflora,Phyla nodiflora | Apis mellifera,Open Grassy,Open Human Disturbed,High human modification,,Apoidea
Turkey Tangle Frogfruit,Lamiales,Verbenaceae,Phyla,nodiflora,Mallow Scrub-Hairstreak,Lepidoptera,Lycaenidae,Strymon,istapa,,Quiet Waters,Strymon istapa,Phyla nodiflora,Phyla nodiflora | Strymon istapa,Open Grassy,Open Human Disturbed,High human modification,NA,NA
Turkey Tangle Frogfruit,Lamiales,Verbenaceae,Phyla,nodiflora,Chrysanthrax cypris,Diptera,Bombyliidae,Chrysanthrax,cypris,,Quiet Waters,Chrysanthrax cypris,Phyla nodiflora,Phyla nodiflora | Chrysanthrax cypris,Open Grassy,Open Human Disturbed,High human modification,NA,NA
Turkey Tangle Frogfruit,Lamiales,Verbenaceae,Phyla,nodiflora,Poey's Furrow Bee ,Hymenoptera,Halictidae,Halictus,poeyi,,Quiet Waters,Halictus poeyi,Phyla nodiflora,Phyla nodiflora | Halictus poeyi,Open Grassy,Open Human Disturbed,High human modification,,Apoidea
Creeping Indigo,Fabales,Fabaceae,Indigofera,spicata,Ceraunus Blue,Lepidoptera,Lycaenidae,Hemiargus,ceraunus,,Quiet Waters,Hemiargus ceraunus,Indigofera spicata,Indigofera spicata | Hemiargus ceraunus,Open Grassy,Open Human Disturbed,High human modification,NA,NA
Largeflower Mexican Clover,Gentianales,Rubiaceae,Richardia,grandiflora,Complex Lasioglossum gemmatum,Hymenoptera,Halictidae,Lasioglossum,gemmatum,https://www.inaturalist.org/observations/307184847,Quiet Waters,Lasioglossum gemmatum,Richardia grandiflora,Richardia grandiflora | Lasioglossum gemmatum,Open Grassy,Open Human Disturbed,High human modification,,Apoidea
Common Fanpetals,Malvales,Malvaceae,Sida,ulmifolia,Complex Lasioglossum gemmatum,Hymenoptera,Halictidae,Lasioglossum,gemmatum,https://www.inaturalist.org/observations/307184847,Quiet Waters,Lasioglossum gemmatum,Sida ulmifolia,Sida ulmifolia | Lasioglossum gemmatum,Open Grassy,Open Human Disturbed,High human modification,,Apoidea
Turkey Tangle Frogfruit,Lamiales,Verbenaceae,Phyla,nodiflora,Complex Lasioglossum gemmatum,Hymenoptera,Halictidae,Lasioglossum,gemmatum,https://www.inaturalist.org/observations/307184847,Quiet Waters,Lasioglossum gemmatum,Phyla nodiflora,Phyla nodiflora | Lasioglossum gemmatum,Open Grassy,Open Human Disturbed,High human modification,,Apoidea
Largeflower Mexican Clover,Gentianales,Rubiaceae,Richardia,grandiflora,Coffee-loving Pyrausta Moth,Lepidoptera,Crambidae,Pyrausta,tyralis,,Quiet Waters,Pyrausta tyralis,Richardia grandiflora,Richardia grandiflora | Pyrausta tyralis,Open Grassy,Open Human Disturbed,High human modification,NA,NA
White Beggarticks,Asterales,Rubiaceae,Bidens,alba,Julia Heliconian,Lepidoptera,Nymphalidae,Dryas,iulia,,Helene Klein,Dryas iulia,Bidens alba,Bidens alba | Dryas iulia,Pine Flatwoods,Flatwoods,Low human modification,NA,NA
White Beggarticks,Asterales,Rubiaceae,Bidens,alba,Western Honey Bee,Hymenoptera,Apidae,Apis,mellifera,,Helene Klein,Apis mellifera,Bidens alba,Bidens alba | Apis mellifera,Pine Flatwoods,Flatwoods,Low human modification,,Apoidea
Firebush ,Gentianales,Rubiaceae,Hamelia,patens,Zebra Longwing,Lepidoptera,Nymphalidae,Heliconius,charithonia,,Helene Klein,Heliconius charithonia,Hamelia patens,Hamelia patens | Heliconius charithonia,Pine Flatwoods,Flatwoods,Low human modification,NA,NA
White Beggarticks,Asterales,Rubiaceae,Bidens,alba,Poey's Furrow Bee ,Hymenoptera,Halictidae,Halictus,poeyi,,Helene Klein,Halictus poeyi,Bidens alba,Bidens alba | Halictus poeyi,Pine Flatwoods,Flatwoods,Low human modification,,Apoidea
White Beggarticks,Asterales,Rubiaceae,Bidens,alba,Chrysanthrax cypris,Diptera,Bombyliidae,Chrysanthrax,cypris,,Helene Klein,Chrysanthrax cypris,Bidens alba,Bidens alba | Chrysanthrax cypris,Pine Flatwoods,Flatwoods,Low human modification,NA,NA
Firebush ,Gentianales,Rubiaceae,Hamelia,patens,Gulf Fritillary,Lepidoptera,Nymphalidae,Dione ,vanillae,,Helene Klein,Dione  vanillae,Hamelia patens,Hamelia patens | Dione  vanillae,Pine Flatwoods,Flatwoods,Low human modification,NA,NA
Turkey Tangle Frogfruit,Lamiales,Verbenaceae,Phyla,nodiflora,Western Honey Bee,Hymenoptera,Apidae,Apis,mellifera,,CB Smith,Apis mellifera,Phyla nodiflora,Phyla nodiflora | Apis mellifera,Open Grassy,Open Human Disturbed,High human modification,,Apoidea
Largeflower Mexican Clover,Gentianales,Rubiaceae,Richardia,grandiflora,Poey's Furrow Bee ,Hymenoptera,Halictidae,Halictus,poeyi,,CB Smith,Halictus poeyi,Richardia grandiflora,Richardia grandiflora | Halictus poeyi,Open Grassy,Open Human Disturbed,High human modification,,Apoidea
Shrubby False Buttonweed,Gentianales,Rubiaceae,Spermacoce,verticillata,Complex Lasioglossum gemmatum,Hymenoptera,Halictidae,Lasioglossum,gemmatum,https://www.inaturalist.org/observations/307184895,CB Smith,Lasioglossum gemmatum,Spermacoce verticillata,Spermacoce verticillata | Lasioglossum gemmatum,Open Grassy,Open Human Disturbed,High human modification,,Apoidea
Largeflower Mexican Clover,Gentianales,Rubiaceae,Richardia,grandiflora,Complex Lasioglossum gemmatum,Hymenoptera,Halictidae,Lasioglossum,gemmatum,https://www.inaturalist.org/observations/307184895,CB Smith,Lasioglossum gemmatum,Richardia grandiflora,Richardia grandiflora | Lasioglossum gemmatum,Open Grassy,Open Human Disturbed,High human modification,,Apoidea
Turkey Tangle Frogfruit,Lamiales,Verbenaceae,Phyla,nodiflora,Chrysanthrax cypris,Diptera,Bombyliidae,Chrysanthrax,cypris,,CB Smith,Chrysanthrax cypris,Phyla nodiflora,Phyla nodiflora | Chrysanthrax cypris,Open Grassy,Open Human Disturbed,High human modification,NA,NA
Turkey Tangle Frogfruit,Lamiales,Verbenaceae,Phyla,nodiflora,Complex Lasioglossum gemmatum,Hymenoptera,Halictidae,Lasioglossum,gemmatum,https://www.inaturalist.org/observations/307184895,CB Smith,Lasioglossum gemmatum,Phyla nodiflora,Phyla nodiflora | Lasioglossum gemmatum,Open Grassy,Open Human Disturbed,High human modification,,Apoidea
Largeflower Mexican Clover,Gentianales,Rubiaceae,Richardia,grandiflora,Florida Small Carpenter ,Hymenoptera,Apidae,Ceratina,floridana,https://www.inaturalist.org/observations/307184898,CB Smith,Ceratina floridana,Richardia grandiflora,Richardia grandiflora | Ceratina floridana,Open Grassy,Open Human Disturbed,High human modification,,Apoidea
Turkey Tangle Frogfruit,Lamiales,Verbenaceae,Phyla,nodiflora,Florida Small Carpenter ,Hymenoptera,Apidae,Ceratina,floridana,https://www.inaturalist.org/observations/307184898,CB Smith,Ceratina floridana,Phyla nodiflora,Phyla nodiflora | Ceratina floridana,Open Grassy,Open Human Disturbed,High human modification,,Apoidea
Turkey Tangle Frogfruit,Lamiales,Verbenaceae,Phyla,nodiflora,Poey's Furrow Bee ,Hymenoptera,Halictidae,Halictus,poeyi,,CB Smith,Halictus poeyi,Phyla nodiflora,Phyla nodiflora | Halictus poeyi,Open Grassy,Open Human Disturbed,High human modification,,Apoidea
Largeflower Mexican Clover,Gentianales,Rubiaceae,Richardia,grandiflora,Fiery Skipper,Lepidoptera,Hesperiidae,Hylephila,phyleus,,CB Smith,Hylephila phyleus,Richardia grandiflora,Richardia grandiflora | Hylephila phyleus,Open Grassy,Open Human Disturbed,High human modification,NA,NA
Turkey Tangle Frogfruit,Lamiales,Verbenaceae,Phyla,nodiflora,Fiery Skipper,Lepidoptera,Hesperiidae,Hylephila,phyleus,,CB Smith,Hylephila phyleus,Phyla nodiflora,Phyla nodiflora | Hylephila phyleus,Open Grassy,Open Human Disturbed,High human modification,NA,NA
Largeflower Mexican Clover,Gentianales,Rubiaceae,Richardia,grandiflora,Western Honey Bee,Hymenoptera,Apidae,Apis,mellifera,,CB Smith,Apis mellifera,Richardia grandiflora,Richardia grandiflora | Apis mellifera,Open Grassy,Open Human Disturbed,High human modification,,Apoidea
Largeflower Mexican Clover,Gentianales,Rubiaceae,Richardia,grandiflora,Poey's Furrow Bee ,Hymenoptera,Halictidae,Halictus,poeyi,,CB Smith,Halictus poeyi,Richardia grandiflora,Richardia grandiflora | Halictus poeyi,Open Grassy,Open Human Disturbed,High human modification,,Apoidea
Largeflower Mexican Clover,Gentianales,Rubiaceae,Richardia,grandiflora,Horace's Duskywing,Lepidoptera,Hesperiidae,Erynnis,horatius,,CB Smith,Erynnis horatius,Richardia grandiflora,Richardia grandiflora | Erynnis horatius,Open Grassy,Open Human Disturbed,High human modification,NA,NA
Shrubby False Buttonweed,Gentianales,Rubiaceae,Spermacoce,verticillata,Chrysanthrax cypris,Diptera,Bombyliidae,Chrysanthrax,cypris,,CB Smith,Chrysanthrax cypris,Spermacoce verticillata,Spermacoce verticillata | Chrysanthrax cypris,Open Grassy,Open Human Disturbed,High human modification,NA,NA
Largeflower Mexican Clover,Gentianales,Rubiaceae,Richardia,grandiflora,Orange-spotted Flower Moth,Lepidoptera,Crambidae,Syngamia,florella,,CB Smith,Syngamia florella,Richardia grandiflora,Richardia grandiflora | Syngamia florella,Open Grassy,Open Human Disturbed,High human modification,NA,NA
Shrubby False Buttonweed,Gentianales,Rubiaceae,Spermacoce,verticillata,Orange-spotted Flower Moth,Lepidoptera,Crambidae,Syngamia,florella,,CB Smith,Syngamia florella,Spermacoce verticillata,Spermacoce verticillata | Syngamia florella,Open Grassy,Open Human Disturbed,High human modification,NA,NA
Turkey Tangle Frogfruit,Lamiales,Verbenaceae,Phyla,nodiflora,Coffee-loving Pyrausta Moth,Lepidoptera,Crambidae,Pyrausta,tyralis,,CB Smith,Pyrausta tyralis,Phyla nodiflora,Phyla nodiflora | Pyrausta tyralis,Open Grassy,Open Human Disturbed,High human modification,NA,NA
Turkey Tangle Frogfruit,Lamiales,Verbenaceae,Phyla,nodiflora,Orange-spotted Flower Moth,Lepidoptera,Crambidae,Syngamia,florella,,CB Smith,Syngamia florella,Phyla nodiflora,Phyla nodiflora | Syngamia florella,Open Grassy,Open Human Disturbed,High human modification,NA,NA
Turkey Tangle Frogfruit,Lamiales,Verbenaceae,Phyla,nodiflora,Complex Lasioglossum gemmatum,Hymenoptera,Halictidae,Lasioglossum,gemmatum,https://www.inaturalist.org/observations/307184895,CB Smith,Lasioglossum gemmatum,Phyla nodiflora,Phyla nodiflora | Lasioglossum gemmatum,Open Grassy,Open Human Disturbed,High human modification,,Apoidea
Turkey Tangle Frogfruit,Lamiales,Verbenaceae,Phyla,nodiflora,White Peacock,Lepidoptera,Nymphalidae,Anartia,jatrophae,,Markham,Anartia jatrophae,Phyla nodiflora,Phyla nodiflora | Anartia jatrophae,Open Grassy,Open Human Disturbed,High human modification,NA,NA
Shrubby False Buttonweed,Gentianales,Rubiaceae,Spermacoce,verticillata,White Peacock,Lepidoptera,Nymphalidae,Anartia,jatrophae,,Markham,Anartia jatrophae,Spermacoce verticillata,Spermacoce verticillata | Anartia jatrophae,Open Grassy,Open Human Disturbed,High human modification,NA,NA
Turkey Tangle Frogfruit,Lamiales,Verbenaceae,Phyla,nodiflora,Phaon Crescent ,Lepidoptera,Nymphalidae,Phyciodes,phaon,,Markham,Phyciodes phaon,Phyla nodiflora,Phyla nodiflora | Phyciodes phaon,Open Grassy,Open Human Disturbed,High human modification,NA,NA
Shrubby False Buttonweed,Gentianales,Rubiaceae,Spermacoce,verticillata,Orange-spotted Flower Moth,Lepidoptera,Crambidae,Syngamia,florella,,Markham,Syngamia florella,Spermacoce verticillata,Spermacoce verticillata | Syngamia florella,Open Grassy,Open Human Disturbed,High human modification,NA,NA
Buttonweed,Gentianales,Rubiaceae,Diodia,virginiana,White Peacock,Lepidoptera,Nymphalidae,Anartia,jatrophae,,Markham,Anartia jatrophae,Diodia virginiana,Diodia virginiana | Anartia jatrophae,Open Grassy,Open Human Disturbed,High human modification,NA,NA
Turkey Tangle Frogfruit,Lamiales,Verbenaceae,Phyla,nodiflora,Orange-spotted Flower Moth,Lepidoptera,Crambidae,Syngamia,florella,,Markham,Syngamia florella,Phyla nodiflora,Phyla nodiflora | Syngamia florella,Open Grassy,Open Human Disturbed,High human modification,NA,NA
Turkey Tangle Frogfruit,Lamiales,Verbenaceae,Phyla,nodiflora,Wine-tinted Oenobotys Moth,Lepidoptera,Crambidae,Oenobotys,vinotinctalis,,Markham,Oenobotys vinotinctalis,Phyla nodiflora,Phyla nodiflora | Oenobotys vinotinctalis,Open Grassy,Open Human Disturbed,High human modification,NA,NA
Turkey Tangle Frogfruit,Lamiales,Verbenaceae,Phyla,nodiflora,Western Honey Bee,Hymenoptera,Apidae,Apis,mellifera,,Markham,Apis mellifera,Phyla nodiflora,Phyla nodiflora | Apis mellifera,Open Grassy,Open Human Disturbed,High human modification,,Apoidea
White Beggarticks,Asterales,Rubiaceae,Bidens,alba,Western Honey Bee,Hymenoptera,Apidae,Apis,mellifera,,Long Key,Apis mellifera,Bidens alba,Bidens alba | Apis mellifera,Open Grassy,Open Human Disturbed,Low human modification,,Apoidea
White Beggarticks,Asterales,Rubiaceae,Bidens,alba,Poey's Furrow Bee ,Hymenoptera,Halictidae,Halictus,poeyi,,Long Key,Halictus poeyi,Bidens alba,Bidens alba | Halictus poeyi,Open Grassy,Open Human Disturbed,Low human modification,,Apoidea
White Beggarticks,Asterales,Rubiaceae,Bidens,alba,Florida Small Carpenter ,Hymenoptera,Apidae,Ceratina,floridana,,Long Key,Ceratina floridana,Bidens alba,Bidens alba | Ceratina floridana,Open Grassy,Open Human Disturbed,Low human modification,,Apoidea
White Beggarticks,Asterales,Rubiaceae,Bidens,alba,Horace's Duskywing,Lepidoptera,Hesperiidae,Erynnis,horatius,,Long Key,Erynnis horatius,Bidens alba,Bidens alba | Erynnis horatius,Open Grassy,Open Human Disturbed,Low human modification,NA,NA
White Beggarticks,Asterales,Rubiaceae,Bidens,alba,Gulf Fritillary,Lepidoptera,Nymphalidae,Dione ,vanillae,,Long Key,Dione  vanillae,Bidens alba,Bidens alba | Dione  vanillae,Open Grassy,Open Human Disturbed,Low human modification,NA,NA
Shrubby False Buttonweed,Gentianales,Rubiaceae,Spermacoce,verticillata,Western Honey Bee,Hymenoptera,Apidae,Apis,mellifera,,Vista View,Apis mellifera,Spermacoce verticillata,Spermacoce verticillata | Apis mellifera,Open Grassy,Open Human Disturbed,High human modification,,Apoidea
Shrubby False Buttonweed,Gentianales,Rubiaceae,Spermacoce,verticillata,Orange-spotted Flower Moth,Lepidoptera,Crambidae,Syngamia,florella,,Vista View,Syngamia florella,Spermacoce verticillata,Spermacoce verticillata | Syngamia florella,Open Grassy,Open Human Disturbed,High human modification,NA,NA
Largeflower Mexican Clover,Gentianales,Rubiaceae,Richardia,grandiflora,Complex Lasioglossum gemmatum,Hymenoptera,Halictidae,Lasioglossum,gemmatum,https://www.inaturalist.org/observations/307375927,Vista View,Lasioglossum gemmatum,Richardia grandiflora,Richardia grandiflora | Lasioglossum gemmatum,Open Grassy,Open Human Disturbed,High human modification,,Apoidea
Largeflower Mexican Clover,Gentianales,Rubiaceae,Richardia,grandiflora,Poey's Furrow Bee ,Hymenoptera,Halictidae,Halictus,poeyi,,Vista View,Halictus poeyi,Richardia grandiflora,Richardia grandiflora | Halictus poeyi,Open Grassy,Open Human Disturbed,High human modification,,Apoidea
Shrubby False Buttonweed,Gentianales,Rubiaceae,Spermacoce,verticillata,Brown-winged Striped Sweat Bee,Hymenoptera,Halictidae,Agapostemon,splendens,https://www.inaturalist.org/observations/307375935,Vista View,Agapostemon splendens,Spermacoce verticillata,Spermacoce verticillata | Agapostemon splendens,Open Grassy,Open Human Disturbed,High human modification,,Apoidea
Asthma Plant,Malpighiales,Euphorbiaceae,Euphorbia,hirta,Orange-spotted Flower Moth,Lepidoptera,Crambidae,Syngamia,florella,,Vista View,Syngamia florella,Euphorbia hirta,Euphorbia hirta | Syngamia florella,Open Grassy,Open Human Disturbed,High human modification,NA,NA
Shrubby False Buttonweed,Gentianales,Rubiaceae,Spermacoce,verticillata,Poey's Furrow Bee ,Hymenoptera,Halictidae,Halictus,poeyi,,Vista View,Halictus poeyi,Spermacoce verticillata,Spermacoce verticillata | Halictus poeyi,Open Grassy,Open Human Disturbed,High human modification,,Apoidea
Largeflower Mexican Clover,Gentianales,Rubiaceae,Richardia,grandiflora,Western Honey Bee,Hymenoptera,Apidae,Apis,mellifera,,Vista View,Apis mellifera,Richardia grandiflora,Richardia grandiflora | Apis mellifera,Open Grassy,Open Human Disturbed,High human modification,,Apoidea
White Beggarticks,Asterales,Rubiaceae,Bidens,alba,Poey's Furrow Bee ,Hymenoptera,Halictidae,Halictus,poeyi,,Vista View,Halictus poeyi,Bidens alba,Bidens alba | Halictus poeyi,Open Grassy,Open Human Disturbed,High human modification,,Apoidea
Shrubby False Buttonweed,Gentianales,Rubiaceae,Spermacoce,verticillata,White Checkered-Skipper,Lepidoptera,Hesperiidae,Burnsius,albezens,,Vista View,Burnsius albezens,Spermacoce verticillata,Spermacoce verticillata | Burnsius albezens,Open Grassy,Open Human Disturbed,High human modification,NA,NA
Largeflower Mexican Clover,Gentianales,Rubiaceae,Richardia,grandiflora,White Checkered-Skipper,Lepidoptera,Hesperiidae,Burnsius,albezens,,Vista View,Burnsius albezens,Richardia grandiflora,Richardia grandiflora | Burnsius albezens,Open Grassy,Open Human Disturbed,High human modification,NA,NA
White Beggarticks,Asterales,Rubiaceae,Bidens,alba,White Checkered-Skipper,Lepidoptera,Hesperiidae,Burnsius,albezens,,Vista View,Burnsius albezens,Bidens alba,Bidens alba | Burnsius albezens,Open Grassy,Open Human Disturbed,High human modification,NA,NA
Hyssop Spurge,Malpighiales,Euphorbiaceae,Euphorbia,hyssopifolia,White Checkered-Skipper,Lepidoptera,Hesperiidae,Burnsius,albezens,,Vista View,Burnsius albezens,Euphorbia hyssopifolia,Euphorbia hyssopifolia | Burnsius albezens,Open Grassy,Open Human Disturbed,High human modification,NA,NA
Largeflower Mexican Clover,Gentianales,Rubiaceae,Richardia,grandiflora,Florida Small Carpenter ,Hymenoptera,Apidae,Ceratina,floridana,https://www.inaturalist.org/observations/307375957,Vista View,Ceratina floridana,Richardia grandiflora,Richardia grandiflora | Ceratina floridana,Open Grassy,Open Human Disturbed,High human modification,,Apoidea
Largeflower Mexican Clover,Gentianales,Rubiaceae,Richardia,grandiflora,Hawaiian Beet Webworm Moth,Lepidoptera,Crambidae,Spoladea,recurvalis,,Vista View,Spoladea recurvalis,Richardia grandiflora,Richardia grandiflora | Spoladea recurvalis,Open Grassy,Open Human Disturbed,High human modification,NA,NA
Turkey Tangle Frogfruit,Lamiales,Verbenaceae,Phyla,nodiflora,Western Honey Bee,Hymenoptera,Apidae,Apis,mellifera,,Vista View,Apis mellifera,Phyla nodiflora,Phyla nodiflora | Apis mellifera,Open Grassy,Open Human Disturbed,High human modification,,Apoidea
Tridax Daisy,Asterales,Asteraceae,Tridax,procumbens,Western Honey Bee,Hymenoptera,Apidae,Apis,mellifera,,Vista View,Apis mellifera,Tridax procumbens,Tridax procumbens | Apis mellifera,Open Grassy,Open Human Disturbed,High human modification,,Apoidea
Tridax Daisy,Asterales,Asteraceae,Tridax,procumbens,Poey's Furrow Bee ,Hymenoptera,Halictidae,Halictus,poeyi,,Vista View,Halictus poeyi,Tridax procumbens,Tridax procumbens | Halictus poeyi,Open Grassy,Open Human Disturbed,High human modification,,Apoidea
Turkey Tangle Frogfruit,Lamiales,Verbenaceae,Phyla,nodiflora,Coffee-loving Pyrausta Moth,Lepidoptera,Crambidae,Pyrausta,tyralis,,Vista View,Pyrausta tyralis,Phyla nodiflora,Phyla nodiflora | Pyrausta tyralis,Open Grassy,Open Human Disturbed,High human modification,NA,NA
White Beggarticks,Asterales,Rubiaceae,Bidens,alba,Western Honey Bee,Hymenoptera,Apidae,Apis,mellifera,,Vista View,Apis mellifera,Bidens alba,Bidens alba | Apis mellifera,Open Grassy,Open Human Disturbed,High human modification,,Apoidea
Turkey Tangle Frogfruit,Lamiales,Verbenaceae,Phyla,nodiflora,Barred Yellow,Lepidoptera,Pieridae,Eurema,daira,,Markham,Eurema daira,Phyla nodiflora,Phyla nodiflora | Eurema daira,Open Grassy,Open Human Disturbed,High human modification,NA,NA
Largeflower Mexican Clover,Gentianales,Rubiaceae,Richardia,grandiflora,Barred Yellow,Lepidoptera,Pieridae,Eurema,daira,,Markham,Eurema daira,Richardia grandiflora,Richardia grandiflora | Eurema daira,Open Grassy,Open Human Disturbed,High human modification,NA,NA
Turkey Tangle Frogfruit,Lamiales,Verbenaceae,Phyla,nodiflora,Orange-spotted Flower Moth,Lepidoptera,Crambidae,Syngamia,florella,,Markham,Syngamia florella,Phyla nodiflora,Phyla nodiflora | Syngamia florella,Open Grassy,Open Human Disturbed,High human modification,NA,NA
Turkey Tangle Frogfruit,Lamiales,Verbenaceae,Phyla,nodiflora,Western Honey Bee,Hymenoptera,Apidae,Apis,mellifera,,Markham,Apis mellifera,Phyla nodiflora,Phyla nodiflora | Apis mellifera,Open Grassy,Open Human Disturbed,High human modification,,Apoidea
White Moneywort,Fabales,Fabaceae,Alysicarpus,vaginalis,Barred Yellow,Lepidoptera,Pieridae,Eurema,daira,,Markham,Eurema daira,Alysicarpus vaginalis,Alysicarpus vaginalis | Eurema daira,Open Grassy,Open Human Disturbed,High human modification,NA,NA
White Beggarticks,Asterales,Rubiaceae,Bidens,alba,Delta Flower Scarab,Coleoptera,Scarabaeidae,Trigonopeltastes,delta,https://www.inaturalist.org/observations/316644211,Markham,Trigonopeltastes delta,Bidens alba,Bidens alba | Trigonopeltastes delta,Open Grassy,Open Human Disturbed,High human modification,Cetoniinae,
Turkey Tangle Frogfruit,Lamiales,Verbenaceae,Phyla,nodiflora,Lasioglossum nymphale,Hymenoptera,Halictidae,Lasioglossum,nymphale,https://www.inaturalist.org/observations/313203796,Markham,Lasioglossum nymphale,Phyla nodiflora,Phyla nodiflora | Lasioglossum nymphale,Open Grassy,Open Human Disturbed,High human modification,,Apoidea
Turkey Tangle Frogfruit,Lamiales,Verbenaceae,Phyla,nodiflora,Phaon Crescent ,Lepidoptera,Nymphalidae,Phyciodes,phaon,,Markham,Phyciodes phaon,Phyla nodiflora,Phyla nodiflora | Phyciodes phaon,Open Grassy,Open Human Disturbed,High human modification,NA,NA
Turkey Tangle Frogfruit,Lamiales,Verbenaceae,Phyla,nodiflora,White Peacock,Lepidoptera,Nymphalidae,Anartia,jatrophae,,Markham,Anartia jatrophae,Phyla nodiflora,Phyla nodiflora | Anartia jatrophae,Open Grassy,Open Human Disturbed,High human modification,NA,NA
Turkey Tangle Frogfruit,Lamiales,Verbenaceae,Phyla,nodiflora,Orange-spotted Flower Moth,Lepidoptera,Crambidae,Syngamia,florella,,Markham,Syngamia florella,Phyla nodiflora,Phyla nodiflora | Syngamia florella,Open Grassy,Open Human Disturbed,High human modification,NA,NA
Turkey Tangle Frogfruit,Lamiales,Verbenaceae,Phyla,nodiflora,Barred Yellow,Lepidoptera,Pieridae,Eurema,daira,,Markham,Eurema daira,Phyla nodiflora,Phyla nodiflora | Eurema daira,Open Grassy,Open Human Disturbed,High human modification,NA,NA
Turkey Tangle Frogfruit,Lamiales,Verbenaceae,Phyla,nodiflora,Pure Green Sweat Bee,Hymenoptera,Halictidae,Augochlora,pura,https://www.inaturalist.org/observations/313203804,Markham,Augochlora pura,Phyla nodiflora,Phyla nodiflora | Augochlora pura,Open Grassy,Open Human Disturbed,High human modification,,Apoidea
White Beggarticks,Asterales,Rubiaceae,Bidens,alba,Western Honey Bee,Hymenoptera,Apidae,Apis,mellifera,,CB Smith,Apis mellifera,Bidens alba,Bidens alba | Apis mellifera,Open Grassy,Open Human Disturbed,High human modification,,Apoidea
White Beggarticks,Asterales,Rubiaceae,Bidens,alba,Mallow Scrub-Hairstreak,Lepidoptera,Lycaenidae,Strymon,istapa,,CB Smith,Strymon istapa,Bidens alba,Bidens alba | Strymon istapa,Open Grassy,Open Human Disturbed,High human modification,NA,NA
Turkey Tangle Frogfruit,Lamiales,Verbenaceae,Phyla,nodiflora,Western Honey Bee,Hymenoptera,Apidae,Apis,mellifera,,CB Smith,Apis mellifera,Phyla nodiflora,Phyla nodiflora | Apis mellifera,Open Grassy,Open Human Disturbed,High human modification,,Apoidea
Turkey Tangle Frogfruit,Lamiales,Verbenaceae,Phyla,nodiflora,Western Honey Bee,Hymenoptera,Apidae,Apis,mellifera,,CB Smith,Apis mellifera,Phyla nodiflora,Phyla nodiflora | Apis mellifera,Open Grassy,Open Human Disturbed,High human modification,,Apoidea
Caesaer Weed,Malvales,Malvaceae,Urena,lobata,Western Honey Bee,Hymenoptera,Apidae,Apis,mellifera,,Helene Klein,Apis mellifera,Urena lobata,Urena lobata | Apis mellifera,Pine Flatwoods,Flatwoods,Low human modification,,Apoidea
White Beggarticks,Asterales,Rubiaceae,Bidens,alba,Western Honey Bee,Hymenoptera,Apidae,Apis,mellifera,,Helene Klein,Apis mellifera,Bidens alba,Bidens alba | Apis mellifera,Pine Flatwoods,Flatwoods,Low human modification,,Apoidea
White Beggarticks,Asterales,Rubiaceae,Bidens,alba,Western Honey Bee,Hymenoptera,Apidae,Apis,mellifera,,Helene Klein,Apis mellifera,Bidens alba,Bidens alba | Apis mellifera,Pine Flatwoods,Flatwoods,Low human modification,,Apoidea
White Beggarticks,Asterales,Rubiaceae,Bidens,alba,Zebra Longwing,Lepidoptera,Nymphalidae,Heliconius,charithonia,,Helene Klein,Heliconius charithonia,Bidens alba,Bidens alba | Heliconius charithonia,Pine Flatwoods,Flatwoods,Low human modification,NA,NA
Largeflower Mexican Clover,Gentianales,Rubiaceae,Richardia,grandiflora,Western Honey Bee,Hymenoptera,Apidae,Apis,mellifera,,Military Trail,Apis mellifera,Richardia grandiflora,Richardia grandiflora | Apis mellifera,Scrubby Flatwoods,Scrub,Low human modification,,Apoidea
Shrubby False Buttonweed,Gentianales,Rubiaceae,Spermacoce,verticillata,Mallow Scrub-Hairstreak,Lepidoptera,Lycaenidae,Strymon,istapa,,Military Trail,Strymon istapa,Spermacoce verticillata,Spermacoce verticillata | Strymon istapa,Scrubby Flatwoods,Scrub,Low human modification,NA,NA
Tropic Croton,Malpighiales,Euphorbiaceae,Croton,glandulosus,Mallow Scrub-Hairstreak,Lepidoptera,Lycaenidae,Strymon,istapa,,Military Trail,Strymon istapa,Croton glandulosus,Croton glandulosus | Strymon istapa,Scrubby Flatwoods,Scrub,Low human modification,NA,NA
Largeflower Mexican Clover,Gentianales,Rubiaceae,Richardia,grandiflora,Brown-winged Striped Sweat Bee,Hymenoptera,Halictidae,Agapostemon,splendens,,Military Trail,Agapostemon splendens,Richardia grandiflora,Richardia grandiflora | Agapostemon splendens,Scrubby Flatwoods,Scrub,Low human modification,,Apoidea
Largeflower Mexican Clover,Gentianales,Rubiaceae,Richardia,grandiflora,Ocola Skipper,Lepidoptera,Hesperiidae,Panoquina,ocola,,Military Trail,Panoquina ocola,Richardia grandiflora,Richardia grandiflora | Panoquina ocola,Scrubby Flatwoods,Scrub,Low human modification,NA,NA
White Beggarticks,Asterales,Rubiaceae,Bidens,alba,Brown-winged Striped Sweat Bee,Hymenoptera,Halictidae,Agapostemon,splendens,,Military Trail,Agapostemon splendens,Bidens alba,Bidens alba | Agapostemon splendens,Scrubby Flatwoods,Scrub,Low human modification,,Apoidea
Tropic Croton,Malpighiales,Euphorbiaceae,Croton,glandulosus,Brown-winged Striped Sweat Bee,Hymenoptera,Halictidae,Agapostemon,splendens,,Military Trail,Agapostemon splendens,Croton glandulosus,Croton glandulosus | Agapostemon splendens,Scrubby Flatwoods,Scrub,Low human modification,,Apoidea
Tridax Daisy,Asterales,Asteraceae,Tridax,procumbens,Brown-winged Striped Sweat Bee,Hymenoptera,Halictidae,Agapostemon,splendens,,Military Trail,Agapostemon splendens,Tridax procumbens,Tridax procumbens | Agapostemon splendens,Scrubby Flatwoods,Scrub,Low human modification,,Apoidea
White Beggarticks,Asterales,Rubiaceae,Bidens,alba,Horace's Duskywing,Lepidoptera,Hesperiidae,Erynnis,horatius,,Military Trail,Erynnis horatius,Bidens alba,Bidens alba | Erynnis horatius,Scrubby Flatwoods,Scrub,Low human modification,NA,NA
Tropic Croton,Malpighiales,Euphorbiaceae,Croton,glandulosus,Petulant Leafcutter Bee,Hymenoptera,Megachilidae,Megachile,petulans,https://www.inaturalist.org/observations/314361691,Military Trail,Megachile petulans,Croton glandulosus,Croton glandulosus | Megachile petulans,Scrubby Flatwoods,Scrub,Low human modification,,Apoidea
White Beggarticks,Asterales,Rubiaceae,Bidens,alba,Ocola Skipper,Lepidoptera,Hesperiidae,Panoquina,ocola,,Military Trail,Panoquina ocola,Bidens alba,Bidens alba | Panoquina ocola,Sand Pine Scrub,Scrub,Low human modification,NA,NA
White Beggarticks,Asterales,Rubiaceae,Bidens,alba,Zebra Longwing,Lepidoptera,Nymphalidae,Heliconius,charithonia,,Military Trail,Heliconius charithonia,Bidens alba,Bidens alba | Heliconius charithonia,Sand Pine Scrub,Scrub,Low human modification,NA,NA
Caesaer Weed,Malvales,Malvaceae,Urena,lobata,Zebra Longwing,Lepidoptera,Nymphalidae,Heliconius,charithonia,,Military Trail,Heliconius charithonia,Urena lobata,Urena lobata | Heliconius charithonia,Sand Pine Scrub,Scrub,Low human modification,NA,NA
Turkey Tangle Frogfruit,Lamiales,Verbenaceae,Phyla,nodiflora,Western Honey Bee,Hymenoptera,Apidae,Apis,mellifera,,Long Key,Apis mellifera,Phyla nodiflora,Phyla nodiflora | Apis mellifera,Open Grassy,Open Human Disturbed,Low human modification,,Apoidea
White Beggarticks,Asterales,Rubiaceae,Bidens,alba,Western Honey Bee,Hymenoptera,Apidae,Apis,mellifera,,Long Key,Apis mellifera,Bidens alba,Bidens alba | Apis mellifera,Open Grassy,Open Human Disturbed,Low human modification,,Apoidea
Turkey Tangle Frogfruit,Lamiales,Verbenaceae,Phyla,nodiflora,Barred Yellow,Lepidoptera,Pieridae,Eurema,daira,,Vista View,Eurema daira,Phyla nodiflora,Phyla nodiflora | Eurema daira,Open Grassy,Open Human Disturbed,High human modification,NA,NA
Trailing Daisy,Asterales,Asteraceae,Sphagneticola,trilobata,Barred Yellow,Lepidoptera,Pieridae,Eurema,daira,,Vista View,Eurema daira,Sphagneticola trilobata,Sphagneticola trilobata | Eurema daira,Open Grassy,Open Human Disturbed,High human modification,NA,NA
Largeflower Mexican Clover,Gentianales,Rubiaceae,Richardia,grandiflora,Barred Yellow,Lepidoptera,Pieridae,Eurema,daira,,Vista View,Eurema daira,Richardia grandiflora,Richardia grandiflora | Eurema daira,Open Grassy,Open Human Disturbed,High human modification,NA,NA
Common Fanpetals,Malvales,Malvaceae,Sida,ulmifolia,Barred Yellow,Lepidoptera,Pieridae,Eurema,daira,,Vista View,Eurema daira,Sida ulmifolia,Sida ulmifolia | Eurema daira,Open Grassy,Open Human Disturbed,High human modification,NA,NA
Cigar Plants and Allies,Myrtales,Lythraceae,Cuphea,,Barred Yellow,Lepidoptera,Pieridae,Eurema,daira,,Vista View,Eurema daira,Genus Cuphea,Genus Cuphea | Eurema daira,Open Grassy,Open Human Disturbed,High human modification,NA,NA
Trailing Daisy,Asterales,Asteraceae,Sphagneticola,trilobata,Poey's Furrow Bee ,Hymenoptera,Halictidae,Halictus,poeyi,,Vista View,Halictus poeyi,Sphagneticola trilobata,Sphagneticola trilobata | Halictus poeyi,Open Grassy,Open Human Disturbed,High human modification,,Apoidea
Largeflower Mexican Clover,Gentianales,Rubiaceae,Richardia,grandiflora,Orange-spotted Flower Moth,Lepidoptera,Crambidae,Syngamia,florella,,Vista View,Syngamia florella,Richardia grandiflora,Richardia grandiflora | Syngamia florella,Open Grassy,Open Human Disturbed,High human modification,NA,NA
Trailing Daisy,Asterales,Asteraceae,Sphagneticola,trilobata,Orange-spotted Flower Moth,Lepidoptera,Crambidae,Syngamia,florella,,Vista View,Syngamia florella,Sphagneticola trilobata,Sphagneticola trilobata | Syngamia florella,Open Grassy,Open Human Disturbed,High human modification,NA,NA
Turkey Tangle Frogfruit,Lamiales,Verbenaceae,Phyla,nodiflora,Orange-spotted Flower Moth,Lepidoptera,Crambidae,Syngamia,florella,,Vista View,Syngamia florella,Phyla nodiflora,Phyla nodiflora | Syngamia florella,Open Grassy,Open Human Disturbed,High human modification,NA,NA
Turkey Tangle Frogfruit,Lamiales,Verbenaceae,Phyla,nodiflora,Fiery Skipper,Lepidoptera,Hesperiidae,Hylephila,phyleus,,Vista View,Hylephila phyleus,Phyla nodiflora,Phyla nodiflora | Hylephila phyleus,Open Grassy,Open Human Disturbed,High human modification,NA,NA
Largeflower Mexican Clover,Gentianales,Rubiaceae,Richardia,grandiflora,Fiery Skipper,Lepidoptera,Hesperiidae,Hylephila,phyleus,,Vista View,Hylephila phyleus,Richardia grandiflora,Richardia grandiflora | Hylephila phyleus,Open Grassy,Open Human Disturbed,High human modification,NA,NA
Turkey Tangle Frogfruit,Lamiales,Verbenaceae,Phyla,nodiflora,Orange-spotted Flower Moth,Lepidoptera,Crambidae,Syngamia,florella,,Vista View,Syngamia florella,Phyla nodiflora,Phyla nodiflora | Syngamia florella,Open Grassy,Open Human Disturbed,High human modification,NA,NA
Shrubby False Buttonweed,Gentianales,Rubiaceae,Spermacoce,verticillata,Orange-spotted Flower Moth,Lepidoptera,Crambidae,Syngamia,florella,,Vista View,Syngamia florella,Spermacoce verticillata,Spermacoce verticillata | Syngamia florella,Open Grassy,Open Human Disturbed,High human modification,NA,NA
Turkey Tangle Frogfruit,Lamiales,Verbenaceae,Phyla,nodiflora,Western Honey Bee,Hymenoptera,Apidae,Apis,mellifera,,Vista View,Apis mellifera,Phyla nodiflora,Phyla nodiflora | Apis mellifera,Open Grassy,Open Human Disturbed,High human modification,,Apoidea
Turkey Tangle Frogfruit,Lamiales,Verbenaceae,Phyla,nodiflora,Tropical Checkered-Skipper,Lepidoptera,Hesperiidae,Burnsius,oileus,https://www.inaturalist.org/observations/317658939,Vista View,Burnsius oileus,Phyla nodiflora,Phyla nodiflora | Burnsius oileus,Open Grassy,Open Human Disturbed,High human modification,NA,NA
Largeflower Mexican Clover,Gentianales,Rubiaceae,Richardia,grandiflora,Orange-spotted Flower Moth,Lepidoptera,Crambidae,Syngamia,florella,,Vista View,Syngamia florella,Richardia grandiflora,Richardia grandiflora | Syngamia florella,Open Grassy,Open Human Disturbed,High human modification,NA,NA
Turkey Tangle Frogfruit,Lamiales,Verbenaceae,Phyla,nodiflora,Chrysanthrax cypris,Diptera,Bombyliidae,Chrysanthrax,cypris,,Vista View,Chrysanthrax cypris,Phyla nodiflora,Phyla nodiflora | Chrysanthrax cypris,Open Grassy,Open Human Disturbed,High human modification,NA,NA
Turkey Tangle Frogfruit,Lamiales,Verbenaceae,Phyla,nodiflora,Poey's Furrow Bee ,Hymenoptera,Halictidae,Halictus,poeyi,,Vista View,Halictus poeyi,Phyla nodiflora,Phyla nodiflora | Halictus poeyi,Open Grassy,Open Human Disturbed,High human modification,,Apoidea
Turkey Tangle Frogfruit,Lamiales,Verbenaceae,Phyla,nodiflora,Phaon Crescent ,Lepidoptera,Nymphalidae,Phyciodes,phaon,,Vista View,Phyciodes phaon,Phyla nodiflora,Phyla nodiflora | Phyciodes phaon,Open Grassy,Open Human Disturbed,High human modification,NA,NA
Largeflower Mexican Clover,Gentianales,Rubiaceae,Richardia,grandiflora,Chrysanthrax cypris,Diptera,Bombyliidae,Chrysanthrax,cypris,,Vista View,Chrysanthrax cypris,Richardia grandiflora,Richardia grandiflora | Chrysanthrax cypris,Open Grassy,Open Human Disturbed,High human modification,NA,NA
Turkey Tangle Frogfruit,Lamiales,Verbenaceae,Phyla,nodiflora,Poecilanthrax lucifer,Diptera,Bombyliidae,Poecilanthrax,lucifer,,Vista View,Poecilanthrax lucifer,Phyla nodiflora,Phyla nodiflora | Poecilanthrax lucifer,Open Grassy,Open Human Disturbed,High human modification,NA,NA
Largeflower Mexican Clover,Gentianales,Rubiaceae,Richardia,grandiflora,White Peacock,Lepidoptera,Nymphalidae,Anartia,jatrophae,,Vista View,Anartia jatrophae,Richardia grandiflora,Richardia grandiflora | Anartia jatrophae,Open Grassy,Open Human Disturbed,High human modification,NA,NA
Turkey Tangle Frogfruit,Lamiales,Verbenaceae,Phyla,nodiflora,Ammophila pictipennis,Hymenoptera,Sphecidae,Ammophila,pictipennis,https://www.inaturalist.org/observations/317658952,Vista View,Ammophila pictipennis,Phyla nodiflora,Phyla nodiflora | Ammophila pictipennis,Open Grassy,Open Human Disturbed,High human modification,,Apoidea
Turkey Tangle Frogfruit,Lamiales,Verbenaceae,Phyla,nodiflora,Barred Yellow,Lepidoptera,Pieridae,Eurema,daira,,Vista View,Eurema daira,Phyla nodiflora,Phyla nodiflora | Eurema daira,Open Grassy,Open Human Disturbed,High human modification,NA,NA
Turkey Tangle Frogfruit,Lamiales,Verbenaceae,Phyla,nodiflora,White Peacock,Lepidoptera,Nymphalidae,Anartia,jatrophae,,Vista View,Anartia jatrophae,Phyla nodiflora,Phyla nodiflora | Anartia jatrophae,Open Grassy,Open Human Disturbed,High human modification,NA,NA
Turkey Tangle Frogfruit,Lamiales,Verbenaceae,Phyla,nodiflora,Western Honey Bee,Hymenoptera,Apidae,Apis,mellifera,,Vista View,Apis mellifera,Phyla nodiflora,Phyla nodiflora | Apis mellifera,Open Grassy,Open Human Disturbed,High human modification,,Apoidea
White Beggarticks,Asterales,Rubiaceae,Bidens,alba,Western Honey Bee,Hymenoptera,Apidae,Apis,mellifera,,Vista View,Apis mellifera,Bidens alba,Bidens alba | Apis mellifera,Open Grassy,Open Human Disturbed,High human modification,,Apoidea
Turkey Tangle Frogfruit,Lamiales,Verbenaceae,Phyla,nodiflora,Phaon Crescent ,Lepidoptera,Nymphalidae,Phyciodes,phaon,,Vista View,Phyciodes phaon,Phyla nodiflora,Phyla nodiflora | Phyciodes phaon,Open Grassy,Open Human Disturbed,High human modification,NA,NA
Turkey Tangle Frogfruit,Lamiales,Verbenaceae,Phyla,nodiflora,Poecilanthrax lucifer,Diptera,Bombyliidae,Poecilanthrax,lucifer,,Vista View,Poecilanthrax lucifer,Phyla nodiflora,Phyla nodiflora | Poecilanthrax lucifer,Open Grassy,Open Human Disturbed,High human modification,NA,NA
Turkey Tangle Frogfruit,Lamiales,Verbenaceae,Phyla,nodiflora,Systoechus solitus,Diptera,Bombyliidae,Systoechus,solitus,https://www.inaturalist.org/observations/317658970,Vista View,Systoechus solitus,Phyla nodiflora,Phyla nodiflora | Systoechus solitus,Open Grassy,Open Human Disturbed,High human modification,NA,NA
White Beggarticks,Asterales,Rubiaceae,Bidens,alba,Dorantes Longtail,Lepidoptera,Hesperiidae,Cecropterus,dorantes,,Vista View,Cecropterus dorantes,Bidens alba,Bidens alba | Cecropterus dorantes,Open Grassy,Open Human Disturbed,High human modification,NA,NA
Turkey Tangle Frogfruit,Lamiales,Verbenaceae,Phyla,nodiflora,Fiery Skipper,Lepidoptera,Hesperiidae,Hylephila,phyleus,,Vista View,Hylephila phyleus,Phyla nodiflora,Phyla nodiflora | Hylephila phyleus,Open Grassy,Open Human Disturbed,High human modification,NA,NA
White Beggarticks,Asterales,Rubiaceae,Bidens,alba,Fiery Skipper,Lepidoptera,Hesperiidae,Hylephila,phyleus,,Vista View,Hylephila phyleus,Bidens alba,Bidens alba | Hylephila phyleus,Open Grassy,Open Human Disturbed,High human modification,NA,NA
White Beggarticks,Asterales,Rubiaceae,Bidens,alba,White Peacock,Lepidoptera,Nymphalidae,Anartia,jatrophae,,Vista View,Anartia jatrophae,Bidens alba,Bidens alba | Anartia jatrophae,Open Grassy,Open Human Disturbed,High human modification,NA,NA
Turkey Tangle Frogfruit,Lamiales,Verbenaceae,Phyla,nodiflora,Orange-spotted Flower Moth,Lepidoptera,Crambidae,Syngamia,florella,,Vista View,Syngamia florella,Phyla nodiflora,Phyla nodiflora | Syngamia florella,Open Grassy,Open Human Disturbed,High human modification,NA,NA
White Beggarticks,Asterales,Rubiaceae,Bidens,alba,Poey's Furrow Bee ,Hymenoptera,Halictidae,Halictus,poeyi,,Vista View,Halictus poeyi,Bidens alba,Bidens alba | Halictus poeyi,Open Grassy,Open Human Disturbed,High human modification,,Apoidea
Shrubby False Buttonweed,Gentianales,Rubiaceae,Spermacoce,verticillata,Orange-spotted Flower Moth,Lepidoptera,Crambidae,Syngamia,florella,,Vista View,Syngamia florella,Spermacoce verticillata,Spermacoce verticillata | Syngamia florella,Open Grassy,Open Human Disturbed,High human modification,NA,NA
White Beggarticks,Asterales,Rubiaceae,Bidens,alba,Orange-spotted Flower Moth,Lepidoptera,Crambidae,Syngamia,florella,,Vista View,Syngamia florella,Bidens alba,Bidens alba | Syngamia florella,Open Grassy,Open Human Disturbed,High human modification,NA,NA
Turkey Tangle Frogfruit,Lamiales,Verbenaceae,Phyla,nodiflora,Coffee-loving Pyrausta Moth,Lepidoptera,Crambidae,Pyrausta,tyralis,,Vista View,Pyrausta tyralis,Phyla nodiflora,Phyla nodiflora | Pyrausta tyralis,Open Grassy,Open Human Disturbed,High human modification,NA,NA
White Beggarticks,Asterales,Rubiaceae,Bidens,alba,Phaon Crescent ,Lepidoptera,Nymphalidae,Phyciodes,phaon,,Vista View,Phyciodes phaon,Bidens alba,Bidens alba | Phyciodes phaon,Open Grassy,Open Human Disturbed,High human modification,NA,NA
White Beggarticks,Asterales,Rubiaceae,Bidens,alba,Barred Yellow,Lepidoptera,Pieridae,Eurema,daira,,Vista View,Eurema daira,Bidens alba,Bidens alba | Eurema daira,Open Grassy,Open Human Disturbed,High human modification,NA,NA
Flannel Weed,Malvales,Malvaceae,Sida,cordifolia,Gulf Fritillary,Lepidoptera,Nymphalidae,Dione ,vanillae,,Highlands Scrub,Dione  vanillae,Sida cordifolia,Sida cordifolia | Dione  vanillae,Sand Pine Scrub,Scrub,Low human modification,NA,NA
White Beggarticks,Asterales,Rubiaceae,Bidens,alba,Zebra Longwing,Lepidoptera,Nymphalidae,Heliconius,charithonia,,Highlands Scrub,Heliconius charithonia,Bidens alba,Bidens alba | Heliconius charithonia,Sand Pine Scrub,Scrub,Low human modification,NA,NA
Flannel Weed,Malvales,Malvaceae,Sida,cordifolia,Cassius Blue,Lepidoptera,Lycaenidae,Leptotes,cassius,,Highlands Scrub,Leptotes cassius,Sida cordifolia,Sida cordifolia | Leptotes cassius,Sand Pine Scrub,Scrub,Low human modification,NA,NA
White Beggarticks,Asterales,Rubiaceae,Bidens,alba,Horace's Duskywing,Lepidoptera,Hesperiidae,Erynnis,horatius,https://www.inaturalist.org/observations/317659020,Highlands Scrub,Erynnis horatius,Bidens alba,Bidens alba | Erynnis horatius,Sand Pine Scrub,Scrub,Low human modification,NA,NA
White Beggarticks,Asterales,Rubiaceae,Bidens,alba,Cassius Blue,Lepidoptera,Lycaenidae,Leptotes,cassius,,Highlands Scrub,Leptotes cassius,Bidens alba,Bidens alba | Leptotes cassius,Sand Pine Scrub,Scrub,Low human modification,NA,NA
Flannel Weed,Malvales,Malvaceae,Sida,cordifolia,Zebra Longwing,Lepidoptera,Nymphalidae,Heliconius,charithonia,,Highlands Scrub,Heliconius charithonia,Sida cordifolia,Sida cordifolia | Heliconius charithonia,Sand Pine Scrub,Scrub,Low human modification,NA,NA
Diacrodon compressus,Gentianales,Rubiaceae,Diacrodon,compressus,Cassius Blue,Lepidoptera,Lycaenidae,Leptotes,cassius,,Highlands Scrub,Leptotes cassius,Diacrodon compressus,Diacrodon compressus | Leptotes cassius,Sand Pine Scrub,Scrub,Low human modification,NA,NA
White Beggarticks,Asterales,Rubiaceae,Bidens,alba,Gulf Fritillary,Lepidoptera,Nymphalidae,Dione ,vanillae,,Highlands Scrub,Dione  vanillae,Bidens alba,Bidens alba | Dione  vanillae,Sand Pine Scrub,Scrub,Low human modification,NA,NA
Diacrodon compressus,Gentianales,Rubiaceae,Diacrodon,compressus,Western Honey Bee,Hymenoptera,Apidae,Apis,mellifera,,Highlands Scrub,Apis mellifera,Diacrodon compressus,Diacrodon compressus | Apis mellifera,Sand Pine Scrub,Scrub,Low human modification,,Apoidea
White Beggarticks,Asterales,Rubiaceae,Bidens,alba,Western Honey Bee,Hymenoptera,Apidae,Apis,mellifera,,Highlands Scrub,Apis mellifera,Bidens alba,Bidens alba | Apis mellifera,Sand Pine Scrub,Scrub,Low human modification,,Apoidea
White Beggarticks,Asterales,Rubiaceae,Bidens,alba,Ceraunus Blue,Lepidoptera,Lycaenidae,Hemiargus,ceraunus,,Highlands Scrub,Hemiargus ceraunus,Bidens alba,Bidens alba | Hemiargus ceraunus,Sand Pine Scrub,Scrub,Low human modification,NA,NA
Flannel Weed,Malvales,Malvaceae,Sida,cordifolia,Ceraunus Blue,Lepidoptera,Lycaenidae,Hemiargus,ceraunus,,Highlands Scrub,Hemiargus ceraunus,Sida cordifolia,Sida cordifolia | Hemiargus ceraunus,Sand Pine Scrub,Scrub,Low human modification,NA,NA
Diacrodon compressus,Gentianales,Rubiaceae,Diacrodon,compressus,Ceraunus Blue,Lepidoptera,Lycaenidae,Hemiargus,ceraunus,,Highlands Scrub,Hemiargus ceraunus,Diacrodon compressus,Diacrodon compressus | Hemiargus ceraunus,Sand Pine Scrub,Scrub,Low human modification,NA,NA
Shaggy Portulaca,Caryophyllales,Portulacaceae,Portulaca,pilosa,Ceraunus Blue,Lepidoptera,Lycaenidae,Hemiargus,ceraunus,,Highlands Scrub,Hemiargus ceraunus,Portulaca pilosa,Portulaca pilosa | Hemiargus ceraunus,Sand Pine Scrub,Scrub,Low human modification,NA,NA
Camphorweed,Asterales,Asteraceae,Heterotheca,subaxillaris,Ceraunus Blue,Lepidoptera,Lycaenidae,Hemiargus,ceraunus,,Highlands Scrub,Hemiargus ceraunus,Heterotheca subaxillaris,Heterotheca subaxillaris | Hemiargus ceraunus,Sand Pine Scrub,Scrub,Low human modification,NA,NA
Cucumberleaf Sunflower,Asterales,Asteraceae,Helianthus,debilis,Ceraunus Blue,Lepidoptera,Lycaenidae,Hemiargus,ceraunus,,Highlands Scrub,Hemiargus ceraunus,Helianthus debilis,Helianthus debilis | Hemiargus ceraunus,Sand Pine Scrub,Scrub,Low human modification,NA,NA
Trailing Daisy,Asterales,Asteraceae,Sphagneticola,trilobata,Western Honey Bee,Hymenoptera,Apidae,Apis,mellifera,,Highlands Scrub,Apis mellifera,Sphagneticola trilobata,Sphagneticola trilobata | Apis mellifera,Sand Pine Scrub,Scrub,Low human modification,,Apoidea
White Beggarticks,Asterales,Rubiaceae,Bidens,alba,Polydamas Swallowtail,Lepidoptera,Papilionidae,Battus,polydamas,,Highlands Scrub,Battus polydamas,Bidens alba,Bidens alba | Battus polydamas,Sand Pine Scrub,Scrub,Low human modification,NA,NA
Flannel Weed,Malvales,Malvaceae,Sida,cordifolia,Polydamas Swallowtail,Lepidoptera,Papilionidae,Battus,polydamas,,Highlands Scrub,Battus polydamas,Sida cordifolia,Sida cordifolia | Battus polydamas,Sand Pine Scrub,Scrub,Low human modification,NA,NA
Trailing Daisy,Asterales,Asteraceae,Sphagneticola,trilobata,Polydamas Swallowtail,Lepidoptera,Papilionidae,Battus,polydamas,,Highlands Scrub,Battus polydamas,Sphagneticola trilobata,Sphagneticola trilobata | Battus polydamas,Sand Pine Scrub,Scrub,Low human modification,NA,NA
Trailing Daisy,Asterales,Asteraceae,Sphagneticola,trilobata,Ceraunus Blue,Lepidoptera,Lycaenidae,Hemiargus,ceraunus,,Highlands Scrub,Hemiargus ceraunus,Sphagneticola trilobata,Sphagneticola trilobata | Hemiargus ceraunus,Sand Pine Scrub,Scrub,Low human modification,NA,NA
Flannel Weed,Malvales,Malvaceae,Sida,cordifolia,Gulf Fritillary,Lepidoptera,Nymphalidae,Dione ,vanillae,,Highlands Scrub,Dione  vanillae,Sida cordifolia,Sida cordifolia | Dione  vanillae,Sand Pine Scrub,Scrub,Low human modification,NA,NA
Cucumberleaf Sunflower,Asterales,Asteraceae,Helianthus,debilis,Gulf Fritillary,Lepidoptera,Nymphalidae,Dione ,vanillae,,Highlands Scrub,Dione  vanillae,Helianthus debilis,Helianthus debilis | Dione  vanillae,Sand Pine Scrub,Scrub,Low human modification,NA,NA
White Beggarticks,Asterales,Rubiaceae,Bidens,alba,Gulf Fritillary,Lepidoptera,Nymphalidae,Dione ,vanillae,,Highlands Scrub,Dione  vanillae,Bidens alba,Bidens alba | Dione  vanillae,Sand Pine Scrub,Scrub,Low human modification,NA,NA
Madagascar Periwinkle,Gentianales,Apocynaceae,Catharanthus,roseus,Gulf Fritillary,Lepidoptera,Nymphalidae,Dione ,vanillae,,Highlands Scrub,Dione  vanillae,Catharanthus roseus,Catharanthus roseus | Dione  vanillae,Sand Pine Scrub,Scrub,Low human modification,NA,NA
Whitemouth Dayflower,Commelinales,Commelinaceae,Commelina,erecta,Ceraunus Blue,Lepidoptera,Lycaenidae,Hemiargus,ceraunus,,Highlands Scrub,Hemiargus ceraunus,Commelina erecta,Commelina erecta | Hemiargus ceraunus,Sand Pine Scrub,Scrub,Low human modification,NA,NA
Flannel Weed,Malvales,Malvaceae,Sida,cordifolia,Horace's Duskywing,Lepidoptera,Hesperiidae,Erynnis,horatius,,Highlands Scrub,Erynnis horatius,Sida cordifolia,Sida cordifolia | Erynnis horatius,Sand Pine Scrub,Scrub,Low human modification,NA,NA
White Beggarticks,Asterales,Rubiaceae,Bidens,alba,Horace's Duskywing,Lepidoptera,Hesperiidae,Erynnis,horatius,,Highlands Scrub,Erynnis horatius,Bidens alba,Bidens alba | Erynnis horatius,Sand Pine Scrub,Scrub,Low human modification,NA,NA
White Beggarticks,Asterales,Rubiaceae,Bidens,alba,Fiery Skipper,Lepidoptera,Hesperiidae,Hylephila,phyleus,,Highlands Scrub,Hylephila phyleus,Bidens alba,Bidens alba | Hylephila phyleus,Sand Pine Scrub,Scrub,Low human modification,NA,NA
Tropic Croton,Malpighiales,Euphorbiaceae,Croton,glandulosus,Western Honey Bee,Hymenoptera,Apidae,Apis,mellifera,,Highlands Scrub,Apis mellifera,Croton glandulosus,Croton glandulosus | Apis mellifera,Sand Pine Scrub,Scrub,Low human modification,,Apoidea
Trailing Daisy,Asterales,Asteraceae,Sphagneticola,trilobata,Dainty Sulphur,Lepidoptera,Pieridae,Nathalis,iole,,Highlands Scrub,Nathalis iole,Sphagneticola trilobata,Sphagneticola trilobata | Nathalis iole,Sand Pine Scrub,Scrub,Low human modification,NA,NA
White Beggarticks,Asterales,Rubiaceae,Bidens,alba,Gray Hairstreak,Lepidoptera,Lycaenidae,Strymon,melinus,,Highlands Scrub,Strymon melinus,Bidens alba,Bidens alba | Strymon melinus,Sand Pine Scrub,Scrub,Low human modification,NA,NA
Silkgrasses,Asterales,Asteraceae,Pityopsis,,Horace's Duskywing,Lepidoptera,Hesperiidae,Erynnis,horatius,,Highlands Scrub,Erynnis horatius,Genus Pityopsis,Genus Pityopsis | Erynnis horatius,Sand Pine Scrub,Scrub,Low human modification,NA,NA
Camphorweed,Asterales,Asteraceae,Heterotheca,subaxillaris,Western Honey Bee,Hymenoptera,Apidae,Apis,mellifera,,Highlands Scrub,Apis mellifera,Heterotheca subaxillaris,Heterotheca subaxillaris | Apis mellifera,Sand Pine Scrub,Scrub,Low human modification,,Apoidea
White Beggarticks,Asterales,Rubiaceae,Bidens,alba,White Checkered-Skipper,Lepidoptera,Hesperiidae,Burnsius,albezens,https://www.inaturalist.org/observations/317659057,Highlands Scrub,Burnsius albezens,Bidens alba,Bidens alba | Burnsius albezens,Sand Pine Scrub,Scrub,Low human modification,NA,NA
Trailing Daisy,Asterales,Asteraceae,Sphagneticola,trilobata,White Checkered-Skipper,Lepidoptera,Hesperiidae,Burnsius,albezens,,Highlands Scrub,Burnsius albezens,Sphagneticola trilobata,Sphagneticola trilobata | Burnsius albezens,Sand Pine Scrub,Scrub,Low human modification,NA,NA
Camphorweed,Asterales,Asteraceae,Heterotheca,subaxillaris,Fiery Skipper,Lepidoptera,Hesperiidae,Hylephila,phyleus,,Highlands Scrub,Hylephila phyleus,Heterotheca subaxillaris,Heterotheca subaxillaris | Hylephila phyleus,Sand Pine Scrub,Scrub,Low human modification,NA,NA
October Flower,Caryophyllales,Polygonaceae,Polygonella,polygama,Western Honey Bee,Hymenoptera,Apidae,Apis,mellifera,,Highlands Scrub,Apis mellifera,Polygonella polygama,Polygonella polygama | Apis mellifera,Sand Pine Scrub,Scrub,Low human modification,,Apoidea
October Flower,Caryophyllales,Polygonaceae,Polygonella,polygama,Cassius Blue,Lepidoptera,Lycaenidae,Leptotes,cassius,,Highlands Scrub,Leptotes cassius,Polygonella polygama,Polygonella polygama | Leptotes cassius,Sand Pine Scrub,Scrub,Low human modification,NA,NA
Sidebeak Pencilflower,Fabales,Fabaceae,Stylosanthes,biflora,Barred Yellow,Lepidoptera,Pieridae,Eurema,daira,,Quiet Waters,Eurema daira,Stylosanthes biflora,Stylosanthes biflora | Eurema daira,Open Grassy,Open Human Disturbed,High human modification,NA,NA
Turkey Tangle Frogfruit,Lamiales,Verbenaceae,Phyla,nodiflora,Barred Yellow,Lepidoptera,Pieridae,Eurema,daira,,Quiet Waters,Eurema daira,Phyla nodiflora,Phyla nodiflora | Eurema daira,Open Grassy,Open Human Disturbed,High human modification,NA,NA
Sidebeak Pencilflower,Fabales,Fabaceae,Stylosanthes,biflora,Barred Yellow,Lepidoptera,Pieridae,Eurema,daira,,Vista View,Eurema daira,Stylosanthes biflora,Stylosanthes biflora | Eurema daira,Open Grassy,Open Human Disturbed,High human modification,NA,NA
Caribbean Stylo,Fabales,Fabaceae,Stylosanthes,hamata,Barred Yellow,Lepidoptera,Pieridae,Eurema,daira,,Vista View,Eurema daira,Stylosanthes hamata,Stylosanthes hamata | Eurema daira,Open Grassy,Open Human Disturbed,High human modification,NA,NA
Largeflower Mexican Clover,Gentianales,Rubiaceae,Richardia,grandiflora,Barred Yellow,Lepidoptera,Pieridae,Eurema,daira,,Vista View,Eurema daira,Richardia grandiflora,Richardia grandiflora | Eurema daira,Open Grassy,Open Human Disturbed,High human modification,NA,NA
Largeflower Mexican Clover,Gentianales,Rubiaceae,Richardia,grandiflora,Orange-spotted Flower Moth,Lepidoptera,Crambidae,Syngamia,florella,,Vista View,Syngamia florella,Richardia grandiflora,Richardia grandiflora | Syngamia florella,Open Grassy,Open Human Disturbed,High human modification,NA,NA
White Beggarticks,Asterales,Rubiaceae,Bidens,alba,Phaon Crescent ,Lepidoptera,Nymphalidae,Phyciodes,phaon,,Vista View,Phyciodes phaon,Bidens alba,Bidens alba | Phyciodes phaon,Open Grassy,Open Human Disturbed,High human modification,NA,NA
White Beggarticks,Asterales,Rubiaceae,Bidens,alba,Orange-spotted Flower Moth,Lepidoptera,Crambidae,Syngamia,florella,,Vista View,Syngamia florella,Bidens alba,Bidens alba | Syngamia florella,Open Grassy,Open Human Disturbed,High human modification,NA,NA
Largeflower Mexican Clover,Gentianales,Rubiaceae,Richardia,grandiflora,Phaon Crescent ,Lepidoptera,Nymphalidae,Phyciodes,phaon,,Vista View,Phyciodes phaon,Richardia grandiflora,Richardia grandiflora | Phyciodes phaon,Open Grassy,Open Human Disturbed,High human modification,NA,NA
Largeflower Mexican Clover,Gentianales,Rubiaceae,Richardia,grandiflora,Orange-spotted Flower Moth,Lepidoptera,Crambidae,Syngamia,florella,,Vista View,Syngamia florella,Richardia grandiflora,Richardia grandiflora | Syngamia florella,Open Grassy,Open Human Disturbed,High human modification,NA,NA
White Beggarticks,Asterales,Rubiaceae,Bidens,alba,Gulf Fritillary,Lepidoptera,Nymphalidae,Dione ,vanillae,,Markham,Dione  vanillae,Bidens alba,Bidens alba | Dione  vanillae,Open Grassy,Open Human Disturbed,High human modification,NA,NA
White Beggarticks,Asterales,Rubiaceae,Bidens,alba,White Peacock,Lepidoptera,Nymphalidae,Anartia,jatrophae,,Markham,Anartia jatrophae,Bidens alba,Bidens alba | Anartia jatrophae,Open Grassy,Open Human Disturbed,High human modification,NA,NA
Turkey Tangle Frogfruit,Lamiales,Verbenaceae,Phyla,nodiflora,Orange-spotted Flower Moth,Lepidoptera,Crambidae,Syngamia,florella,,Markham,Syngamia florella,Phyla nodiflora,Phyla nodiflora | Syngamia florella,Open Grassy,Open Human Disturbed,High human modification,NA,NA
White Beggarticks,Asterales,Rubiaceae,Bidens,alba,Barred Yellow,Lepidoptera,Pieridae,Eurema,daira,,Markham,Eurema daira,Bidens alba,Bidens alba | Eurema daira,Open Grassy,Open Human Disturbed,High human modification,NA,NA
Shrubby False Buttonweed,Gentianales,Rubiaceae,Spermacoce,verticillata,Orange-spotted Flower Moth,Lepidoptera,Crambidae,Syngamia,florella,,Markham,Syngamia florella,Spermacoce verticillata,Spermacoce verticillata | Syngamia florella,Open Grassy,Open Human Disturbed,High human modification,NA,NA
White Beggarticks,Asterales,Rubiaceae,Bidens,alba,Orange-spotted Flower Moth,Lepidoptera,Crambidae,Syngamia,florella,,Markham,Syngamia florella,Bidens alba,Bidens alba | Syngamia florella,Open Grassy,Open Human Disturbed,High human modification,NA,NA
White Beggarticks,Asterales,Rubiaceae,Bidens,alba,Phaon Crescent ,Lepidoptera,Nymphalidae,Phyciodes,phaon,,Markham,Phyciodes phaon,Bidens alba,Bidens alba | Phyciodes phaon,Open Grassy,Open Human Disturbed,High human modification,NA,NA
Turkey Tangle Frogfruit,Lamiales,Verbenaceae,Phyla,nodiflora,Phaon Crescent ,Lepidoptera,Nymphalidae,Phyciodes,phaon,,Markham,Phyciodes phaon,Phyla nodiflora,Phyla nodiflora | Phyciodes phaon,Open Grassy,Open Human Disturbed,High human modification,NA,NA
Woodland False Buttonweed,Gentianales,Rubiaceae,Spermacoce,remota,Orange-spotted Flower Moth,Lepidoptera,Crambidae,Syngamia,florella,,Markham,Syngamia florella,Spermacoce remota,Spermacoce remota | Syngamia florella,Open Grassy,Open Human Disturbed,High human modification,NA,NA
Common Fanpetals,Malvales,Malvaceae,Sida,ulmifolia,Barred Yellow,Lepidoptera,Pieridae,Eurema,daira,,Markham,Eurema daira,Sida ulmifolia,Sida ulmifolia | Eurema daira,Open Grassy,Open Human Disturbed,High human modification,NA,NA
Largeflower Mexican Clover,Gentianales,Rubiaceae,Richardia,grandiflora,White Peacock,Lepidoptera,Nymphalidae,Anartia,jatrophae,,Markham,Anartia jatrophae,Richardia grandiflora,Richardia grandiflora | Anartia jatrophae,Open Grassy,Open Human Disturbed,High human modification,NA,NA
White Beggarticks,Asterales,Rubiaceae,Bidens,alba,Poey's Furrow Bee ,Hymenoptera,Halictidae,Halictus,poeyi,,Markham,Halictus poeyi,Bidens alba,Bidens alba | Halictus poeyi,Open Grassy,Open Human Disturbed,High human modification,,Apoidea
White Beggarticks,Asterales,Rubiaceae,Bidens,alba,Orange-spotted Flower Moth,Lepidoptera,Crambidae,Syngamia,florella,,Markham,Syngamia florella,Bidens alba,Bidens alba | Syngamia florella,Open Grassy,Open Human Disturbed,High human modification,NA,NA
Largeflower Mexican Clover,Gentianales,Rubiaceae,Richardia,grandiflora,Western Honey Bee,Hymenoptera,Apidae,Apis,mellifera,,Markham,Apis mellifera,Richardia grandiflora,Richardia grandiflora | Apis mellifera,Open Grassy,Open Human Disturbed,High human modification,,Apoidea
Largeflower Mexican Clover,Gentianales,Rubiaceae,Richardia,grandiflora,Orange-spotted Flower Moth,Lepidoptera,Crambidae,Syngamia,florella,,Markham,Syngamia florella,Richardia grandiflora,Richardia grandiflora | Syngamia florella,Open Grassy,Open Human Disturbed,High human modification,NA,NA
Largeflower Mexican Clover,Gentianales,Rubiaceae,Richardia,grandiflora,Poey's Furrow Bee ,Hymenoptera,Halictidae,Halictus,poeyi,,Markham,Halictus poeyi,Richardia grandiflora,Richardia grandiflora | Halictus poeyi,Open Grassy,Open Human Disturbed,High human modification,,Apoidea
Largeflower Mexican Clover,Gentianales,Rubiaceae,Richardia,grandiflora,Gulf Fritillary,Lepidoptera,Nymphalidae,Dione ,vanillae,,Markham,Dione  vanillae,Richardia grandiflora,Richardia grandiflora | Dione  vanillae,Open Grassy,Open Human Disturbed,High human modification,NA,NA
Turkey Tangle Frogfruit,Lamiales,Verbenaceae,Phyla,nodiflora,Orange-spotted Flower Moth,Lepidoptera,Crambidae,Syngamia,florella,,Markham,Syngamia florella,Phyla nodiflora,Phyla nodiflora | Syngamia florella,Open Grassy,Open Human Disturbed,High human modification,NA,NA
Turkey Tangle Frogfruit,Lamiales,Verbenaceae,Phyla,nodiflora,Phaon Crescent ,Lepidoptera,Nymphalidae,Phyciodes,phaon,,Markham,Phyciodes phaon,Phyla nodiflora,Phyla nodiflora | Phyciodes phaon,Open Grassy,Open Human Disturbed,High human modification,NA,NA
Largeflower Mexican Clover,Gentianales,Rubiaceae,Richardia,grandiflora,Phaon Crescent ,Lepidoptera,Nymphalidae,Phyciodes,phaon,,Markham,Phyciodes phaon,Richardia grandiflora,Richardia grandiflora | Phyciodes phaon,Open Grassy,Open Human Disturbed,High human modification,NA,NA
Shrubby False Buttonweed,Gentianales,Rubiaceae,Spermacoce,verticillata,Orange-spotted Flower Moth,Lepidoptera,Crambidae,Syngamia,florella,,CB Smith,Syngamia florella,Spermacoce verticillata,Spermacoce verticillata | Syngamia florella,Open Grassy,Open Human Disturbed,High human modification,NA,NA
Shrubby False Buttonweed,Gentianales,Rubiaceae,Spermacoce,verticillata,Orange-spotted Flower Moth,Lepidoptera,Crambidae,Syngamia,florella,,CB Smith,Syngamia florella,Spermacoce verticillata,Spermacoce verticillata | Syngamia florella,Open Grassy,Open Human Disturbed,High human modification,NA,NA
Turkey Tangle Frogfruit,Lamiales,Verbenaceae,Phyla,nodiflora,Orange-spotted Flower Moth,Lepidoptera,Crambidae,Syngamia,florella,,CB Smith,Syngamia florella,Phyla nodiflora,Phyla nodiflora | Syngamia florella,Open Grassy,Open Human Disturbed,High human modification,NA,NA
Shrubby False Buttonweed,Gentianales,Rubiaceae,Spermacoce,verticillata,Phaon Crescent ,Lepidoptera,Nymphalidae,Phyciodes,phaon,,CB Smith,Phyciodes phaon,Spermacoce verticillata,Spermacoce verticillata | Phyciodes phaon,Open Grassy,Open Human Disturbed,High human modification,NA,NA
Largeflower Mexican Clover,Gentianales,Rubiaceae,Richardia,grandiflora,White Peacock,Lepidoptera,Nymphalidae,Anartia,jatrophae,,CB Smith,Anartia jatrophae,Richardia grandiflora,Richardia grandiflora | Anartia jatrophae,Open Grassy,Open Human Disturbed,High human modification,NA,NA
Turkey Tangle Frogfruit,Lamiales,Verbenaceae,Phyla,nodiflora,White Peacock,Lepidoptera,Nymphalidae,Anartia,jatrophae,,CB Smith,Anartia jatrophae,Phyla nodiflora,Phyla nodiflora | Anartia jatrophae,Open Grassy,Open Human Disturbed,High human modification,NA,NA
Turkey Tangle Frogfruit,Lamiales,Verbenaceae,Phyla,nodiflora,Phaon Crescent ,Lepidoptera,Nymphalidae,Phyciodes,phaon,,CB Smith,Phyciodes phaon,Phyla nodiflora,Phyla nodiflora | Phyciodes phaon,Open Grassy,Open Human Disturbed,High human modification,NA,NA
Turkey Tangle Frogfruit,Lamiales,Verbenaceae,Phyla,nodiflora,Western Honey Bee,Hymenoptera,Apidae,Apis,mellifera,,CB Smith,Apis mellifera,Phyla nodiflora,Phyla nodiflora | Apis mellifera,Open Grassy,Open Human Disturbed,High human modification,,Apoidea
Largeflower Mexican Clover,Gentianales,Rubiaceae,Richardia,grandiflora,Western Honey Bee,Hymenoptera,Apidae,Apis,mellifera,,CB Smith,Apis mellifera,Richardia grandiflora,Richardia grandiflora | Apis mellifera,Open Grassy,Open Human Disturbed,High human modification,,Apoidea
Common Fanpetals,Malvales,Malvaceae,Sida,ulmifolia,Barred Yellow,Lepidoptera,Pieridae,Eurema,daira,,CB Smith,Eurema daira,Sida ulmifolia,Sida ulmifolia | Eurema daira,Open Grassy,Open Human Disturbed,High human modification,NA,NA
Sidebeak Pencilflower,Fabales,Fabaceae,Stylosanthes,biflora,Barred Yellow,Lepidoptera,Pieridae,Eurema,daira,,CB Smith,Eurema daira,Stylosanthes biflora,Stylosanthes biflora | Eurema daira,Open Grassy,Open Human Disturbed,High human modification,NA,NA
Common Fanpetals,Malvales,Malvaceae,Sida,ulmifolia,Phaon Crescent ,Lepidoptera,Nymphalidae,Phyciodes,phaon,,CB Smith,Phyciodes phaon,Sida ulmifolia,Sida ulmifolia | Phyciodes phaon,Open Grassy,Open Human Disturbed,High human modification,NA,NA
Turkey Tangle Frogfruit,Lamiales,Verbenaceae,Phyla,nodiflora,Poecilanthrax lucifer,Diptera,Bombyliidae,Poecilanthrax,lucifer,https://www.inaturalist.org/observations/322185231,CB Smith,Poecilanthrax lucifer,Phyla nodiflora,Phyla nodiflora | Poecilanthrax lucifer,Open Grassy,Open Human Disturbed,High human modification,NA,NA
Shrubby False Buttonweed,Gentianales,Rubiaceae,Spermacoce,verticillata,Orange-spotted Flower Moth,Lepidoptera,Crambidae,Syngamia,florella,,CB Smith,Syngamia florella,Spermacoce verticillata,Spermacoce verticillata | Syngamia florella,Open Grassy,Open Human Disturbed,High human modification,NA,NA
Sidebeak Pencilflower,Fabales,Fabaceae,Stylosanthes,biflora,Barred Yellow,Lepidoptera,Pieridae,Eurema,daira,,Quiet Waters,Eurema daira,Stylosanthes biflora,Stylosanthes biflora | Eurema daira,Open Grassy,Open Human Disturbed,High human modification,NA,NA
Turkey Tangle Frogfruit,Lamiales,Verbenaceae,Phyla,nodiflora,Barred Yellow,Lepidoptera,Pieridae,Eurema,daira,,Quiet Waters,Eurema daira,Phyla nodiflora,Phyla nodiflora | Eurema daira,Open Grassy,Open Human Disturbed,High human modification,NA,NA
Creeping Indigo,Fabales,Fabaceae,Indigofera,spicata,Barred Yellow,Lepidoptera,Pieridae,Eurema,daira,,Quiet Waters,Eurema daira,Indigofera spicata,Indigofera spicata | Eurema daira,Open Grassy,Open Human Disturbed,High human modification,NA,NA
Common Fanpetals,Malvales,Malvaceae,Sida,ulmifolia,Barred Yellow,Lepidoptera,Pieridae,Eurema,daira,,Quiet Waters,Eurema daira,Sida ulmifolia,Sida ulmifolia | Eurema daira,Open Grassy,Open Human Disturbed,High human modification,NA,NA
Creeping Tick Trefoil,Fabales,Fabaceae,Grona,triflora,Barred Yellow,Lepidoptera,Pieridae,Eurema,daira,,Quiet Waters,Eurema daira,Grona triflora,Grona triflora | Eurema daira,Open Grassy,Open Human Disturbed,High human modification,NA,NA
Largeflower Mexican Clover,Gentianales,Rubiaceae,Richardia,grandiflora,Orange-spotted Flower Moth,Lepidoptera,Crambidae,Syngamia,florella,,Quiet Waters,Syngamia florella,Richardia grandiflora,Richardia grandiflora | Syngamia florella,Open Grassy,Open Human Disturbed,High human modification,NA,NA
Common Fanpetals,Malvales,Malvaceae,Sida,ulmifolia,Ceraunus Blue,Lepidoptera,Lycaenidae,Hemiargus,ceraunus,,Quiet Waters,Hemiargus ceraunus,Sida ulmifolia,Sida ulmifolia | Hemiargus ceraunus,Open Grassy,Open Human Disturbed,High human modification,NA,NA
Common Fanpetals,Malvales,Malvaceae,Sida,ulmifolia,Tropical Checkered-Skipper,Lepidoptera,Hesperiidae,Burnsius,oileus,https://www.inaturalist.org/observations/322482024,Quiet Waters,Burnsius oileus,Sida ulmifolia,Sida ulmifolia | Burnsius oileus,Open Grassy,Open Human Disturbed,High human modification,NA,NA
Largeflower Mexican Clover,Gentianales,Rubiaceae,Richardia,grandiflora,Barred Yellow,Lepidoptera,Pieridae,Eurema,daira,,Quiet Waters,Eurema daira,Richardia grandiflora,Richardia grandiflora | Eurema daira,Open Grassy,Open Human Disturbed,High human modification,NA,NA
Caesaer Weed,Malvales,Malvaceae,Urena,lobata,Zebra Longwing,Lepidoptera,Nymphalidae,Heliconius,charithonia,,Helene Klein,Heliconius charithonia,Urena lobata,Urena lobata | Heliconius charithonia,Pine Flatwoods,Flatwoods,Low human modification,NA,NA
Pale Tasselflower,Asterales,Asteraceae,Emilia,praetermissa,Zebra Longwing,Lepidoptera,Nymphalidae,Heliconius,charithonia,,Helene Klein,Heliconius charithonia,Emilia praetermissa,Emilia praetermissa | Heliconius charithonia,Pine Flatwoods,Flatwoods,Low human modification,NA,NA
White Beggarticks,Asterales,Rubiaceae,Bidens,alba,Brown-winged Striped Sweat Bee,Hymenoptera,Halictidae,Agapostemon,splendens,,Military Trail,Agapostemon splendens,Bidens alba,Bidens alba | Agapostemon splendens,Scrubby Flatwoods,Scrub,Low human modification,,Apoidea
White Beggarticks,Asterales,Rubiaceae,Bidens,alba,Western Honey Bee,Hymenoptera,Apidae,Apis,mellifera,,Military Trail,Apis mellifera,Bidens alba,Bidens alba | Apis mellifera,Scrubby Flatwoods,Scrub,Low human modification,,Apoidea
Largeflower Mexican Clover,Gentianales,Rubiaceae,Richardia,grandiflora,Western Honey Bee,Hymenoptera,Apidae,Apis,mellifera,,Highlands Scrub,Apis mellifera,Richardia grandiflora,Richardia grandiflora | Apis mellifera,Sand Pine Scrub,Scrub,Low human modification,,Apoidea
Largeflower Mexican Clover,Gentianales,Rubiaceae,Richardia,grandiflora,Barred Yellow,Lepidoptera,Pieridae,Eurema,daira,,Highlands Scrub,Eurema daira,Richardia grandiflora,Richardia grandiflora | Eurema daira,Sand Pine Scrub,Scrub,Low human modification,NA,NA
Largeflower Mexican Clover,Gentianales,Rubiaceae,Richardia,grandiflora,White-lined Sphinx,Lepidoptera,Sphingidae,Hyles,lineata,,Highlands Scrub,Hyles lineata,Richardia grandiflora,Richardia grandiflora | Hyles lineata,Sand Pine Scrub,Scrub,Low human modification,NA,NA
Largeflower Mexican Clover,Gentianales,Rubiaceae,Richardia,grandiflora,Brown-winged Striped Sweat Bee,Hymenoptera,Halictidae,Agapostemon,splendens,,Highlands Scrub,Agapostemon splendens,Richardia grandiflora,Richardia grandiflora | Agapostemon splendens,Sand Pine Scrub,Scrub,Low human modification,,Apoidea
Largeflower Mexican Clover,Gentianales,Rubiaceae,Richardia,grandiflora,Gulf Fritillary,Lepidoptera,Nymphalidae,Dione ,vanillae,,Highlands Scrub,Dione  vanillae,Richardia grandiflora,Richardia grandiflora | Dione  vanillae,Sand Pine Scrub,Scrub,Low human modification,NA,NA
Largeflower Mexican Clover,Gentianales,Rubiaceae,Richardia,grandiflora,Western Honey Bee,Hymenoptera,Apidae,Apis,mellifera,,Highlands Scrub,Apis mellifera,Richardia grandiflora,Richardia grandiflora | Apis mellifera,Sand Pine Scrub,Scrub,Low human modification,,Apoidea
White Beggarticks,Asterales,Rubiaceae,Bidens,alba,Zebra Longwing,Lepidoptera,Nymphalidae,Heliconius,charithonia,,Highlands Scrub,Heliconius charithonia,Bidens alba,Bidens alba | Heliconius charithonia,Sand Pine Scrub,Scrub,Low human modification,NA,NA
Largeflower Mexican Clover,Gentianales,Rubiaceae,Richardia,grandiflora,Zebra Longwing,Lepidoptera,Nymphalidae,Heliconius,charithonia,,CB Smith,Heliconius charithonia,Richardia grandiflora,Richardia grandiflora | Heliconius charithonia,Open Grassy,Open Human Disturbed,High human modification,NA,NA
Largeflower Mexican Clover,Gentianales,Rubiaceae,Richardia,grandiflora,White Peacock,Lepidoptera,Nymphalidae,Anartia,jatrophae,,CB Smith,Anartia jatrophae,Richardia grandiflora,Richardia grandiflora | Anartia jatrophae,Open Grassy,Open Human Disturbed,High human modification,NA,NA
Shrubby False Buttonweed,Gentianales,Rubiaceae,Spermacoce,verticillata,Orange-spotted Flower Moth,Lepidoptera,Crambidae,Syngamia,florella,,CB Smith,Syngamia florella,Spermacoce verticillata,Spermacoce verticillata | Syngamia florella,Open Grassy,Open Human Disturbed,High human modification,NA,NA
Gomphrena Weed,Caryophyllales,Amaranthaceae,Gomphrena,serrata,Zebra Longwing,Lepidoptera,Nymphalidae,Heliconius,charithonia,,CB Smith,Heliconius charithonia,Gomphrena serrata,Gomphrena serrata | Heliconius charithonia,Open Grassy,Open Human Disturbed,High human modification,NA,NA
Largeflower Mexican Clover,Gentianales,Rubiaceae,Richardia,grandiflora,Western Honey Bee,Hymenoptera,Apidae,Apis,mellifera,,CB Smith,Apis mellifera,Richardia grandiflora,Richardia grandiflora | Apis mellifera,Open Grassy,Open Human Disturbed,High human modification,,Apoidea
Gomphrena Weed,Caryophyllales,Amaranthaceae,Gomphrena,serrata,White Peacock,Lepidoptera,Nymphalidae,Anartia,jatrophae,,CB Smith,Anartia jatrophae,Gomphrena serrata,Gomphrena serrata | Anartia jatrophae,Open Grassy,Open Human Disturbed,High human modification,NA,NA
Largeflower Mexican Clover,Gentianales,Rubiaceae,Richardia,grandiflora,Orange-spotted Flower Moth,Lepidoptera,Crambidae,Syngamia,florella,,CB Smith,Syngamia florella,Richardia grandiflora,Richardia grandiflora | Syngamia florella,Open Grassy,Open Human Disturbed,High human modification,NA,NA
Diacrodon compressus,Gentianales,Rubiaceae,Diacrodon,compressus,Western Honey Bee,Hymenoptera,Apidae,Apis,mellifera,,CB Smith,Apis mellifera,Diacrodon compressus,Diacrodon compressus | Apis mellifera,Open Grassy,Open Human Disturbed,High human modification,,Apoidea
Largeflower Mexican Clover,Gentianales,Rubiaceae,Richardia,grandiflora,Western Honey Bee,Hymenoptera,Apidae,Apis,mellifera,,CB Smith,Apis mellifera,Richardia grandiflora,Richardia grandiflora | Apis mellifera,Open Grassy,Open Human Disturbed,High human modification,,Apoidea
Diacrodon compressus,Gentianales,Rubiaceae,Diacrodon,compressus,Orange-spotted Flower Moth,Lepidoptera,Crambidae,Syngamia,florella,,CB Smith,Syngamia florella,Diacrodon compressus,Diacrodon compressus | Syngamia florella,Open Grassy,Open Human Disturbed,High human modification,NA,NA
Largeflower Mexican Clover,Gentianales,Rubiaceae,Richardia,grandiflora,Barred Yellow,Lepidoptera,Pieridae,Eurema,daira,,CB Smith,Eurema daira,Richardia grandiflora,Richardia grandiflora | Eurema daira,Open Grassy,Open Human Disturbed,High human modification,NA,NA
Diacrodon compressus,Gentianales,Rubiaceae,Diacrodon,compressus,Tropical Checkered-Skipper,Lepidoptera,Hesperiidae,Burnsius,oileus,https://www.inaturalist.org/observations/327321089,CB Smith,Burnsius oileus,Diacrodon compressus,Diacrodon compressus | Burnsius oileus,Open Grassy,Open Human Disturbed,High human modification,NA,NA
Largeflower Mexican Clover,Gentianales,Rubiaceae,Richardia,grandiflora,Tropical Checkered-Skipper,Lepidoptera,Hesperiidae,Burnsius,oileus,https://www.inaturalist.org/observations/327321089,CB Smith,Burnsius oileus,Richardia grandiflora,Richardia grandiflora | Burnsius oileus,Open Grassy,Open Human Disturbed,High human modification,NA,NA
Diacrodon compressus,Gentianales,Rubiaceae,Diacrodon,compressus,Brown-winged Striped Sweat Bee,Hymenoptera,Halictidae,Agapostemon,splendens,https://www.inaturalist.org/observations/327321092,CB Smith,Agapostemon splendens,Diacrodon compressus,Diacrodon compressus | Agapostemon splendens,Open Grassy,Open Human Disturbed,High human modification,,Apoidea
Diacrodon compressus,Gentianales,Rubiaceae,Diacrodon,compressus,Poey's Furrow Bee ,Hymenoptera,Halictidae,Halictus,poeyi,,CB Smith,Halictus poeyi,Diacrodon compressus,Diacrodon compressus | Halictus poeyi,Open Grassy,Open Human Disturbed,High human modification,,Apoidea
Largeflower Mexican Clover,Gentianales,Rubiaceae,Richardia,grandiflora,Fiery Skipper,Lepidoptera,Hesperiidae,Hylephila,phyleus,https://www.inaturalist.org/observations/327321095,CB Smith,Hylephila phyleus,Richardia grandiflora,Richardia grandiflora | Hylephila phyleus,Open Grassy,Open Human Disturbed,High human modification,NA,NA
Largeflower Mexican Clover,Gentianales,Rubiaceae,Richardia,grandiflora,Phaon Crescent ,Lepidoptera,Nymphalidae,Phyciodes,phaon,,CB Smith,Phyciodes phaon,Richardia grandiflora,Richardia grandiflora | Phyciodes phaon,Open Grassy,Open Human Disturbed,High human modification,NA,NA
Largeflower Mexican Clover,Gentianales,Rubiaceae,Richardia,grandiflora,Western Honey Bee,Hymenoptera,Apidae,Apis,mellifera,,Vista View,Apis mellifera,Richardia grandiflora,Richardia grandiflora | Apis mellifera,Open Grassy,Open Human Disturbed,High human modification,,Apoidea
Largeflower Mexican Clover,Gentianales,Rubiaceae,Richardia,grandiflora,White Peacock,Lepidoptera,Nymphalidae,Anartia,jatrophae,,Vista View,Anartia jatrophae,Richardia grandiflora,Richardia grandiflora | Anartia jatrophae,Open Grassy,Open Human Disturbed,High human modification,NA,NA
Largeflower Mexican Clover,Gentianales,Rubiaceae,Richardia,grandiflora,Orange-spotted Flower Moth,Lepidoptera,Crambidae,Syngamia,florella,,Vista View,Syngamia florella,Richardia grandiflora,Richardia grandiflora | Syngamia florella,Open Grassy,Open Human Disturbed,High human modification,NA,NA
Turkey Tangle Frogfruit,Lamiales,Verbenaceae,Phyla,nodiflora,Orange-spotted Flower Moth,Lepidoptera,Crambidae,Syngamia,florella,,Vista View,Syngamia florella,Phyla nodiflora,Phyla nodiflora | Syngamia florella,Open Grassy,Open Human Disturbed,High human modification,NA,NA
Turkey Tangle Frogfruit,Lamiales,Verbenaceae,Phyla,nodiflora,White Peacock,Lepidoptera,Nymphalidae,Anartia,jatrophae,,Vista View,Anartia jatrophae,Phyla nodiflora,Phyla nodiflora | Anartia jatrophae,Open Grassy,Open Human Disturbed,High human modification,NA,NA
White Beggarticks,Asterales,Rubiaceae,Bidens,alba,Western Honey Bee,Hymenoptera,Apidae,Apis,mellifera,,Vista View,Apis mellifera,Bidens alba,Bidens alba | Apis mellifera,Open Grassy,Open Human Disturbed,High human modification,,Apoidea
White Beggarticks,Asterales,Rubiaceae,Bidens,alba,Barred Yellow,Lepidoptera,Pieridae,Eurema,daira,,Vista View,Eurema daira,Bidens alba,Bidens alba | Eurema daira,Open Grassy,Open Human Disturbed,High human modification,NA,NA
White Beggarticks,Asterales,Rubiaceae,Bidens,alba,Phaon Crescent ,Lepidoptera,Nymphalidae,Phyciodes,phaon,,Vista View,Phyciodes phaon,Bidens alba,Bidens alba | Phyciodes phaon,Open Grassy,Open Human Disturbed,High human modification,NA,NA
Shrubby False Buttonweed,Gentianales,Rubiaceae,Spermacoce,verticillata,Orange-spotted Flower Moth,Lepidoptera,Crambidae,Syngamia,florella,,Markham,Syngamia florella,Spermacoce verticillata,Spermacoce verticillata | Syngamia florella,Open Grassy,Open Human Disturbed,High human modification,NA,NA
Largeflower Mexican Clover,Gentianales,Rubiaceae,Richardia,grandiflora,Orange-spotted Flower Moth,Lepidoptera,Crambidae,Syngamia,florella,,Markham,Syngamia florella,Richardia grandiflora,Richardia grandiflora | Syngamia florella,Open Grassy,Open Human Disturbed,High human modification,NA,NA
Turkey Tangle Frogfruit,Lamiales,Verbenaceae,Phyla,nodiflora,Orange-spotted Flower Moth,Lepidoptera,Crambidae,Syngamia,florella,,Markham,Syngamia florella,Phyla nodiflora,Phyla nodiflora | Syngamia florella,Open Grassy,Open Human Disturbed,High human modification,NA,NA
Largeflower Mexican Clover,Gentianales,Rubiaceae,Richardia,grandiflora,Dorantes Longtail,Lepidoptera,Hesperiidae,Cecropterus,dorantes,,Markham,Cecropterus dorantes,Richardia grandiflora,Richardia grandiflora | Cecropterus dorantes,Open Grassy,Open Human Disturbed,High human modification,NA,NA
Largeflower Mexican Clover,Gentianales,Rubiaceae,Richardia,grandiflora,Western Honey Bee,Hymenoptera,Apidae,Apis,mellifera,,Markham,Apis mellifera,Richardia grandiflora,Richardia grandiflora | Apis mellifera,Open Grassy,Open Human Disturbed,High human modification,,Apoidea
Largeflower Mexican Clover,Gentianales,Rubiaceae,Richardia,grandiflora,Ocola Skipper,Lepidoptera,Hesperiidae,Panoquina,ocola,https://www.inaturalist.org/observations/327321115,Markham,Panoquina ocola,Richardia grandiflora,Richardia grandiflora | Panoquina ocola,Open Grassy,Open Human Disturbed,High human modification,NA,NA
Largeflower Mexican Clover,Gentianales,Rubiaceae,Richardia,grandiflora,Brown-winged Striped Sweat Bee,Hymenoptera,Halictidae,Agapostemon,splendens,,Markham,Agapostemon splendens,Richardia grandiflora,Richardia grandiflora | Agapostemon splendens,Open Grassy,Open Human Disturbed,High human modification,,Apoidea
White Beggarticks,Asterales,Rubiaceae,Bidens,alba,Poey's Furrow Bee ,Hymenoptera,Halictidae,Halictus,poeyi,,Long Key,Halictus poeyi,Bidens alba,Bidens alba | Halictus poeyi,Open Grassy,Open Human Disturbed,Low human modification,,Apoidea
White Beggarticks,Asterales,Rubiaceae,Bidens,alba,Western Honey Bee,Hymenoptera,Apidae,Apis,mellifera,,Long Key,Apis mellifera,Bidens alba,Bidens alba | Apis mellifera,Open Grassy,Open Human Disturbed,Low human modification,,Apoidea
Diacrodon compressus,Gentianales,Rubiaceae,Diacrodon,compressus,Western Honey Bee,Hymenoptera,Apidae,Apis,mellifera,,Quiet Waters,Apis mellifera,Diacrodon compressus,Diacrodon compressus | Apis mellifera,Open Grassy,Open Human Disturbed,High human modification,,Apoidea
Diacrodon compressus,Gentianales,Rubiaceae,Diacrodon,compressus,Orange-spotted Flower Moth,Lepidoptera,Crambidae,Syngamia,florella,,Quiet Waters,Syngamia florella,Diacrodon compressus,Diacrodon compressus | Syngamia florella,Open Grassy,Open Human Disturbed,High human modification,NA,NA
Largeflower Mexican Clover,Gentianales,Rubiaceae,Richardia,grandiflora,Western Honey Bee,Hymenoptera,Apidae,Apis,mellifera,,Quiet Waters,Apis mellifera,Richardia grandiflora,Richardia grandiflora | Apis mellifera,Open Grassy,Open Human Disturbed,High human modification,,Apoidea
Largeflower Mexican Clover,Gentianales,Rubiaceae,Richardia,grandiflora,White Peacock,Lepidoptera,Nymphalidae,Anartia,jatrophae,,Quiet Waters,Anartia jatrophae,Richardia grandiflora,Richardia grandiflora | Anartia jatrophae,Open Grassy,Open Human Disturbed,High human modification,NA,NA
Largeflower Mexican Clover,Gentianales,Rubiaceae,Richardia,grandiflora,Orange-spotted Flower Moth,Lepidoptera,Crambidae,Syngamia,florella,,Quiet Waters,Syngamia florella,Richardia grandiflora,Richardia grandiflora | Syngamia florella,Open Grassy,Open Human Disturbed,High human modification,NA,NA
Diacrodon compressus,Gentianales,Rubiaceae,Diacrodon,compressus,Orange-spotted Flower Moth,Lepidoptera,Crambidae,Syngamia,florella,,Quiet Waters,Syngamia florella,Diacrodon compressus,Diacrodon compressus | Syngamia florella,Open Grassy,Open Human Disturbed,High human modification,NA,NA
Diacrodon compressus,Gentianales,Rubiaceae,Diacrodon,compressus,Western Honey Bee,Hymenoptera,Apidae,Apis,mellifera,,Quiet Waters,Apis mellifera,Diacrodon compressus,Diacrodon compressus | Apis mellifera,Open Grassy,Open Human Disturbed,High human modification,,Apoidea
Largeflower Mexican Clover,Gentianales,Rubiaceae,Richardia,grandiflora,Western Honey Bee,Hymenoptera,Apidae,Apis,mellifera,,Quiet Waters,Apis mellifera,Richardia grandiflora,Richardia grandiflora | Apis mellifera,Open Grassy,Open Human Disturbed,High human modification,,Apoidea
Largeflower Mexican Clover,Gentianales,Rubiaceae,Richardia,grandiflora,Brown-winged Striped Sweat Bee,Hymenoptera,Halictidae,Agapostemon,splendens,https://www.inaturalist.org/observations/328210287,Quiet Waters,Agapostemon splendens,Richardia grandiflora,Richardia grandiflora | Agapostemon splendens,Open Grassy,Open Human Disturbed,High human modification,,Apoidea
Largeflower Mexican Clover,Gentianales,Rubiaceae,Richardia,grandiflora,Western Honey Bee,Hymenoptera,Apidae,Apis,mellifera,,Quiet Waters,Apis mellifera,Richardia grandiflora,Richardia grandiflora | Apis mellifera,Open Grassy,Open Human Disturbed,High human modification,,Apoidea
Diacrodon compressus,Gentianales,Rubiaceae,Diacrodon,compressus,Western Honey Bee,Hymenoptera,Apidae,Apis,mellifera,,Quiet Waters,Apis mellifera,Diacrodon compressus,Diacrodon compressus | Apis mellifera,Open Grassy,Open Human Disturbed,High human modification,,Apoidea
Caribbean Stylo,Fabales,Fabaceae,Stylosanthes,hamata,Ceraunus Blue,Lepidoptera,Lycaenidae,Hemiargus,ceraunus,,Quiet Waters,Hemiargus ceraunus,Stylosanthes hamata,Stylosanthes hamata | Hemiargus ceraunus,Open Grassy,Open Human Disturbed,High human modification,NA,NA
Largeflower Mexican Clover,Gentianales,Rubiaceae,Richardia,grandiflora,Barred Yellow,Lepidoptera,Pieridae,Eurema,daira,,Quiet Waters,Eurema daira,Richardia grandiflora,Richardia grandiflora | Eurema daira,Open Grassy,Open Human Disturbed,High human modification,NA,NA
Caribbean Stylo,Fabales,Fabaceae,Stylosanthes,hamata,Barred Yellow,Lepidoptera,Pieridae,Eurema,daira,,Quiet Waters,Eurema daira,Stylosanthes hamata,Stylosanthes hamata | Eurema daira,Open Grassy,Open Human Disturbed,High human modification,NA,NA
Largeflower Mexican Clover,Gentianales,Rubiaceae,Richardia,grandiflora,Dorantes Longtail,Lepidoptera,Hesperiidae,Cecropterus,dorantes,,Quiet Waters,Cecropterus dorantes,Richardia grandiflora,Richardia grandiflora | Cecropterus dorantes,Open Grassy,Open Human Disturbed,High human modification,NA,NA
Trailing Daisy,Asterales,Asteraceae,Sphagneticola,trilobata,Ocola Skipper,Lepidoptera,Hesperiidae,Panoquina,ocola,https://www.inaturalist.org/observations/328210294,Quiet Waters,Panoquina ocola,Sphagneticola trilobata,Sphagneticola trilobata | Panoquina ocola,Open Grassy,Open Human Disturbed,High human modification,NA,NA
Diacrodon compressus,Gentianales,Rubiaceae,Diacrodon,compressus,Villa lateralis,Diptera,Bombyliidae,Villa,lateralis,https://www.inaturalist.org/observations/328210296,Highlands Scrub,Villa lateralis,Diacrodon compressus,Diacrodon compressus | Villa lateralis,Sand Pine Scrub,Scrub,Low human modification,NA,NA
Diacrodon compressus,Gentianales,Rubiaceae,Diacrodon,compressus,Western Honey Bee,Hymenoptera,Apidae,Apis,mellifera,,Highlands Scrub,Apis mellifera,Diacrodon compressus,Diacrodon compressus | Apis mellifera,Sand Pine Scrub,Scrub,Low human modification,,Apoidea
Largeflower Mexican Clover,Gentianales,Rubiaceae,Richardia,grandiflora,Western Honey Bee,Hymenoptera,Apidae,Apis,mellifera,,Highlands Scrub,Apis mellifera,Richardia grandiflora,Richardia grandiflora | Apis mellifera,Sand Pine Scrub,Scrub,Low human modification,,Apoidea
Narrowleaf Silkgrass,Asterales,Asteraceae,Pityopsis,graminifolia,Villa lateralis,Diptera,Bombyliidae,Villa,lateralis,https://www.inaturalist.org/observations/328210296,Highlands Scrub,Villa lateralis,Pityopsis graminifolia,Pityopsis graminifolia | Villa lateralis,Sand Pine Scrub,Scrub,Low human modification,NA,NA
Narrowleaf Silkgrass,Asterales,Asteraceae,Pityopsis,graminifolia,Brown-winged Striped Sweat Bee,Hymenoptera,Halictidae,Agapostemon,splendens,https://www.inaturalist.org/observations/329143395,Highlands Scrub,Agapostemon splendens,Pityopsis graminifolia,Pityopsis graminifolia | Agapostemon splendens,Sand Pine Scrub,Scrub,Low human modification,,Apoidea
Narrowleaf Silkgrass,Asterales,Asteraceae,Pityopsis,graminifolia,Poey's Furrow Bee ,Hymenoptera,Halictidae,Halictus,poeyi,,Highlands Scrub,Halictus poeyi,Pityopsis graminifolia,Pityopsis graminifolia | Halictus poeyi,Sand Pine Scrub,Scrub,Low human modification,,Apoidea
Shrubby False Buttonweed,Gentianales,Rubiaceae,Spermacoce,verticillata,Western Honey Bee,Hymenoptera,Apidae,Apis,mellifera,,Highlands Scrub,Apis mellifera,Spermacoce verticillata,Spermacoce verticillata | Apis mellifera,Sand Pine Scrub,Scrub,Low human modification,,Apoidea
Feay's Palafox,Asterales,Asteraceae,Palafoxia,feayi,Western Honey Bee,Hymenoptera,Apidae,Apis,mellifera,,Highlands Scrub,Apis mellifera,Palafoxia feayi,Palafoxia feayi | Apis mellifera,Sand Pine Scrub,Scrub,Low human modification,,Apoidea
Largeflower Mexican Clover,Gentianales,Rubiaceae,Richardia,grandiflora,Western Honey Bee,Hymenoptera,Apidae,Apis,mellifera,,Highlands Scrub,Apis mellifera,Richardia grandiflora,Richardia grandiflora | Apis mellifera,Disturbed Edge,Open Human Disturbed,Low human modification,,Apoidea
Largeflower Mexican Clover,Gentianales,Rubiaceae,Richardia,grandiflora,White Peacock,Lepidoptera,Nymphalidae,Anartia,jatrophae,,Markham,Anartia jatrophae,Richardia grandiflora,Richardia grandiflora | Anartia jatrophae,Open Grassy,Open Human Disturbed,High human modification,NA,NA
Turkey Tangle Frogfruit,Lamiales,Verbenaceae,Phyla,nodiflora,White Peacock,Lepidoptera,Nymphalidae,Anartia,jatrophae,,Markham,Anartia jatrophae,Phyla nodiflora,Phyla nodiflora | Anartia jatrophae,Open Grassy,Open Human Disturbed,High human modification,NA,NA
Largeflower Mexican Clover,Gentianales,Rubiaceae,Richardia,grandiflora,Orange-spotted Flower Moth,Lepidoptera,Crambidae,Syngamia,florella,,Markham,Syngamia florella,Richardia grandiflora,Richardia grandiflora | Syngamia florella,Open Grassy,Open Human Disturbed,High human modification,NA,NA
Largeflower Mexican Clover,Gentianales,Rubiaceae,Richardia,grandiflora,White Peacock,Lepidoptera,Nymphalidae,Anartia,jatrophae,,Markham,Anartia jatrophae,Richardia grandiflora,Richardia grandiflora | Anartia jatrophae,Open Grassy,Open Human Disturbed,High human modification,NA,NA
Shrubby False Buttonweed,Gentianales,Rubiaceae,Spermacoce,verticillata,Western Honey Bee,Hymenoptera,Apidae,Apis,mellifera,,Markham,Apis mellifera,Spermacoce verticillata,Spermacoce verticillata | Apis mellifera,Open Grassy,Open Human Disturbed,High human modification,,Apoidea
Shrubby False Buttonweed,Gentianales,Rubiaceae,Spermacoce,verticillata,Orange-spotted Flower Moth,Lepidoptera,Crambidae,Syngamia,florella,,Markham,Syngamia florella,Spermacoce verticillata,Spermacoce verticillata | Syngamia florella,Open Grassy,Open Human Disturbed,High human modification,NA,NA
Diacrodon compressus,Gentianales,Rubiaceae,Diacrodon,compressus,Western Honey Bee,Hymenoptera,Apidae,Apis,mellifera,,CB Smith,Apis mellifera,Diacrodon compressus,Diacrodon compressus | Apis mellifera,Open Grassy,Open Human Disturbed,High human modification,,Apoidea
Largeflower Mexican Clover,Gentianales,Rubiaceae,Richardia,grandiflora,Fiery Skipper,Lepidoptera,Hesperiidae,Hylephila,phyleus,,CB Smith,Hylephila phyleus,Richardia grandiflora,Richardia grandiflora | Hylephila phyleus,Open Grassy,Open Human Disturbed,High human modification,NA,NA
Largeflower Mexican Clover,Gentianales,Rubiaceae,Richardia,grandiflora,White Peacock,Lepidoptera,Nymphalidae,Anartia,jatrophae,,CB Smith,Anartia jatrophae,Richardia grandiflora,Richardia grandiflora | Anartia jatrophae,Open Grassy,Open Human Disturbed,High human modification,NA,NA
Diacrodon compressus,Gentianales,Rubiaceae,Diacrodon,compressus,White Peacock,Lepidoptera,Nymphalidae,Anartia,jatrophae,,CB Smith,Anartia jatrophae,Diacrodon compressus,Diacrodon compressus | Anartia jatrophae,Open Grassy,Open Human Disturbed,High human modification,NA,NA
Diacrodon compressus,Gentianales,Rubiaceae,Diacrodon,compressus,Phaon Crescent ,Lepidoptera,Nymphalidae,Phyciodes,phaon,,CB Smith,Phyciodes phaon,Diacrodon compressus,Diacrodon compressus | Phyciodes phaon,Open Grassy,Open Human Disturbed,High human modification,NA,NA
Largeflower Mexican Clover,Gentianales,Rubiaceae,Richardia,grandiflora,Western Honey Bee,Hymenoptera,Apidae,Apis,mellifera,,CB Smith,Apis mellifera,Richardia grandiflora,Richardia grandiflora | Apis mellifera,Open Grassy,Open Human Disturbed,High human modification,,Apoidea
Largeflower Mexican Clover,Gentianales,Rubiaceae,Richardia,grandiflora,Orange-spotted Flower Moth,Lepidoptera,Crambidae,Syngamia,florella,,CB Smith,Syngamia florella,Richardia grandiflora,Richardia grandiflora | Syngamia florella,Open Grassy,Open Human Disturbed,High human modification,NA,NA
Diacrodon compressus,Gentianales,Rubiaceae,Diacrodon,compressus,Western Honey Bee,Hymenoptera,Apidae,Apis,mellifera,,CB Smith,Apis mellifera,Diacrodon compressus,Diacrodon compressus | Apis mellifera,Open Grassy,Open Human Disturbed,High human modification,,Apoidea
Sidebeak Pencilflower,Fabales,Fabaceae,Stylosanthes,biflora,Tropical Checkered-Skipper,Lepidoptera,Hesperiidae,Burnsius,oileus,,CB Smith,Burnsius oileus,Stylosanthes biflora,Stylosanthes biflora | Burnsius oileus,Open Grassy,Open Human Disturbed,High human modification,NA,NA
Diacrodon compressus,Gentianales,Rubiaceae,Diacrodon,compressus,Orange-spotted Flower Moth,Lepidoptera,Crambidae,Syngamia,florella,,CB Smith,Syngamia florella,Diacrodon compressus,Diacrodon compressus | Syngamia florella,Open Grassy,Open Human Disturbed,High human modification,NA,NA
Largeflower Mexican Clover,Gentianales,Rubiaceae,Richardia,grandiflora,Western Honey Bee,Hymenoptera,Apidae,Apis,mellifera,,CB Smith,Apis mellifera,Richardia grandiflora,Richardia grandiflora | Apis mellifera,Open Grassy,Open Human Disturbed,High human modification,,Apoidea
Largeflower Mexican Clover,Gentianales,Rubiaceae,Richardia,grandiflora,Western Honey Bee,Hymenoptera,Apidae,Apis,mellifera,,CB Smith,Apis mellifera,Richardia grandiflora,Richardia grandiflora | Apis mellifera,Open Grassy,Open Human Disturbed,High human modification,,Apoidea
Largeflower Mexican Clover,Gentianales,Rubiaceae,Richardia,grandiflora,Fiery Skipper,Lepidoptera,Hesperiidae,Hylephila,phyleus,,CB Smith,Hylephila phyleus,Richardia grandiflora,Richardia grandiflora | Hylephila phyleus,Open Grassy,Open Human Disturbed,High human modification,NA,NA
Diacrodon compressus,Gentianales,Rubiaceae,Diacrodon,compressus,Western Honey Bee,Hymenoptera,Apidae,Apis,mellifera,,CB Smith,Apis mellifera,Diacrodon compressus,Diacrodon compressus | Apis mellifera,Open Grassy,Open Human Disturbed,High human modification,,Apoidea
Diacrodon compressus,Gentianales,Rubiaceae,Diacrodon,compressus,White Peacock,Lepidoptera,Nymphalidae,Anartia,jatrophae,,CB Smith,Anartia jatrophae,Diacrodon compressus,Diacrodon compressus | Anartia jatrophae,Open Grassy,Open Human Disturbed,High human modification,NA,NA
Largeflower Mexican Clover,Gentianales,Rubiaceae,Richardia,grandiflora,Phaon Crescent ,Lepidoptera,Nymphalidae,Phyciodes,phaon,,CB Smith,Phyciodes phaon,Richardia grandiflora,Richardia grandiflora | Phyciodes phaon,Open Grassy,Open Human Disturbed,High human modification,NA,NA
Largeflower Mexican Clover,Gentianales,Rubiaceae,Richardia,grandiflora,Ceraunus Blue,Lepidoptera,Lycaenidae,Hemiargus,ceraunus,,CB Smith,Hemiargus ceraunus,Richardia grandiflora,Richardia grandiflora | Hemiargus ceraunus,Open Grassy,Open Human Disturbed,High human modification,NA,NA
Diacrodon compressus,Gentianales,Rubiaceae,Diacrodon,compressus,Ceraunus Blue,Lepidoptera,Lycaenidae,Hemiargus,ceraunus,,CB Smith,Hemiargus ceraunus,Diacrodon compressus,Diacrodon compressus | Hemiargus ceraunus,Open Grassy,Open Human Disturbed,High human modification,NA,NA
Diacrodon compressus,Gentianales,Rubiaceae,Diacrodon,compressus,Western Honey Bee,Hymenoptera,Apidae,Apis,mellifera,,CB Smith,Apis mellifera,Diacrodon compressus,Diacrodon compressus | Apis mellifera,Open Grassy,Open Human Disturbed,High human modification,,Apoidea
Diacrodon compressus,Gentianales,Rubiaceae,Diacrodon,compressus,Western Honey Bee,Hymenoptera,Apidae,Apis,mellifera,,Vista View,Apis mellifera,Diacrodon compressus,Diacrodon compressus | Apis mellifera,Open Grassy,Open Human Disturbed,High human modification,,Apoidea
Largeflower Mexican Clover,Gentianales,Rubiaceae,Richardia,grandiflora,Western Honey Bee,Hymenoptera,Apidae,Apis,mellifera,,Vista View,Apis mellifera,Richardia grandiflora,Richardia grandiflora | Apis mellifera,Open Grassy,Open Human Disturbed,High human modification,,Apoidea
Largeflower Mexican Clover,Gentianales,Rubiaceae,Richardia,grandiflora,Western Honey Bee,Hymenoptera,Apidae,Apis,mellifera,,Vista View,Apis mellifera,Richardia grandiflora,Richardia grandiflora | Apis mellifera,Open Grassy,Open Human Disturbed,High human modification,,Apoidea
Diacrodon compressus,Gentianales,Rubiaceae,Diacrodon,compressus,Western Honey Bee,Hymenoptera,Apidae,Apis,mellifera,,Vista View,Apis mellifera,Diacrodon compressus,Diacrodon compressus | Apis mellifera,Open Grassy,Open Human Disturbed,High human modification,,Apoidea
Largeflower Mexican Clover,Gentianales,Rubiaceae,Richardia,grandiflora,Western Honey Bee,Hymenoptera,Apidae,Apis,mellifera,,Vista View,Apis mellifera,Richardia grandiflora,Richardia grandiflora | Apis mellifera,Open Grassy,Open Human Disturbed,High human modification,,Apoidea
American Beautyberry,Lamiales,Lamiaceae,Callicarpa,americana,Western Honey Bee,Hymenoptera,Apidae,Apis,mellifera,,Military Trail,Apis mellifera,Callicarpa americana,Callicarpa americana | Apis mellifera,Disturbed Edge,Open Human Disturbed,Low human modification,,Apoidea
White Beggarticks,Asterales,Rubiaceae,Bidens,alba,Orange-spotted Flower Moth,Lepidoptera,Crambidae,Syngamia,florella,,Helene Klein,Syngamia florella,Bidens alba,Bidens alba | Syngamia florella,Pine Flatwoods,Flatwoods,Low human modification,NA,NA
Diacrodon compressus,Gentianales,Rubiaceae,Diacrodon,compressus,Western Honey Bee,Hymenoptera,Apidae,Apis,mellifera,,Quiet Waters,Apis mellifera,Diacrodon compressus,Diacrodon compressus | Apis mellifera,Open Grassy,Open Human Disturbed,High human modification,,Apoidea
Largeflower Mexican Clover,Gentianales,Rubiaceae,Richardia,grandiflora,Western Honey Bee,Hymenoptera,Apidae,Apis,mellifera,,Quiet Waters,Apis mellifera,Richardia grandiflora,Richardia grandiflora | Apis mellifera,Open Grassy,Open Human Disturbed,High human modification,,Apoidea
Trailing Daisy,Asterales,Asteraceae,Sphagneticola,trilobata,White Peacock,Lepidoptera,Nymphalidae,Anartia,jatrophae,,Quiet Waters,Anartia jatrophae,Sphagneticola trilobata,Sphagneticola trilobata | Anartia jatrophae,Open Grassy,Open Human Disturbed,High human modification,NA,NA
Caribbean Stylo,Fabales,Fabaceae,Stylosanthes,hamata,Ceraunus Blue,Lepidoptera,Lycaenidae,Hemiargus,ceraunus,,Quiet Waters,Hemiargus ceraunus,Stylosanthes hamata,Stylosanthes hamata | Hemiargus ceraunus,Open Grassy,Open Human Disturbed,High human modification,NA,NA
Largeflower Mexican Clover,Gentianales,Rubiaceae,Richardia,grandiflora,Three-spotted Skipper,Lepidoptera,Hesperiidae,Cymaenes,tripunctus,https://www.inaturalist.org/observations/329625326,Quiet Waters,Cymaenes tripunctus,Richardia grandiflora,Richardia grandiflora | Cymaenes tripunctus,Open Grassy,Open Human Disturbed,High human modification,NA,NA
Largeflower Mexican Clover,Gentianales,Rubiaceae,Richardia,grandiflora,Dorantes Longtail,Lepidoptera,Hesperiidae,Cecropterus,dorantes,,Quiet Waters,Cecropterus dorantes,Richardia grandiflora,Richardia grandiflora | Cecropterus dorantes,Open Grassy,Open Human Disturbed,High human modification,NA,NA
Largeflower Mexican Clover,Gentianales,Rubiaceae,Richardia,grandiflora,Tropical Checkered-Skipper,Lepidoptera,Hesperiidae,Burnsius,oileus,,Quiet Waters,Burnsius oileus,Richardia grandiflora,Richardia grandiflora | Burnsius oileus,Open Grassy,Open Human Disturbed,High human modification,NA,NA
Diacrodon compressus,Gentianales,Rubiaceae,Diacrodon,compressus,Cassius Blue,Lepidoptera,Lycaenidae,Leptotes,cassius,,Quiet Waters,Leptotes cassius,Diacrodon compressus,Diacrodon compressus | Leptotes cassius,Open Grassy,Open Human Disturbed,High human modification,NA,NA
Largeflower Mexican Clover,Gentianales,Rubiaceae,Richardia,grandiflora,Western Honey Bee,Hymenoptera,Apidae,Apis,mellifera,,Quiet Waters,Apis mellifera,Richardia grandiflora,Richardia grandiflora | Apis mellifera,Open Grassy,Open Human Disturbed,High human modification,,Apoidea
Diacrodon compressus,Gentianales,Rubiaceae,Diacrodon,compressus,Western Honey Bee,Hymenoptera,Apidae,Apis,mellifera,,Quiet Waters,Apis mellifera,Diacrodon compressus,Diacrodon compressus | Apis mellifera,Open Grassy,Open Human Disturbed,High human modification,,Apoidea
Common Fanpetals,Malvales,Malvaceae,Sida,ulmifolia,Tropical Checkered-Skipper,Lepidoptera,Hesperiidae,Burnsius,oileus,,Quiet Waters,Burnsius oileus,Sida ulmifolia,Sida ulmifolia | Burnsius oileus,Open Grassy,Open Human Disturbed,High human modification,NA,NA
Largeflower Mexican Clover,Gentianales,Rubiaceae,Richardia,grandiflora,Brown-winged Striped Sweat Bee,Hymenoptera,Halictidae,Agapostemon,splendens,https://www.inaturalist.org/observations/329625338,Quiet Waters,Agapostemon splendens,Richardia grandiflora,Richardia grandiflora | Agapostemon splendens,Open Grassy,Open Human Disturbed,High human modification,,Apoidea
White Beggarticks,Asterales,Rubiaceae,Bidens,alba,Western Honey Bee,Hymenoptera,Apidae,Apis,mellifera,,Quiet Waters,Apis mellifera,Bidens alba,Bidens alba | Apis mellifera,Open Grassy,Open Human Disturbed,High human modification,,Apoidea
Largeflower Mexican Clover,Gentianales,Rubiaceae,Richardia,grandiflora,Western Honey Bee,Hymenoptera,Apidae,Apis,mellifera,,Quiet Waters,Apis mellifera,Richardia grandiflora,Richardia grandiflora | Apis mellifera,Open Grassy,Open Human Disturbed,High human modification,,Apoidea
Shrubby False Buttonweed,Gentianales,Rubiaceae,Spermacoce,verticillata,Western Honey Bee,Hymenoptera,Apidae,Apis,mellifera,,Quiet Waters,Apis mellifera,Spermacoce verticillata,Spermacoce verticillata | Apis mellifera,Open Grassy,Open Human Disturbed,High human modification,,Apoidea
Diacrodon compressus,Gentianales,Rubiaceae,Diacrodon,compressus,Western Honey Bee,Hymenoptera,Apidae,Apis,mellifera,,Quiet Waters,Apis mellifera,Diacrodon compressus,Diacrodon compressus | Apis mellifera,Open Grassy,Open Human Disturbed,High human modification,,Apoidea
Diacrodon compressus,Gentianales,Rubiaceae,Diacrodon,compressus,White Peacock,Lepidoptera,Nymphalidae,Anartia,jatrophae,,Quiet Waters,Anartia jatrophae,Diacrodon compressus,Diacrodon compressus | Anartia jatrophae,Open Grassy,Open Human Disturbed,High human modification,NA,NA
White Beggarticks,Asterales,Rubiaceae,Bidens,alba,White Peacock,Lepidoptera,Nymphalidae,Anartia,jatrophae,,Quiet Waters,Anartia jatrophae,Bidens alba,Bidens alba | Anartia jatrophae,Open Grassy,Open Human Disturbed,High human modification,NA,NA
Diacrodon compressus,Gentianales,Rubiaceae,Diacrodon,compressus,Orange-spotted Flower Moth,Lepidoptera,Crambidae,Syngamia,florella,,Quiet Waters,Syngamia florella,Diacrodon compressus,Diacrodon compressus | Syngamia florella,Open Grassy,Open Human Disturbed,High human modification,NA,NA
Shrubby False Buttonweed,Gentianales,Rubiaceae,Spermacoce,verticillata,Orange-spotted Flower Moth,Lepidoptera,Crambidae,Syngamia,florella,,Quiet Waters,Syngamia florella,Spermacoce verticillata,Spermacoce verticillata | Syngamia florella,Open Grassy,Open Human Disturbed,High human modification,NA,NA
Largeflower Mexican Clover,Gentianales,Rubiaceae,Richardia,grandiflora,White Peacock,Lepidoptera,Nymphalidae,Anartia,jatrophae,,Quiet Waters,Anartia jatrophae,Richardia grandiflora,Richardia grandiflora | Anartia jatrophae,Open Grassy,Open Human Disturbed,High human modification,NA,NA
Diacrodon compressus,Gentianales,Rubiaceae,Diacrodon,compressus,Tropical Checkered-Skipper,Lepidoptera,Hesperiidae,Burnsius,oileus,,Quiet Waters,Burnsius oileus,Diacrodon compressus,Diacrodon compressus | Burnsius oileus,Open Grassy,Open Human Disturbed,High human modification,NA,NA
White Beggarticks,Asterales,Rubiaceae,Bidens,alba,Tropical Checkered-Skipper,Lepidoptera,Hesperiidae,Burnsius,oileus,,Quiet Waters,Burnsius oileus,Bidens alba,Bidens alba | Burnsius oileus,Open Grassy,Open Human Disturbed,High human modification,NA,NA
White Beggarticks,Asterales,Rubiaceae,Bidens,alba,Poey's Furrow Bee ,Hymenoptera,Halictidae,Halictus,poeyi,,Quiet Waters,Halictus poeyi,Bidens alba,Bidens alba | Halictus poeyi,Open Grassy,Open Human Disturbed,High human modification,,Apoidea
Largeflower Mexican Clover,Gentianales,Rubiaceae,Richardia,grandiflora,Fiery Skipper,Lepidoptera,Hesperiidae,Hylephila,phyleus,,Quiet Waters,Hylephila phyleus,Richardia grandiflora,Richardia grandiflora | Hylephila phyleus,Open Grassy,Open Human Disturbed,High human modification,NA,NA
Largeflower Mexican Clover,Gentianales,Rubiaceae,Richardia,grandiflora,Western Honey Bee,Hymenoptera,Apidae,Apis,mellifera,,Quiet Waters,Apis mellifera,Richardia grandiflora,Richardia grandiflora | Apis mellifera,Open Grassy,Open Human Disturbed,High human modification,,Apoidea
Diacrodon compressus,Gentianales,Rubiaceae,Diacrodon,compressus,Western Honey Bee,Hymenoptera,Apidae,Apis,mellifera,,Quiet Waters,Apis mellifera,Diacrodon compressus,Diacrodon compressus | Apis mellifera,Open Grassy,Open Human Disturbed,High human modification,,Apoidea
Largeflower Mexican Clover,Gentianales,Rubiaceae,Richardia,grandiflora,Brown-winged Striped Sweat Bee,Hymenoptera,Halictidae,Agapostemon,splendens,https://www.inaturalist.org/observations/329625372,Quiet Waters,Agapostemon splendens,Richardia grandiflora,Richardia grandiflora | Agapostemon splendens,Open Grassy,Open Human Disturbed,High human modification,,Apoidea
Diacrodon compressus,Gentianales,Rubiaceae,Diacrodon,compressus,Orange-spotted Flower Moth,Lepidoptera,Crambidae,Syngamia,florella,,Quiet Waters,Syngamia florella,Diacrodon compressus,Diacrodon compressus | Syngamia florella,Open Grassy,Open Human Disturbed,High human modification,NA,NA
Diacrodon compressus,Gentianales,Rubiaceae,Diacrodon,compressus,Brown-winged Striped Sweat Bee,Hymenoptera,Halictidae,Agapostemon,splendens,https://www.inaturalist.org/observations/329625380,Quiet Waters,Agapostemon splendens,Diacrodon compressus,Diacrodon compressus | Agapostemon splendens,Open Grassy,Open Human Disturbed,High human modification,,Apoidea
White Beggarticks,Asterales,Rubiaceae,Bidens,alba,Western Honey Bee,Hymenoptera,Apidae,Apis,mellifera,,Long Key,Apis mellifera,Bidens alba,Bidens alba | Apis mellifera,Open Grassy,Open Human Disturbed,Low human modification,,Apoidea
Shrubby False Buttonweed,Gentianales,Rubiaceae,Spermacoce,verticillata,Western Honey Bee,Hymenoptera,Apidae,Apis,mellifera,,Long Key,Apis mellifera,Spermacoce verticillata,Spermacoce verticillata | Apis mellifera,Open Grassy,Open Human Disturbed,Low human modification,,Apoidea
White Beggarticks,Asterales,Rubiaceae,Bidens,alba,Phaon Crescent ,Lepidoptera,Nymphalidae,Phyciodes,phaon,,Long Key,Phyciodes phaon,Bidens alba,Bidens alba | Phyciodes phaon,Open Grassy,Open Human Disturbed,Low human modification,NA,NA
Shrubby False Buttonweed,Gentianales,Rubiaceae,Spermacoce,verticillata,Orange-spotted Flower Moth,Lepidoptera,Crambidae,Syngamia,florella,,Long Key,Syngamia florella,Spermacoce verticillata,Spermacoce verticillata | Syngamia florella,Open Grassy,Open Human Disturbed,Low human modification,NA,NA
Largeflower Mexican Clover,Gentianales,Rubiaceae,Richardia,grandiflora,Western Honey Bee,Hymenoptera,Apidae,Apis,mellifera,,Highlands Scrub,Apis mellifera,Richardia grandiflora,Richardia grandiflora | Apis mellifera,Disturbed Edge,Open Human Disturbed,Low human modification,,Apoidea
Diacrodon compressus,Gentianales,Rubiaceae,Diacrodon,compressus,Western Honey Bee,Hymenoptera,Apidae,Apis,mellifera,,Highlands Scrub,Apis mellifera,Diacrodon compressus,Diacrodon compressus | Apis mellifera,Disturbed Edge,Open Human Disturbed,Low human modification,,Apoidea
White Beggarticks,Asterales,Rubiaceae,Bidens,alba,Western Honey Bee,Hymenoptera,Apidae,Apis,mellifera,,Markham,Apis mellifera,Bidens alba,Bidens alba | Apis mellifera,Open Grassy,Open Human Disturbed,High human modification,,Apoidea
White Beggarticks,Asterales,Rubiaceae,Bidens,alba,White Peacock,Lepidoptera,Nymphalidae,Anartia,jatrophae,,Markham,Anartia jatrophae,Bidens alba,Bidens alba | Anartia jatrophae,Open Grassy,Open Human Disturbed,High human modification,NA,NA
Shrubby False Buttonweed,Gentianales,Rubiaceae,Spermacoce,verticillata,Western Honey Bee,Hymenoptera,Apidae,Apis,mellifera,,Markham,Apis mellifera,Spermacoce verticillata,Spermacoce verticillata | Apis mellifera,Open Grassy,Open Human Disturbed,High human modification,,Apoidea
Diacrodon compressus,Gentianales,Rubiaceae,Diacrodon,compressus,Western Honey Bee,Hymenoptera,Apidae,Apis,mellifera,,CB Smith,Apis mellifera,Diacrodon compressus,Diacrodon compressus | Apis mellifera,Open Grassy,Open Human Disturbed,High human modification,,Apoidea
Shrubby False Buttonweed,Gentianales,Rubiaceae,Spermacoce,verticillata,Orange-spotted Flower Moth,Lepidoptera,Crambidae,Syngamia,florella,,CB Smith,Syngamia florella,Spermacoce verticillata,Spermacoce verticillata | Syngamia florella,Open Grassy,Open Human Disturbed,High human modification,NA,NA
Shrubby False Buttonweed,Gentianales,Rubiaceae,Spermacoce,verticillata,Western Honey Bee,Hymenoptera,Apidae,Apis,mellifera,,CB Smith,Apis mellifera,Spermacoce verticillata,Spermacoce verticillata | Apis mellifera,Open Grassy,Open Human Disturbed,High human modification,,Apoidea
Largeflower Mexican Clover,Gentianales,Rubiaceae,Richardia,grandiflora,Western Honey Bee,Hymenoptera,Apidae,Apis,mellifera,,CB Smith,Apis mellifera,Richardia grandiflora,Richardia grandiflora | Apis mellifera,Open Grassy,Open Human Disturbed,High human modification,,Apoidea
Largeflower Mexican Clover,Gentianales,Rubiaceae,Richardia,grandiflora,Western Honey Bee,Hymenoptera,Apidae,Apis,mellifera,,CB Smith,Apis mellifera,Richardia grandiflora,Richardia grandiflora | Apis mellifera,Open Grassy,Open Human Disturbed,High human modification,,Apoidea
Shrubby False Buttonweed,Gentianales,Rubiaceae,Spermacoce,verticillata,Western Honey Bee,Hymenoptera,Apidae,Apis,mellifera,,CB Smith,Apis mellifera,Spermacoce verticillata,Spermacoce verticillata | Apis mellifera,Open Grassy,Open Human Disturbed,High human modification,,Apoidea
Diacrodon compressus,Gentianales,Rubiaceae,Diacrodon,compressus,Western Honey Bee,Hymenoptera,Apidae,Apis,mellifera,,CB Smith,Apis mellifera,Diacrodon compressus,Diacrodon compressus | Apis mellifera,Open Grassy,Open Human Disturbed,High human modification,,Apoidea
Diacrodon compressus,Gentianales,Rubiaceae,Diacrodon,compressus,Western Honey Bee,Hymenoptera,Apidae,Apis,mellifera,,Quiet Waters,Apis mellifera,Diacrodon compressus,Diacrodon compressus | Apis mellifera,Open Grassy,Open Human Disturbed,High human modification,,Apoidea
Diacrodon compressus,Gentianales,Rubiaceae,Diacrodon,compressus,Orange-spotted Flower Moth,Lepidoptera,Crambidae,Syngamia,florella,,Quiet Waters,Syngamia florella,Diacrodon compressus,Diacrodon compressus | Syngamia florella,Open Grassy,Open Human Disturbed,High human modification,NA,NA
Diacrodon compressus,Gentianales,Rubiaceae,Diacrodon,compressus,Ceraunus Blue,Lepidoptera,Lycaenidae,Hemiargus,ceraunus,,Quiet Waters,Hemiargus ceraunus,Diacrodon compressus,Diacrodon compressus | Hemiargus ceraunus,Open Grassy,Open Human Disturbed,High human modification,NA,NA
Largeflower Mexican Clover,Gentianales,Rubiaceae,Richardia,grandiflora,Western Honey Bee,Hymenoptera,Apidae,Apis,mellifera,,Quiet Waters,Apis mellifera,Richardia grandiflora,Richardia grandiflora | Apis mellifera,Open Grassy,Open Human Disturbed,High human modification,,Apoidea
Red Tasselflower,Asterales,Asteraceae,Emilia,fosbergii,Western Honey Bee,Hymenoptera,Apidae,Apis,mellifera,,Military Trail,Apis mellifera,Emilia fosbergii,Emilia fosbergii | Apis mellifera,Scrubby Flatwoods,Scrub,Low human modification,,Apoidea
White Beggarticks,Asterales,Rubiaceae,Bidens,alba,Western Honey Bee,Hymenoptera,Apidae,Apis,mellifera,,Highlands Scrub,Apis mellifera,Bidens alba,Bidens alba | Apis mellifera,Sand Pine Scrub,Scrub,Low human modification,,Apoidea
White Beggarticks,Asterales,Rubiaceae,Bidens,alba,Mallow Scrub-Hairstreak,Lepidoptera,Lycaenidae,Strymon,istapa,,Highlands Scrub,Strymon istapa,Bidens alba,Bidens alba | Strymon istapa,Sand Pine Scrub,Scrub,Low human modification,NA,NA
Shrubby False Buttonweed,Gentianales,Rubiaceae,Spermacoce,verticillata,Coffee-loving Pyrausta Moth,Lepidoptera,Crambidae,Pyrausta,tyralis,,CB Smith,Pyrausta tyralis,Spermacoce verticillata,Spermacoce verticillata | Pyrausta tyralis,Open Grassy,Open Human Disturbed,High human modification,NA,NA
Diacrodon compressus,Gentianales,Rubiaceae,Diacrodon,compressus,Western Honey Bee,Hymenoptera,Apidae,Apis,mellifera,,Vista View,Apis mellifera,Diacrodon compressus,Diacrodon compressus | Apis mellifera,Open Grassy,Open Human Disturbed,High human modification,,Apoidea
Shrubby False Buttonweed,Gentianales,Rubiaceae,Spermacoce,verticillata,Western Honey Bee,Hymenoptera,Apidae,Apis,mellifera,,Vista View,Apis mellifera,Spermacoce verticillata,Spermacoce verticillata | Apis mellifera,Open Grassy,Open Human Disturbed,High human modification,,Apoidea
White Beggarticks,Asterales,Rubiaceae,Bidens,alba,Western Honey Bee,Hymenoptera,Apidae,Apis,mellifera,,Vista View,Apis mellifera,Bidens alba,Bidens alba | Apis mellifera,Open Grassy,Open Human Disturbed,High human modification,,Apoidea
White Beggarticks,Asterales,Rubiaceae,Bidens,alba,Western Honey Bee,Hymenoptera,Apidae,Apis,mellifera,,Quiet Waters,Apis mellifera,Bidens alba,Bidens alba | Apis mellifera,Open Grassy,Open Human Disturbed,High human modification,,Apoidea
Shrubby False Buttonweed,Gentianales,Rubiaceae,Spermacoce,verticillata,Barred Yellow,Lepidoptera,Pieridae,Eurema,daira,,Quiet Waters,Eurema daira,Spermacoce verticillata,Spermacoce verticillata | Eurema daira,Open Grassy,Open Human Disturbed,High human modification,NA,NA
Diacrodon compressus,Gentianales,Rubiaceae,Diacrodon,compressus,Western Honey Bee,Hymenoptera,Apidae,Apis,mellifera,,Quiet Waters,Apis mellifera,Diacrodon compressus,Diacrodon compressus | Apis mellifera,Open Grassy,Open Human Disturbed,High human modification,,Apoidea
Shrubby False Buttonweed,Gentianales,Rubiaceae,Spermacoce,verticillata,Western Honey Bee,Hymenoptera,Apidae,Apis,mellifera,,Quiet Waters,Apis mellifera,Spermacoce verticillata,Spermacoce verticillata | Apis mellifera,Open Grassy,Open Human Disturbed,High human modification,,Apoidea
White Beggarticks,Asterales,Rubiaceae,Bidens,alba,Mallow Scrub-Hairstreak,Lepidoptera,Lycaenidae,Strymon,istapa,,Quiet Waters,Strymon istapa,Bidens alba,Bidens alba | Strymon istapa,Open Grassy,Open Human Disturbed,High human modification,NA,NA
Largeflower Mexican Clover,Gentianales,Rubiaceae,Richardia,grandiflora,Gulf Fritillary,Lepidoptera,Nymphalidae,Dione ,vanillae,,Quiet Waters,Dione  vanillae,Richardia grandiflora,Richardia grandiflora | Dione  vanillae,Open Grassy,Open Human Disturbed,High human modification,NA,NA
White Beggarticks,Asterales,Rubiaceae,Bidens,alba,Barred Yellow,Lepidoptera,Pieridae,Eurema,daira,,Quiet Waters,Eurema daira,Bidens alba,Bidens alba | Eurema daira,Open Grassy,Open Human Disturbed,High human modification,NA,NA
Largeflower Mexican Clover,Gentianales,Rubiaceae,Richardia,grandiflora,Barred Yellow,Lepidoptera,Pieridae,Eurema,daira,,Quiet Waters,Eurema daira,Richardia grandiflora,Richardia grandiflora | Eurema daira,Open Grassy,Open Human Disturbed,High human modification,NA,NA
White Beggarticks,Asterales,Rubiaceae,Bidens,alba,Dainty Sulphur,Lepidoptera,Pieridae,Nathalis,iole,,Quiet Waters,Nathalis iole,Bidens alba,Bidens alba | Nathalis iole,Open Grassy,Open Human Disturbed,High human modification,NA,NA
White Beggarticks,Asterales,Rubiaceae,Bidens,alba,Horace's Duskywing,Lepidoptera,Hesperiidae,Erynnis,horatius,https://www.inaturalist.org/observations/340173742,Quiet Waters,Erynnis horatius,Bidens alba,Bidens alba | Erynnis horatius,Open Grassy,Open Human Disturbed,High human modification,NA,NA
Largeflower Mexican Clover,Gentianales,Rubiaceae,Richardia,grandiflora,Gulf Fritillary,Lepidoptera,Nymphalidae,Dione ,vanillae,,Quiet Waters,Dione  vanillae,Richardia grandiflora,Richardia grandiflora | Dione  vanillae,Open Grassy,Open Human Disturbed,High human modification,NA,NA
Shrubby False Buttonweed,Gentianales,Rubiaceae,Spermacoce,verticillata,White Peacock,Lepidoptera,Nymphalidae,Anartia,jatrophae,,Quiet Waters,Anartia jatrophae,Spermacoce verticillata,Spermacoce verticillata | Anartia jatrophae,Open Grassy,Open Human Disturbed,High human modification,NA,NA
Shrubby False Buttonweed,Gentianales,Rubiaceae,Spermacoce,verticillata,Orange-spotted Flower Moth,Lepidoptera,Crambidae,Syngamia,florella,,Quiet Waters,Syngamia florella,Spermacoce verticillata,Spermacoce verticillata | Syngamia florella,Pine Flatwoods,Flatwoods,High human modification,NA,NA
Largeflower Mexican Clover,Gentianales,Rubiaceae,Richardia,grandiflora,Villa lateralis,Diptera,Bombyliidae,Villa,lateralis,https://www.inaturalist.org/observations/345033621,Quiet Waters,Villa lateralis,Richardia grandiflora,Richardia grandiflora | Villa lateralis,Open Grassy,Open Human Disturbed,High human modification,NA,NA
Creeping Beggarweed,Fabales,Fabaceae,Desmodium,incanum,Ceraunus Blue,Lepidoptera,Lycaenidae,Hemiargus,ceraunus,,Quiet Waters,Hemiargus ceraunus,Desmodium incanum,Desmodium incanum | Hemiargus ceraunus,Open Grassy,Open Human Disturbed,High human modification,NA,NA
White Beggarticks,Asterales,Rubiaceae,Bidens,alba,Western Honey Bee,Hymenoptera,Apidae,Apis,mellifera,,Quiet Waters,Apis mellifera,Bidens alba,Bidens alba | Apis mellifera,Open Grassy,Open Human Disturbed,High human modification,,Apoidea
White Beggarticks,Asterales,Rubiaceae,Bidens,alba,Dainty Sulphur,Lepidoptera,Pieridae,Nathalis,iole,,Quiet Waters,Nathalis iole,Bidens alba,Bidens alba | Nathalis iole,Open Grassy,Open Human Disturbed,High human modification,NA,NA
Saw Palmetto,Arecales,Arecaceae,Serenoa,repens,Western Honey Bee,Hymenoptera,Apidae,Apis,mellifera,,Military Trail,Apis mellifera,Serenoa repens,Serenoa repens | Apis mellifera,Scrubby Flatwoods,Scrub,Low human modification,,Apoidea
Saw Palmetto,Arecales,Arecaceae,Serenoa,repens,Dark Flower Scarab,Coleoptera,Scarabaeidae,Euphoria,sepulcralis,https://www.inaturalist.org/observations/345140480,Military Trail,Euphoria sepulcralis,Serenoa repens,Serenoa repens | Euphoria sepulcralis,Scrubby Flatwoods,Scrub,Low human modification,Cetoniinae,
Saw Palmetto,Arecales,Arecaceae,Serenoa,repens,Western Honey Bee,Hymenoptera,Apidae,Apis,mellifera,,Military Trail,Apis mellifera,Serenoa repens,Serenoa repens | Apis mellifera,Oak Dominated Scrub,Scrub,Low human modification,,Apoidea
Saw Palmetto,Arecales,Arecaceae,Serenoa,repens,Dark Flower Scarab,Coleoptera,Scarabaeidae,Euphoria,sepulcralis,https://www.inaturalist.org/observations/345033607,Military Trail,Euphoria sepulcralis,Serenoa repens,Serenoa repens | Euphoria sepulcralis,Oak Dominated Scrub,Scrub,Low human modification,Cetoniinae,
Saw Palmetto,Arecales,Arecaceae,Serenoa,repens,Western Honey Bee,Hymenoptera,Apidae,Apis,mellifera,,Military Trail,Apis mellifera,Serenoa repens,Serenoa repens | Apis mellifera,Oak Dominated Scrub,Scrub,Low human modification,,Apoidea
Shrubby False Buttonweed,Gentianales,Rubiaceae,Spermacoce,verticillata,Western Honey Bee,Hymenoptera,Apidae,Apis,mellifera,,Vista View,Apis mellifera,Spermacoce verticillata,Spermacoce verticillata | Apis mellifera,Open Grassy,Open Human Disturbed,High human modification,,Apoidea
Shrubby False Buttonweed,Gentianales,Rubiaceae,Spermacoce,verticillata,Western Honey Bee,Hymenoptera,Apidae,Apis,mellifera,,Markham,Apis mellifera,Spermacoce verticillata,Spermacoce verticillata | Apis mellifera,Open Grassy,Open Human Disturbed,High human modification,,Apoidea
White Beggarticks,Asterales,Rubiaceae,Bidens,alba,Western Honey Bee,Hymenoptera,Apidae,Apis,mellifera,,Markham,Apis mellifera,Bidens alba,Bidens alba | Apis mellifera,Open Grassy,Open Human Disturbed,High human modification,,Apoidea
Virginia Pepperweed,Brassicales,Brassicaceae,Lepidium,virginicum,Western Honey Bee,Hymenoptera,Apidae,Apis,mellifera,,Markham,Apis mellifera,Lepidium virginicum,Lepidium virginicum | Apis mellifera,Open Grassy,Open Human Disturbed,High human modification,,Apoidea
White Beggarticks,Asterales,Rubiaceae,Bidens,alba,Poey's Furrow Bee ,Hymenoptera,Halictidae,Halictus,poeyi,,Markham,Halictus poeyi,Bidens alba,Bidens alba | Halictus poeyi,Open Grassy,Open Human Disturbed,High human modification,,Apoidea
Shrubby False Buttonweed,Gentianales,Rubiaceae,Spermacoce,verticillata,Western Honey Bee,Hymenoptera,Apidae,Apis,mellifera,,Markham,Apis mellifera,Spermacoce verticillata,Spermacoce verticillata | Apis mellifera,Open Grassy,Open Human Disturbed,High human modification,,Apoidea
Rattail,Lamiales,Verbenaceae,Stachytarpheta,cayennensis,Zebra Longwing,Lepidoptera,Nymphalidae,Heliconius,charithonia,,Markham,Heliconius charithonia,Stachytarpheta cayennensis,Stachytarpheta cayennensis | Heliconius charithonia,Hammock,Hammock,High human modification,NA,NA
Rattail,Lamiales,Verbenaceae,Stachytarpheta,cayennensis,Three-spotted Skipper,Lepidoptera,Hesperiidae,Cymaenes,tripunctus,,Markham,Cymaenes tripunctus,Stachytarpheta cayennensis,Stachytarpheta cayennensis | Cymaenes tripunctus,Hammock,Hammock,High human modification,NA,NA
Shiny-leaved Wild Coffee,Gentianales,Rubiaceae,Psychotria,nervosa,Zebra Longwing,Lepidoptera,Nymphalidae,Heliconius,charithonia,,Markham,Heliconius charithonia,Psychotria nervosa,Psychotria nervosa | Heliconius charithonia,Hammock,Hammock,High human modification,NA,NA
Shiny-leaved Wild Coffee,Gentianales,Rubiaceae,Psychotria,nervosa,Julia Heliconian,Lepidoptera,Nymphalidae,Dryas,iulia,,Markham,Dryas iulia,Psychotria nervosa,Psychotria nervosa | Dryas iulia,Hammock,Hammock,High human modification,NA,NA
Rattail,Lamiales,Verbenaceae,Stachytarpheta,cayennensis,Julia Heliconian,Lepidoptera,Nymphalidae,Dryas,iulia,,Markham,Dryas iulia,Stachytarpheta cayennensis,Stachytarpheta cayennensis | Dryas iulia,Hammock,Hammock,High human modification,NA,NA
White Beggarticks,Asterales,Rubiaceae,Bidens,alba,Zebra Longwing,Lepidoptera,Nymphalidae,Heliconius,charithonia,,Markham,Heliconius charithonia,Bidens alba,Bidens alba | Heliconius charithonia,Hammock,Hammock,High human modification,NA,NA
Inchplant,Commelinales,Commelinaceae,Tradescantia,zebrina,Western Honey Bee,Hymenoptera,Apidae,Apis,mellifera,,Markham,Apis mellifera,Tradescantia zebrina,Tradescantia zebrina | Apis mellifera,Hammock,Hammock,High human modification,,Apoidea
White Beggarticks,Asterales,Rubiaceae,Bidens,alba,Dainty Sulphur,Lepidoptera,Pieridae,Nathalis,iole,,CB Smith,Nathalis iole,Bidens alba,Bidens alba | Nathalis iole,Open Grassy,Open Human Disturbed,High human modification,NA,NA
White Beggarticks,Asterales,Rubiaceae,Bidens,alba,Western Honey Bee,Hymenoptera,Apidae,Apis,mellifera,,CB Smith,Apis mellifera,Bidens alba,Bidens alba | Apis mellifera,Open Grassy,Open Human Disturbed,High human modification,,Apoidea
White Beggarticks,Asterales,Rubiaceae,Bidens,alba,Fiery Skipper,Lepidoptera,Hesperiidae,Hylephila,phyleus,,CB Smith,Hylephila phyleus,Bidens alba,Bidens alba | Hylephila phyleus,Open Grassy,Open Human Disturbed,High human modification,NA,NA
White Beggarticks,Asterales,Rubiaceae,Bidens,alba,Mallow Scrub-Hairstreak,Lepidoptera,Lycaenidae,Strymon,istapa,,CB Smith,Strymon istapa,Bidens alba,Bidens alba | Strymon istapa,Open Grassy,Open Human Disturbed,High human modification,NA,NA
Shrubby False Buttonweed,Gentianales,Rubiaceae,Spermacoce,verticillata,Western Honey Bee,Hymenoptera,Apidae,Apis,mellifera,,CB Smith,Apis mellifera,Spermacoce verticillata,Spermacoce verticillata | Apis mellifera,Open Grassy,Open Human Disturbed,High human modification,,Apoidea
Oakleaf Fleabane,Asterales,Asteraceae,Erigeron,quercifolius,Dainty Sulphur,Lepidoptera,Pieridae,Nathalis,iole,,Vista View,Nathalis iole,Erigeron quercifolius,Erigeron quercifolius | Nathalis iole,Open Grassy,Open Human Disturbed,High human modification,NA,NA
Oakleaf Fleabane,Asterales,Asteraceae,Erigeron,quercifolius,Ceraunus Blue,Lepidoptera,Lycaenidae,Hemiargus,ceraunus,,Vista View,Hemiargus ceraunus,Erigeron quercifolius,Erigeron quercifolius | Hemiargus ceraunus,Open Grassy,Open Human Disturbed,High human modification,NA,NA
Oakleaf Fleabane,Asterales,Asteraceae,Erigeron,quercifolius,Poey's Furrow Bee ,Hymenoptera,Halictidae,Halictus,poeyi,,Vista View,Halictus poeyi,Erigeron quercifolius,Erigeron quercifolius | Halictus poeyi,Open Grassy,Open Human Disturbed,High human modification,,Apoidea
White Beggarticks,Asterales,Rubiaceae,Bidens,alba,Dainty Sulphur,Lepidoptera,Pieridae,Nathalis,iole,,Vista View,Nathalis iole,Bidens alba,Bidens alba | Nathalis iole,Open Grassy,Open Human Disturbed,High human modification,NA,NA
Shrubby False Buttonweed,Gentianales,Rubiaceae,Spermacoce,verticillata,Western Honey Bee,Hymenoptera,Apidae,Apis,mellifera,,Vista View,Apis mellifera,Spermacoce verticillata,Spermacoce verticillata | Apis mellifera,Open Grassy,Open Human Disturbed,High human modification,,Apoidea
Diacrodon compressus,Gentianales,Rubiaceae,Diacrodon,compressus,Western Honey Bee,Hymenoptera,Apidae,Apis,mellifera,,Vista View,Apis mellifera,Diacrodon compressus,Diacrodon compressus | Apis mellifera,Open Grassy,Open Human Disturbed,High human modification,,Apoidea
Shrubby False Buttonweed,Gentianales,Rubiaceae,Spermacoce,verticillata,Western Honey Bee,Hymenoptera,Apidae,Apis,mellifera,,Vista View,Apis mellifera,Spermacoce verticillata,Spermacoce verticillata | Apis mellifera,Open Grassy,Open Human Disturbed,High human modification,,Apoidea
White Beggarticks,Asterales,Rubiaceae,Bidens,alba,Western Honey Bee,Hymenoptera,Apidae,Apis,mellifera,,Vista View,Apis mellifera,Bidens alba,Bidens alba | Apis mellifera,Open Grassy,Open Human Disturbed,High human modification,,Apoidea
White Beggarticks,Asterales,Rubiaceae,Bidens,alba,Dainty Sulphur,Lepidoptera,Pieridae,Nathalis,iole,,Vista View,Nathalis iole,Bidens alba,Bidens alba | Nathalis iole,Open Grassy,Open Human Disturbed,High human modification,NA,NA
White Beggarticks,Asterales,Rubiaceae,Bidens,alba,Mallow Scrub-Hairstreak,Lepidoptera,Lycaenidae,Strymon,istapa,,Vista View,Strymon istapa,Bidens alba,Bidens alba | Strymon istapa,Open Grassy,Open Human Disturbed,High human modification,NA,NA
White Beggarticks,Asterales,Rubiaceae,Bidens,alba,Western Honey Bee,Hymenoptera,Apidae,Apis,mellifera,,Military Trail,Apis mellifera,Bidens alba,Bidens alba | Apis mellifera,Sand Pine Scrub,Scrub,Low human modification,,Apoidea
White Beggarticks,Asterales,Rubiaceae,Bidens,alba,Eastern Giant Swallowtail,Lepidoptera,Papilionidae,Heraclides,cresphontes,,Military Trail,Heraclides cresphontes,Bidens alba,Bidens alba | Heraclides cresphontes,Sand Pine Scrub,Scrub,Low human modification,NA,NA
White Beggarticks,Asterales,Rubiaceae,Bidens,alba,Western Honey Bee,Hymenoptera,Apidae,Apis,mellifera,,Military Trail,Apis mellifera,Bidens alba,Bidens alba | Apis mellifera,Scrubby Flatwoods,Scrub,Low human modification,,Apoidea
White Beggarticks,Asterales,Rubiaceae,Bidens,alba,Gulf Fritillary,Lepidoptera,Nymphalidae,Dione ,vanillae,,Military Trail,Dione  vanillae,Bidens alba,Bidens alba | Dione  vanillae,Scrubby Flatwoods,Scrub,Low human modification,NA,NA
White Beggarticks,Asterales,Rubiaceae,Bidens,alba,Coelioxys slossoni,Hymenoptera,Megachilidae,Coelioxys,slossoni,https://www.inaturalist.org/observations/358461719,Military Trail,Coelioxys slossoni,Bidens alba,Bidens alba | Coelioxys slossoni,Scrubby Flatwoods,Scrub,Low human modification,,Apoidea
Saw Palmetto,Arecales,Arecaceae,Serenoa,repens,Western Honey Bee,Hymenoptera,Apidae,Apis,mellifera,,Military Trail,Apis mellifera,Serenoa repens,Serenoa repens | Apis mellifera,Scrubby Flatwoods,Scrub,Low human modification,,Apoidea
Saw Palmetto,Arecales,Arecaceae,Serenoa,repens,Western Honey Bee,Hymenoptera,Apidae,Apis,mellifera,,Quiet Waters,Apis mellifera,Serenoa repens,Serenoa repens | Apis mellifera,Pine Flatwoods,Flatwoods,High human modification,,Apoidea
Shrubby False Buttonweed,Gentianales,Rubiaceae,Spermacoce,verticillata,Western Honey Bee,Hymenoptera,Apidae,Apis,mellifera,,Quiet Waters,Apis mellifera,Spermacoce verticillata,Spermacoce verticillata | Apis mellifera,Open Grassy,Open Human Disturbed,High human modification,,Apoidea
Common Fanpetals,Malvales,Malvaceae,Sida,ulmifolia,Dainty Sulphur,Lepidoptera,Pieridae,Nathalis,iole,,Quiet Waters,Nathalis iole,Sida ulmifolia,Sida ulmifolia | Nathalis iole,Open Grassy,Open Human Disturbed,High human modification,NA,NA
Creeping Indigo,Fabales,Fabaceae,Indigofera,spicata,Ceraunus Blue,Lepidoptera,Lycaenidae,Hemiargus,ceraunus,,Quiet Waters,Hemiargus ceraunus,Indigofera spicata,Indigofera spicata | Hemiargus ceraunus,Open Grassy,Open Human Disturbed,High human modification,NA,NA
Straggler Daisy,Asterales,Asteraceae,Calyptocarpus,vialis,Poecilanthrax lucifer,Diptera,Bombyliidae,Poecilanthrax,lucifer,,Quiet Waters,Poecilanthrax lucifer,Calyptocarpus vialis,Calyptocarpus vialis | Poecilanthrax lucifer,Open Grassy,Open Human Disturbed,High human modification,NA,NA
Spiny Amaranth,Caryophyllales,Amaranthaceae,Amaranthus,spinosus,Poecilanthrax lucifer,Diptera,Bombyliidae,Poecilanthrax,lucifer,,Quiet Waters,Poecilanthrax lucifer,Amaranthus spinosus,Amaranthus spinosus | Poecilanthrax lucifer,Open Grassy,Open Human Disturbed,High human modification,NA,NA
Saw Palmetto,Arecales,Arecaceae,Serenoa,repens,Western Honey Bee,Hymenoptera,Apidae,Apis,mellifera,,Helene Klein,Apis mellifera,Serenoa repens,Serenoa repens | Apis mellifera,Pine Flatwoods,Flatwoods,Low human modification,,Apoidea
Saw Palmetto,Arecales,Arecaceae,Serenoa,repens,Western Honey Bee,Hymenoptera,Apidae,Apis,mellifera,,Highlands Scrub,Apis mellifera,Serenoa repens,Serenoa repens | Apis mellifera,Sand Pine Scrub,Scrub,Low human modification,,Apoidea
Saw Palmetto,Arecales,Arecaceae,Serenoa,repens,Western Honey Bee,Hymenoptera,Apidae,Apis,mellifera,,Highlands Scrub,Apis mellifera,Serenoa repens,Serenoa repens | Apis mellifera,Sand Pine Scrub,Scrub,Low human modification,,Apoidea
White Beggarticks,Asterales,Rubiaceae,Bidens,alba,Western Honey Bee,Hymenoptera,Apidae,Apis,mellifera,,Long Key,Apis mellifera,Bidens alba,Bidens alba | Apis mellifera,Open Grassy,Open Human Disturbed,Low human modification,,Apoidea
White Beggarticks,Asterales,Rubiaceae,Bidens,alba,Poey's Furrow Bee ,Hymenoptera,Halictidae,Halictus,poeyi,,Long Key,Halictus poeyi,Bidens alba,Bidens alba | Halictus poeyi,Open Grassy,Open Human Disturbed,Low human modification,,Apoidea
White Beggarticks,Asterales,Rubiaceae,Bidens,alba,Monarch,Lepidoptera,Nymphalidae,Danaus,plexippus,,Long Key,Danaus plexippus,Bidens alba,Bidens alba | Danaus plexippus,Open Grassy,Open Human Disturbed,Low human modification,NA,NA
White Beggarticks,Asterales,Rubiaceae,Bidens,alba,Horace's Duskywing,Lepidoptera,Hesperiidae,Erynnis,horatius,,Long Key,Erynnis horatius,Bidens alba,Bidens alba | Erynnis horatius,Open Grassy,Open Human Disturbed,Low human modification,NA,NA
River Sage,Lamiales,Lamiaceae,Salvia,misella,Western Honey Bee,Hymenoptera,Apidae,Apis,mellifera,,Long Key,Apis mellifera,Salvia misella,Salvia misella | Apis mellifera,Open Grassy,Open Human Disturbed,Low human modification,,Apoidea
Wild Leadwort,Caryophyllales,Plumbaginaceae,Plumbago,zeylanica,Cassius Blue,Lepidoptera,Lycaenidae,Leptotes,cassius,,Long Key,Leptotes cassius,Plumbago zeylanica,Plumbago zeylanica | Leptotes cassius,Open Grassy,Open Human Disturbed,Low human modification,NA,NA
White Beggarticks,Asterales,Rubiaceae,Bidens,alba,Mallow Scrub-Hairstreak,Lepidoptera,Lycaenidae,Strymon,istapa,,Long Key,Strymon istapa,Bidens alba,Bidens alba | Strymon istapa,Open Grassy,Open Human Disturbed,Low human modification,NA,NA
White Beggarticks,Asterales,Rubiaceae,Bidens,alba,Cassius Blue,Lepidoptera,Lycaenidae,Leptotes,cassius,,Long Key,Leptotes cassius,Bidens alba,Bidens alba | Leptotes cassius,Open Grassy,Open Human Disturbed,Low human modification,NA,NA
Shiny-leaved Wild Coffee,Gentianales,Rubiaceae,Psychotria,nervosa,Western Honey Bee,Hymenoptera,Apidae,Apis,mellifera,,Long Key,Apis mellifera,Psychotria nervosa,Psychotria nervosa | Apis mellifera,Wetland,Wetland,Low human modification,,Apoidea
White Beggarticks,Asterales,Rubiaceae,Bidens,alba,Western Honey Bee,Hymenoptera,Apidae,Apis,mellifera,,Long Key,Apis mellifera,Bidens alba,Bidens alba | Apis mellifera,Wetland,Wetland,Low human modification,,Apoidea
White Beggarticks,Asterales,Rubiaceae,Bidens,alba,Zebra Longwing,Lepidoptera,Nymphalidae,Heliconius,charithonia,,Long Key,Heliconius charithonia,Bidens alba,Bidens alba | Heliconius charithonia,Wetland,Wetland,Low human modification,NA,NA
White Beggarticks,Asterales,Rubiaceae,Bidens,alba,Horace's Duskywing,Lepidoptera,Hesperiidae,Erynnis,horatius,,Long Key,Erynnis horatius,Bidens alba,Bidens alba | Erynnis horatius,Wetland,Wetland,Low human modification,NA,NA
White Beggarticks,Asterales,Rubiaceae,Bidens,alba,Ruddy Daggerwing,Lepidoptera,Nymphalidae,Marpesia,petreus,,Long Key,Marpesia petreus,Bidens alba,Bidens alba | Marpesia petreus,Wetland,Wetland,Low human modification,NA,NA
Shiny-leaved Wild Coffee,Gentianales,Rubiaceae,Psychotria,nervosa,Red Admiral,Lepidoptera,Nymphalidae,Vanessa,atalanta,,Long Key,Vanessa atalanta,Psychotria nervosa,Psychotria nervosa | Vanessa atalanta,Wetland,Wetland,Low human modification,NA,NA
White Beggarticks,Asterales,Rubiaceae,Bidens,alba,Red Admiral,Lepidoptera,Nymphalidae,Vanessa,atalanta,,Long Key,Vanessa atalanta,Bidens alba,Bidens alba | Vanessa atalanta,Wetland,Wetland,Low human modification,NA,NA
White Beggarticks,Asterales,Rubiaceae,Bidens,alba,Julia Heliconian,Lepidoptera,Nymphalidae,Dryas,iulia,,Long Key,Dryas iulia,Bidens alba,Bidens alba | Dryas iulia,Wetland,Wetland,Low human modification,NA,NA
Shiny-leaved Wild Coffee,Gentianales,Rubiaceae,Psychotria,nervosa,Ruddy Daggerwing,Lepidoptera,Nymphalidae,Marpesia,petreus,,Long Key,Marpesia petreus,Psychotria nervosa,Psychotria nervosa | Marpesia petreus,Wetland,Wetland,Low human modification,NA,NA
