"","Plot.Identifier","Plant.Common.Name","Plant.Order","Plant.Family","Plant.Genus","Plant.Species","Insect.Common.Name","Insect.Order","Insect.Family","Insect.Genus","Insect.Species","Notes","iNat.Link","Second.iNat.link","Park.Name","Month","Year","Insect_ID","Plant_ID","Interaction.ID","Habitat.Type","Habitat.Category","Park.Type","subfamily","superfamily"
"1","MT-04","Bitter Melon","Cucurbitales","Cucurbitaceae","Momordica","charantia","Western Honey Bee","Hymenoptera","Apidae","Apis","mellifera","","","","Military Trail","May",2025,"Apis mellifera","Momordica charantia","Momordica charantia | Apis mellifera","Oak Dominated Scrub","Scrub","Low human modification","","Apoidea"
"2","MT-04","White Beggarticks","Asterales","Rubiaceae","Bidens","alba","Brown-winged Striped Sweat Bee","Hymenoptera","Halictidae","Agapostemon","splendens","check id on iNat","https://www.inaturalist.org/observations/279307199","","Military Trail","May",2025,"Agapostemon splendens","Bidens alba","Bidens alba | Agapostemon splendens","Oak Dominated Scrub","Scrub","Low human modification","","Apoidea"
"3","MT-04","Bitter Melon","Cucurbitales","Cucurbitaceae","Momordica","charantia","Brown-winged Striped Sweat Bee","Hymenoptera","Halictidae","Agapostemon","splendens","check id on iNat","https://www.inaturalist.org/observations/279307199","","Military Trail","May",2025,"Agapostemon splendens","Momordica charantia","Momordica charantia | Agapostemon splendens","Oak Dominated Scrub","Scrub","Low human modification","","Apoidea"
"4","MT-06","Saw Palmetto","Arecales","Arecaceae","Serenoa","repens","Western Honey Bee","Hymenoptera","Apidae","Apis","mellifera","","","","Military Trail","May",2025,"Apis mellifera","Serenoa repens","Serenoa repens | Apis mellifera","Oak Dominated Scrub","Scrub","Low human modification","","Apoidea"
"5","MT-06","Saw Palmetto","Arecales","Arecaceae","Serenoa","repens","Brown-winged Striped Sweat Bee","Hymenoptera","Halictidae","Agapostemon","splendens","check id on iNat","https://www.inaturalist.org/observations/279307183","","Military Trail","May",2025,"Agapostemon splendens","Serenoa repens","Serenoa repens | Agapostemon splendens","Oak Dominated Scrub","Scrub","Low human modification","","Apoidea"
"6","MT-06","American Beautyberry","Lamiales","Lamiaceae","Callicarpa","americana","Western Honey Bee","Hymenoptera","Apidae","Apis","mellifera","","","","Military Trail","May",2025,"Apis mellifera","Callicarpa americana","Callicarpa americana | Apis mellifera","Oak Dominated Scrub","Scrub","Low human modification","","Apoidea"
"7","MK-12","Turkey Tangle Frogfruit","Lamiales","Verbenaceae","Phyla","nodiflora","Western Honey Bee","Hymenoptera","Apidae","Apis","mellifera","","","","Markham","May",2025,"Apis mellifera","Phyla nodiflora","Phyla nodiflora | Apis mellifera","Open Grassy","Open Human Disturbed","High human modification","","Apoidea"
"8","MK-12","White Beggarticks","Asterales","Rubiaceae","Bidens","alba","Poey's Furrow Bee ","Hymenoptera","Halictidae","Halictus","poeyi","","","","Markham","May",2025,"Halictus poeyi","Bidens alba","Bidens alba | Halictus poeyi","Open Grassy","Open Human Disturbed","High human modification","","Apoidea"
"9","MK-12","White Beggarticks","Asterales","Rubiaceae","Bidens","alba","Dainty Sulphur","Lepidoptera","Pieridae","Nathalis","iole","","","","Markham","May",2025,"Nathalis iole","Bidens alba","Bidens alba | Nathalis iole","Open Grassy","Open Human Disturbed","High human modification",NA,NA
"10","MK-12","White Beggarticks","Asterales","Rubiaceae","Bidens","alba","Western Honey Bee","Hymenoptera","Apidae","Apis","mellifera","","","","Markham","May",2025,"Apis mellifera","Bidens alba","Bidens alba | Apis mellifera","Open Grassy","Open Human Disturbed","High human modification","","Apoidea"
"11","MK-12","Shrubby False Buttonweed","Gentianales","Rubiaceae","Spermacoce","verticillata","Poey's Furrow Bee ","Hymenoptera","Halictidae","Halictus","poeyi","","","","Markham","May",2025,"Halictus poeyi","Spermacoce verticillata","Spermacoce verticillata | Halictus poeyi","Open Grassy","Open Human Disturbed","High human modification","","Apoidea"
"12","MK-12","Shrubby False Buttonweed","Gentianales","Rubiaceae","Spermacoce","verticillata","Western Honey Bee","Hymenoptera","Apidae","Apis","mellifera","","","","Markham","May",2025,"Apis mellifera","Spermacoce verticillata","Spermacoce verticillata | Apis mellifera","Open Grassy","Open Human Disturbed","High human modification","","Apoidea"
"13","MK-12","White Beggarticks","Asterales","Rubiaceae","Bidens","alba","Chrysanthrax cypris","Diptera","Bombyliidae","Chrysanthrax","cypris","","","","Markham","May",2025,"Chrysanthrax cypris","Bidens alba","Bidens alba | Chrysanthrax cypris","Open Grassy","Open Human Disturbed","High human modification",NA,NA
"14","MK-12","Shrubby False Buttonweed","Gentianales","Rubiaceae","Spermacoce","verticillata","Coffee-loving Pyrausta Moth","Lepidoptera","Crambidae","Pyrausta","tyralis","","","","Markham","May",2025,"Pyrausta tyralis","Spermacoce verticillata","Spermacoce verticillata | Pyrausta tyralis","Open Grassy","Open Human Disturbed","High human modification",NA,NA
"15","MK-12","White Beggarticks","Asterales","Rubiaceae","Bidens","alba","Fiery Skipper","Lepidoptera","Hesperiidae","Hylephila","phyleus","","","","Markham","May",2025,"Hylephila phyleus","Bidens alba","Bidens alba | Hylephila phyleus","Open Grassy","Open Human Disturbed","High human modification",NA,NA
"16","MK-12","Turkey Tangle Frogfruit","Lamiales","Verbenaceae","Phyla","nodiflora","Poey's Furrow Bee ","Hymenoptera","Halictidae","Halictus","poeyi","","","","Markham","May",2025,"Halictus poeyi","Phyla nodiflora","Phyla nodiflora | Halictus poeyi","Open Grassy","Open Human Disturbed","High human modification","","Apoidea"
"17","MK-12","White Beggarticks","Asterales","Rubiaceae","Bidens","alba","Stained-glass Moth","Lepidoptera","Crambidae","Samea","castellalis","","","","Markham","May",2025,"Samea castellalis","Bidens alba","Bidens alba | Samea castellalis","Open Grassy","Open Human Disturbed","High human modification",NA,NA
"18","MK-12","White Beggarticks","Asterales","Rubiaceae","Bidens","alba","Great Southern White","Lepidoptera","Pieridae","Ascia","monuste","","","","Markham","May",2025,"Ascia monuste","Bidens alba","Bidens alba | Ascia monuste","Open Grassy","Open Human Disturbed","High human modification",NA,NA
"19","MK-15","Largeflower Mexican Clover","Gentianales","Rubiaceae","Richardia","grandiflora","Great Southern White","Lepidoptera","Pieridae","Ascia","monuste","","","","Markham","May",2025,"Ascia monuste","Richardia grandiflora","Richardia grandiflora | Ascia monuste","Open Grassy","Open Human Disturbed","High human modification",NA,NA
"20","MK-15","Shrubby False Buttonweed","Gentianales","Rubiaceae","Spermacoce","verticillata","Western Honey Bee","Hymenoptera","Apidae","Apis","mellifera","","","","Markham","May",2025,"Apis mellifera","Spermacoce verticillata","Spermacoce verticillata | Apis mellifera","Open Grassy","Open Human Disturbed","High human modification","","Apoidea"
"21","CB-05","White Beggarticks","Asterales","Rubiaceae","Bidens","alba","Dainty Sulphur","Lepidoptera","Pieridae","Nathalis","iole","","","","CB Smith","May",2025,"Nathalis iole","Bidens alba","Bidens alba | Nathalis iole","Open Grassy","Open Human Disturbed","High human modification",NA,NA
"22","CB-05","Shrubby False Buttonweed","Gentianales","Rubiaceae","Spermacoce","verticillata","Dainty Sulphur","Lepidoptera","Pieridae","Nathalis","iole","","","","CB Smith","May",2025,"Nathalis iole","Spermacoce verticillata","Spermacoce verticillata | Nathalis iole","Open Grassy","Open Human Disturbed","High human modification",NA,NA
"23","CB-05","White Beggarticks","Asterales","Rubiaceae","Bidens","alba","Fiery Skipper","Lepidoptera","Hesperiidae","Hylephila","phyleus","","","","CB Smith","May",2025,"Hylephila phyleus","Bidens alba","Bidens alba | Hylephila phyleus","Open Grassy","Open Human Disturbed","High human modification",NA,NA
"24","CB-05","White Beggarticks","Asterales","Rubiaceae","Bidens","alba","Coffee-loving Pyrausta Moth","Lepidoptera","Crambidae","Pyrausta","tyralis","saw an eastern giant swallowtail; it didn't land on any flowers","","","CB Smith","May",2025,"Pyrausta tyralis","Bidens alba","Bidens alba | Pyrausta tyralis","Open Grassy","Open Human Disturbed","High human modification",NA,NA
"25","CB-06","Shrubby False Buttonweed","Gentianales","Rubiaceae","Spermacoce","verticillata","Western Honey Bee","Hymenoptera","Apidae","Apis","mellifera","","","","CB Smith","May",2025,"Apis mellifera","Spermacoce verticillata","Spermacoce verticillata | Apis mellifera","Open Grassy","Open Human Disturbed","High human modification","","Apoidea"
"26","CB-06","Shrubby False Buttonweed","Gentianales","Rubiaceae","Spermacoce","verticillata","Dainty Sulphur","Lepidoptera","Pieridae","Nathalis","iole","","","","CB Smith","May",2025,"Nathalis iole","Spermacoce verticillata","Spermacoce verticillata | Nathalis iole","Open Grassy","Open Human Disturbed","High human modification",NA,NA
"27","CB-06","White Beggarticks","Asterales","Rubiaceae","Bidens","alba","Western Honey Bee","Hymenoptera","Apidae","Apis","mellifera","","","","CB Smith","May",2025,"Apis mellifera","Bidens alba","Bidens alba | Apis mellifera","Open Grassy","Open Human Disturbed","High human modification","","Apoidea"
"28","CB-06","White Beggarticks","Asterales","Rubiaceae","Bidens","alba","Dainty Sulphur","Lepidoptera","Pieridae","Nathalis","iole","","","","CB Smith","May",2025,"Nathalis iole","Bidens alba","Bidens alba | Nathalis iole","Open Grassy","Open Human Disturbed","High human modification",NA,NA
"29","CB-07","White Beggarticks","Asterales","Rubiaceae","Bidens","alba","Dainty Sulphur","Lepidoptera","Pieridae","Nathalis","iole","","","","CB Smith","May",2025,"Nathalis iole","Bidens alba","Bidens alba | Nathalis iole","Open Grassy","Open Human Disturbed","High human modification",NA,NA
"30","CB-07","White Beggarticks","Asterales","Rubiaceae","Bidens","alba","Western Honey Bee","Hymenoptera","Apidae","Apis","mellifera","","","","CB Smith","May",2025,"Apis mellifera","Bidens alba","Bidens alba | Apis mellifera","Open Grassy","Open Human Disturbed","High human modification","","Apoidea"
"31","CB-07","Shrubby False Buttonweed","Gentianales","Rubiaceae","Spermacoce","verticillata","Chrysanthrax cypris","Diptera","Bombyliidae","Chrysanthrax","cypris","","","","CB Smith","May",2025,"Chrysanthrax cypris","Spermacoce verticillata","Spermacoce verticillata | Chrysanthrax cypris","Open Grassy","Open Human Disturbed","High human modification",NA,NA
"32","LK-05","Largeflower Mexican Clover","Gentianales","Rubiaceae","Richardia","grandiflora","Orange-spotted Flower Moth","Lepidoptera","Crambidae","Syngamia","florella","","","","Long Key","May",2025,"Syngamia florella","Richardia grandiflora","Richardia grandiflora | Syngamia florella","Open Grassy","Open Human Disturbed","Low human modification",NA,NA
"33","LK-05","Largeflower Mexican Clover","Gentianales","Rubiaceae","Richardia","grandiflora","Gulf Fritillary","Lepidoptera","Nymphalidae","Dione ","vanillae","","","","Long Key","May",2025,"Dione  vanillae","Richardia grandiflora","Richardia grandiflora | Dione  vanillae","Open Grassy","Open Human Disturbed","Low human modification",NA,NA
"34","LK-05","Knotroot Bristlegrass","Poales","Poaceae","Setaria","parviflora","Yellow-legged Mud-dauber Wasp","Hymenoptera","Sphecidae","Sceliphron","caementarium","check id on iNat","https://www.inaturalist.org/taxa/121821-Sceliphron-caementarium","","Long Key","May",2025,"Sceliphron caementarium","Setaria parviflora","Setaria parviflora | Sceliphron caementarium","Open Grassy","Open Human Disturbed","Low human modification","","Apoidea"
"35","LK-05","Shrubby False Buttonweed","Gentianales","Rubiaceae","Spermacoce","verticillata","Yellow-legged Mud-dauber Wasp","Hymenoptera","Sphecidae","Sceliphron","caementarium","check id on iNat","https://www.inaturalist.org/taxa/121821-Sceliphron-caementarium","","Long Key","May",2025,"Sceliphron caementarium","Spermacoce verticillata","Spermacoce verticillata | Sceliphron caementarium","Open Grassy","Open Human Disturbed","Low human modification","","Apoidea"
"36","LK-05","White Beggarticks","Asterales","Rubiaceae","Bidens","alba","Yellow-legged Mud-dauber Wasp","Hymenoptera","Sphecidae","Sceliphron","caementarium","check id on iNat","https://www.inaturalist.org/taxa/121821-Sceliphron-caementarium","","Long Key","May",2025,"Sceliphron caementarium","Bidens alba","Bidens alba | Sceliphron caementarium","Open Grassy","Open Human Disturbed","Low human modification","","Apoidea"
"37","LK-05","Shrubby False Buttonweed","Gentianales","Rubiaceae","Spermacoce","verticillata","Ammophila pictipennis","Hymenoptera","Sphecidae","Ammophila","pictipennis","check id on iNat","https://www.inaturalist.org/observations/283008584","","Long Key","May",2025,"Ammophila pictipennis","Spermacoce verticillata","Spermacoce verticillata | Ammophila pictipennis","Open Grassy","Open Human Disturbed","Low human modification","","Apoidea"
"38","VV-05","White Beggarticks","Asterales","Rubiaceae","Bidens","alba","Coffee-loving Pyrausta Moth","Lepidoptera","Crambidae","Pyrausta","tyralis","","","","Vista View","May",2025,"Pyrausta tyralis","Bidens alba","Bidens alba | Pyrausta tyralis","Open Grassy","Open Human Disturbed","High human modification",NA,NA
"39","VV-05","Shrubby False Buttonweed","Gentianales","Rubiaceae","Spermacoce","verticillata","Western Honey Bee","Hymenoptera","Apidae","Apis","mellifera","","","","Vista View","May",2025,"Apis mellifera","Spermacoce verticillata","Spermacoce verticillata | Apis mellifera","Open Grassy","Open Human Disturbed","High human modification","","Apoidea"
"40","VV-05","Shrubby False Buttonweed","Gentianales","Rubiaceae","Spermacoce","verticillata","Dainty Sulphur","Lepidoptera","Pieridae","Nathalis","iole","","","","Vista View","May",2025,"Nathalis iole","Spermacoce verticillata","Spermacoce verticillata | Nathalis iole","Open Grassy","Open Human Disturbed","High human modification",NA,NA
"41","VV-05","Turkey Tangle Frogfruit","Lamiales","Verbenaceae","Phyla","nodiflora","Western Honey Bee","Hymenoptera","Apidae","Apis","mellifera","","","","Vista View","May",2025,"Apis mellifera","Phyla nodiflora","Phyla nodiflora | Apis mellifera","Open Grassy","Open Human Disturbed","High human modification","","Apoidea"
"42","VV-05","White Beggarticks","Asterales","Rubiaceae","Bidens","alba","Western Honey Bee","Hymenoptera","Apidae","Apis","mellifera","","","","Vista View","May",2025,"Apis mellifera","Bidens alba","Bidens alba | Apis mellifera","Open Grassy","Open Human Disturbed","High human modification","","Apoidea"
"43","VV-05","White Beggarticks","Asterales","Rubiaceae","Bidens","alba","Fiery Skipper","Lepidoptera","Hesperiidae","Hylephila","phyleus","","","","Vista View","May",2025,"Hylephila phyleus","Bidens alba","Bidens alba | Hylephila phyleus","Open Grassy","Open Human Disturbed","High human modification",NA,NA
"44","VV-05","Shrubby False Buttonweed","Gentianales","Rubiaceae","Spermacoce","verticillata","Coffee-loving Pyrausta Moth","Lepidoptera","Crambidae","Pyrausta","tyralis","","","","Vista View","May",2025,"Pyrausta tyralis","Spermacoce verticillata","Spermacoce verticillata | Pyrausta tyralis","Open Grassy","Open Human Disturbed","High human modification",NA,NA
"45","VV-05","White Beggarticks","Asterales","Rubiaceae","Bidens","alba","Poey's Furrow Bee ","Hymenoptera","Halictidae","Halictus","poeyi","","","","Vista View","May",2025,"Halictus poeyi","Bidens alba","Bidens alba | Halictus poeyi","Open Grassy","Open Human Disturbed","High human modification","","Apoidea"
"46","VV-05","White Beggarticks","Asterales","Rubiaceae","Bidens","alba","Dainty Sulphur","Lepidoptera","Pieridae","Nathalis","iole","","","","Vista View","May",2025,"Nathalis iole","Bidens alba","Bidens alba | Nathalis iole","Open Grassy","Open Human Disturbed","High human modification",NA,NA
"47","VV-05","Common Fanpetals","Malvales","Malvaceae","Sida","ulmifolia","Barred Yellow","Lepidoptera","Pieridae","Eurema","daira","","","","Vista View","May",2025,"Eurema daira","Sida ulmifolia","Sida ulmifolia | Eurema daira","Open Grassy","Open Human Disturbed","High human modification",NA,NA
"48","VV-05","Shrubby False Buttonweed","Gentianales","Rubiaceae","Spermacoce","verticillata","Phaon Crescent ","Lepidoptera","Nymphalidae","Phyciodes","phaon","","","","Vista View","May",2025,"Phyciodes phaon","Spermacoce verticillata","Spermacoce verticillata | Phyciodes phaon","Open Grassy","Open Human Disturbed","High human modification",NA,NA
"49","VV-06","Turkey Tangle Frogfruit","Lamiales","Verbenaceae","Phyla","nodiflora","Dainty Sulphur","Lepidoptera","Pieridae","Nathalis","iole","","","","Vista View","May",2025,"Nathalis iole","Phyla nodiflora","Phyla nodiflora | Nathalis iole","Open Grassy","Open Human Disturbed","High human modification",NA,NA
"50","VV-06","White Beggarticks","Asterales","Rubiaceae","Bidens","alba","Western Honey Bee","Hymenoptera","Apidae","Apis","mellifera","","","","Vista View","May",2025,"Apis mellifera","Bidens alba","Bidens alba | Apis mellifera","Open Grassy","Open Human Disturbed","High human modification","","Apoidea"
"51","VV-06","Shrubby False Buttonweed","Gentianales","Rubiaceae","Spermacoce","verticillata","Western Honey Bee","Hymenoptera","Apidae","Apis","mellifera","","","","Vista View","May",2025,"Apis mellifera","Spermacoce verticillata","Spermacoce verticillata | Apis mellifera","Open Grassy","Open Human Disturbed","High human modification","","Apoidea"
"52","VV-06","Virginia Pepperweed","Brassicales","Brassicaceae","Lepidium","virginicum","Coffee-loving Pyrausta Moth","Lepidoptera","Crambidae","Pyrausta","tyralis","","","","Vista View","May",2025,"Pyrausta tyralis","Lepidium virginicum","Lepidium virginicum | Pyrausta tyralis","Open Grassy","Open Human Disturbed","High human modification",NA,NA
"53","VV-06","White Beggarticks","Asterales","Rubiaceae","Bidens","alba","Dainty Sulphur","Lepidoptera","Pieridae","Nathalis","iole","","","","Vista View","May",2025,"Nathalis iole","Bidens alba","Bidens alba | Nathalis iole","Open Grassy","Open Human Disturbed","High human modification",NA,NA
"54","VV-06","Shrubby False Buttonweed","Gentianales","Rubiaceae","Spermacoce","verticillata","Dainty Sulphur","Lepidoptera","Pieridae","Nathalis","iole","","","","Vista View","May",2025,"Nathalis iole","Spermacoce verticillata","Spermacoce verticillata | Nathalis iole","Open Grassy","Open Human Disturbed","High human modification",NA,NA
"55","VV-06","Shrubby False Buttonweed","Gentianales","Rubiaceae","Spermacoce","verticillata","Great Southern White","Lepidoptera","Pieridae","Ascia","monuste","","","","Vista View","May",2025,"Ascia monuste","Spermacoce verticillata","Spermacoce verticillata | Ascia monuste","Open Grassy","Open Human Disturbed","High human modification",NA,NA
"56","VV-06","White Beggarticks","Asterales","Rubiaceae","Bidens","alba","Poey's Furrow Bee ","Hymenoptera","Halictidae","Halictus","poeyi","","","","Vista View","May",2025,"Halictus poeyi","Bidens alba","Bidens alba | Halictus poeyi","Open Grassy","Open Human Disturbed","High human modification","","Apoidea"
"57","VV-07","Shrubby False Buttonweed","Gentianales","Rubiaceae","Spermacoce","verticillata","Dainty Sulphur","Lepidoptera","Pieridae","Nathalis","iole","","","","Vista View","May",2025,"Nathalis iole","Spermacoce verticillata","Spermacoce verticillata | Nathalis iole","Open Grassy","Open Human Disturbed","High human modification",NA,NA
"58","HS-04","White Beggarticks","Asterales","Rubiaceae","Bidens","alba","Barred Yellow","Lepidoptera","Pieridae","Eurema","daira","","","","Highlands Scrub","May",2025,"Eurema daira","Bidens alba","Bidens alba | Eurema daira","Sand Pine Scrub","Scrub","Low human modification",NA,NA
"59","HS-05","White Beggarticks","Asterales","Rubiaceae","Bidens","alba","Gulf Fritillary","Lepidoptera","Nymphalidae","Dione ","vanillae","","","","Highlands Scrub","May",2025,"Dione  vanillae","Bidens alba","Bidens alba | Dione  vanillae","Sand Pine Scrub","Scrub","Low human modification",NA,NA
"60","HS-05","Shrubby False Buttonweed","Gentianales","Rubiaceae","Spermacoce","verticillata","Chrysanthrax cypris","Diptera","Bombyliidae","Chrysanthrax","cypris","","","","Highlands Scrub","May",2025,"Chrysanthrax cypris","Spermacoce verticillata","Spermacoce verticillata | Chrysanthrax cypris","Sand Pine Scrub","Scrub","Low human modification",NA,NA
"61","HS-06","White Beggarticks","Asterales","Rubiaceae","Bidens","alba","Poey's Furrow Bee ","Hymenoptera","Halictidae","Halictus","poeyi","","","","Highlands Scrub","May",2025,"Halictus poeyi","Bidens alba","Bidens alba | Halictus poeyi","Sand Pine Scrub","Scrub","Low human modification","","Apoidea"
"62","HS-06","White Beggarticks","Asterales","Rubiaceae","Bidens","alba","Gulf Fritillary","Lepidoptera","Nymphalidae","Dione ","vanillae","","","","Highlands Scrub","May",2025,"Dione  vanillae","Bidens alba","Bidens alba | Dione  vanillae","Sand Pine Scrub","Scrub","Low human modification",NA,NA
"63","QW-09","Turkey Tangle Frogfruit","Lamiales","Verbenaceae","Phyla","nodiflora","White Peacock","Lepidoptera","Nymphalidae","Anartia","jatrophae","","","","Quiet Waters","May",2025,"Anartia jatrophae","Phyla nodiflora","Phyla nodiflora | Anartia jatrophae","Disturbed Edge","Open Human Disturbed","High human modification",NA,NA
"64","QW-09","Turkey Tangle Frogfruit","Lamiales","Verbenaceae","Phyla","nodiflora","Poey's Furrow Bee ","Hymenoptera","Halictidae","Halictus","poeyi","","","","Quiet Waters","May",2025,"Halictus poeyi","Phyla nodiflora","Phyla nodiflora | Halictus poeyi","Disturbed Edge","Open Human Disturbed","High human modification","","Apoidea"
"65","QW-09","Shrubby False Buttonweed","Gentianales","Rubiaceae","Spermacoce","verticillata","Poecilanthrax lucifer","Diptera","Bombyliidae","Poecilanthrax","lucifer","","","","Quiet Waters","May",2025,"Poecilanthrax lucifer","Spermacoce verticillata","Spermacoce verticillata | Poecilanthrax lucifer","Disturbed Edge","Open Human Disturbed","High human modification",NA,NA
"66","QW-09","Turkey Tangle Frogfruit","Lamiales","Verbenaceae","Phyla","nodiflora","Western Honey Bee","Hymenoptera","Apidae","Apis","mellifera","","","","Quiet Waters","May",2025,"Apis mellifera","Phyla nodiflora","Phyla nodiflora | Apis mellifera","Disturbed Edge","Open Human Disturbed","High human modification","","Apoidea"
"67","QW-09","Shrubby False Buttonweed","Gentianales","Rubiaceae","Spermacoce","verticillata","Western Honey Bee","Hymenoptera","Apidae","Apis","mellifera","","","","Quiet Waters","May",2025,"Apis mellifera","Spermacoce verticillata","Spermacoce verticillata | Apis mellifera","Disturbed Edge","Open Human Disturbed","High human modification","","Apoidea"
"68","QW-09","Shrubby False Buttonweed","Gentianales","Rubiaceae","Spermacoce","verticillata","Chrysanthrax cypris","Diptera","Bombyliidae","Chrysanthrax","cypris","","","","Quiet Waters","May",2025,"Chrysanthrax cypris","Spermacoce verticillata","Spermacoce verticillata | Chrysanthrax cypris","Disturbed Edge","Open Human Disturbed","High human modification",NA,NA
"69","MK-16","Shrubby False Buttonweed","Gentianales","Rubiaceae","Spermacoce","verticillata","Stained-glass Moth","Lepidoptera","Crambidae","Samea","castellalis","","","","Markham","June",2025,"Samea castellalis","Spermacoce verticillata","Spermacoce verticillata | Samea castellalis","Open Grassy","Open Human Disturbed","High human modification",NA,NA
"70","MK-18","Turkey Tangle Frogfruit","Lamiales","Verbenaceae","Phyla","nodiflora","Western Honey Bee","Hymenoptera","Apidae","Apis","mellifera","","","","Markham","June",2025,"Apis mellifera","Phyla nodiflora","Phyla nodiflora | Apis mellifera","Open Grassy","Open Human Disturbed","High human modification","","Apoidea"
"71","MK-18","Largeflower Mexican Clover","Gentianales","Rubiaceae","Richardia","grandiflora","Dainty Sulphur","Lepidoptera","Pieridae","Nathalis","iole","","","","Markham","June",2025,"Nathalis iole","Richardia grandiflora","Richardia grandiflora | Nathalis iole","Open Grassy","Open Human Disturbed","High human modification",NA,NA
"72","MK-18","White Beggarticks","Asterales","Rubiaceae","Bidens","alba","Dainty Sulphur","Lepidoptera","Pieridae","Nathalis","iole","","","","Markham","June",2025,"Nathalis iole","Bidens alba","Bidens alba | Nathalis iole","Open Grassy","Open Human Disturbed","High human modification",NA,NA
"73","MK-18","Turkey Tangle Frogfruit","Lamiales","Verbenaceae","Phyla","nodiflora","Dainty Sulphur","Lepidoptera","Pieridae","Nathalis","iole","","","","Markham","June",2025,"Nathalis iole","Phyla nodiflora","Phyla nodiflora | Nathalis iole","Open Grassy","Open Human Disturbed","High human modification",NA,NA
"74","MK-18","White Beggarticks","Asterales","Rubiaceae","Bidens","alba","Western Honey Bee","Hymenoptera","Apidae","Apis","mellifera","","","","Markham","June",2025,"Apis mellifera","Bidens alba","Bidens alba | Apis mellifera","Open Grassy","Open Human Disturbed","High human modification","","Apoidea"
"75","MK-18","Turkey Tangle Frogfruit","Lamiales","Verbenaceae","Phyla","nodiflora","Orange-spotted Flower Moth","Lepidoptera","Crambidae","Syngamia","florella","","","","Markham","June",2025,"Syngamia florella","Phyla nodiflora","Phyla nodiflora | Syngamia florella","Open Grassy","Open Human Disturbed","High human modification",NA,NA
"76","MK-18","Turkey Tangle Frogfruit","Lamiales","Verbenaceae","Phyla","nodiflora","Barred Yellow","Lepidoptera","Pieridae","Eurema","daira","","","","Markham","June",2025,"Eurema daira","Phyla nodiflora","Phyla nodiflora | Eurema daira","Open Grassy","Open Human Disturbed","High human modification",NA,NA
"77","MK-20","Shrubby False Buttonweed","Gentianales","Rubiaceae","Spermacoce","verticillata","Barred Yellow","Lepidoptera","Pieridae","Eurema","daira","","","","Markham","June",2025,"Eurema daira","Spermacoce verticillata","Spermacoce verticillata | Eurema daira","Open Grassy","Open Human Disturbed","High human modification",NA,NA
"78","MK-20","Sidebeak Pencilflower","Fabales","Fabaceae","Stylosanthes","biflora","Phaon Crescent ","Lepidoptera","Nymphalidae","Phyciodes","phaon","","","","Markham","June",2025,"Phyciodes phaon","Stylosanthes biflora","Stylosanthes biflora | Phyciodes phaon","Open Grassy","Open Human Disturbed","High human modification",NA,NA
"79","MK-20","Turkey Tangle Frogfruit","Lamiales","Verbenaceae","Phyla","nodiflora","Barred Yellow","Lepidoptera","Pieridae","Eurema","daira","","","","Markham","June",2025,"Eurema daira","Phyla nodiflora","Phyla nodiflora | Eurema daira","Open Grassy","Open Human Disturbed","High human modification",NA,NA
"80","MK-20","Turkey Tangle Frogfruit","Lamiales","Verbenaceae","Phyla","nodiflora","Western Honey Bee","Hymenoptera","Apidae","Apis","mellifera","","","","Markham","June",2025,"Apis mellifera","Phyla nodiflora","Phyla nodiflora | Apis mellifera","Open Grassy","Open Human Disturbed","High human modification","","Apoidea"
"81","MK-20","Sidebeak Pencilflower","Fabales","Fabaceae","Stylosanthes","biflora","Barred Yellow","Lepidoptera","Pieridae","Eurema","daira","","","","Markham","June",2025,"Eurema daira","Stylosanthes biflora","Stylosanthes biflora | Eurema daira","Open Grassy","Open Human Disturbed","High human modification",NA,NA
"82","MK-20","Shrubby False Buttonweed","Gentianales","Rubiaceae","Spermacoce","verticillata","Western Honey Bee","Hymenoptera","Apidae","Apis","mellifera","","","","Markham","June",2025,"Apis mellifera","Spermacoce verticillata","Spermacoce verticillata | Apis mellifera","Open Grassy","Open Human Disturbed","High human modification","","Apoidea"
"83","MK-20","Shrubby False Buttonweed","Gentianales","Rubiaceae","Spermacoce","verticillata","Phaon Crescent ","Lepidoptera","Nymphalidae","Phyciodes","phaon","","","","Markham","June",2025,"Phyciodes phaon","Spermacoce verticillata","Spermacoce verticillata | Phyciodes phaon","Open Grassy","Open Human Disturbed","High human modification",NA,NA
"84","MK-20","Shrubby False Buttonweed","Gentianales","Rubiaceae","Spermacoce","verticillata","White Peacock","Lepidoptera","Nymphalidae","Anartia","jatrophae","","","","Markham","June",2025,"Anartia jatrophae","Spermacoce verticillata","Spermacoce verticillata | Anartia jatrophae","Open Grassy","Open Human Disturbed","High human modification",NA,NA
"85","CB-10","White Beggarticks","Asterales","Rubiaceae","Bidens","alba","Poey's Furrow Bee ","Hymenoptera","Halictidae","Halictus","poeyi","","","","CB Smith","June",2025,"Halictus poeyi","Bidens alba","Bidens alba | Halictus poeyi","Open Grassy","Open Human Disturbed","High human modification","","Apoidea"
"86","CB-10","White Beggarticks","Asterales","Rubiaceae","Bidens","alba","Western Honey Bee","Hymenoptera","Apidae","Apis","mellifera","","","","CB Smith","June",2025,"Apis mellifera","Bidens alba","Bidens alba | Apis mellifera","Open Grassy","Open Human Disturbed","High human modification","","Apoidea"
"87","CB-10","Largeflower Mexican Clover","Gentianales","Rubiaceae","Richardia","grandiflora","Fiery Skipper","Lepidoptera","Hesperiidae","Hylephila","phyleus","check id on iNat","https://www.inaturalist.org/observations/288817225","","CB Smith","June",2025,"Hylephila phyleus","Richardia grandiflora","Richardia grandiflora | Hylephila phyleus","Open Grassy","Open Human Disturbed","High human modification",NA,NA
"88","CB-10","White Beggarticks","Asterales","Rubiaceae","Bidens","alba","Dainty Sulphur","Lepidoptera","Pieridae","Nathalis","iole","","","","CB Smith","June",2025,"Nathalis iole","Bidens alba","Bidens alba | Nathalis iole","Open Grassy","Open Human Disturbed","High human modification",NA,NA
"89","CB-11","Shrubby False Buttonweed","Gentianales","Rubiaceae","Spermacoce","verticillata","Western Honey Bee","Hymenoptera","Apidae","Apis","mellifera","","","","CB Smith","June",2025,"Apis mellifera","Spermacoce verticillata","Spermacoce verticillata | Apis mellifera","Open Grassy","Open Human Disturbed","High human modification","","Apoidea"
"90","CB-12","White Beggarticks","Asterales","Rubiaceae","Bidens","alba","Chrysanthrax cypris","Diptera","Bombyliidae","Chrysanthrax","cypris","","","","CB Smith","June",2025,"Chrysanthrax cypris","Bidens alba","Bidens alba | Chrysanthrax cypris","Open Grassy","Open Human Disturbed","High human modification",NA,NA
"91","CB-12","White Beggarticks","Asterales","Rubiaceae","Bidens","alba","Dainty Sulphur","Lepidoptera","Pieridae","Nathalis","iole","","","","CB Smith","June",2025,"Nathalis iole","Bidens alba","Bidens alba | Nathalis iole","Open Grassy","Open Human Disturbed","High human modification",NA,NA
"92","CB-12","White Beggarticks","Asterales","Rubiaceae","Bidens","alba","Phaon Crescent ","Lepidoptera","Nymphalidae","Phyciodes","phaon","","","","CB Smith","June",2025,"Phyciodes phaon","Bidens alba","Bidens alba | Phyciodes phaon","Open Grassy","Open Human Disturbed","High human modification",NA,NA
"93","CB-12","Turkey Tangle Frogfruit","Lamiales","Verbenaceae","Phyla","nodiflora","Chrysanthrax cypris","Diptera","Bombyliidae","Chrysanthrax","cypris","","","","CB Smith","June",2025,"Chrysanthrax cypris","Phyla nodiflora","Phyla nodiflora | Chrysanthrax cypris","Open Grassy","Open Human Disturbed","High human modification",NA,NA
"94","CB-12","Largeflower Mexican Clover","Gentianales","Rubiaceae","Richardia","grandiflora","Coffee-loving Pyrausta Moth","Lepidoptera","Crambidae","Pyrausta","tyralis","","","","CB Smith","June",2025,"Pyrausta tyralis","Richardia grandiflora","Richardia grandiflora | Pyrausta tyralis","Open Grassy","Open Human Disturbed","High human modification",NA,NA
"95","CB-12","White Beggarticks","Asterales","Rubiaceae","Bidens","alba","Western Honey Bee","Hymenoptera","Apidae","Apis","mellifera","","","","CB Smith","June",2025,"Apis mellifera","Bidens alba","Bidens alba | Apis mellifera","Open Grassy","Open Human Disturbed","High human modification","","Apoidea"
"96","CB-12","White Beggarticks","Asterales","Rubiaceae","Bidens","alba","Poey's Furrow Bee ","Hymenoptera","Halictidae","Halictus","poeyi","","","","CB Smith","June",2025,"Halictus poeyi","Bidens alba","Bidens alba | Halictus poeyi","Open Grassy","Open Human Disturbed","High human modification","","Apoidea"
"97","CB-12","White Beggarticks","Asterales","Rubiaceae","Bidens","alba","Coffee-loving Pyrausta Moth","Lepidoptera","Crambidae","Pyrausta","tyralis","","","","CB Smith","June",2025,"Pyrausta tyralis","Bidens alba","Bidens alba | Pyrausta tyralis","Open Grassy","Open Human Disturbed","High human modification",NA,NA
"98","HS-08","Erect Pricklypear","Caryophyllales","Cactaceae","Opuntia","dillenii","Brown-winged Striped Sweat Bee","Hymenoptera","Halictidae","Agapostemon","splendens","check id on iNat","https://www.inaturalist.org/observations/288299491","","Highlands Scrub","June",2025,"Agapostemon splendens","Opuntia dillenii","Opuntia dillenii | Agapostemon splendens","Disturbed Edge","Open Human Disturbed","Low human modification","","Apoidea"
"99","HS-08","Trailing Daisy","Asterales","Asteraceae","Sphagneticola","trilobata","Gulf Fritillary","Lepidoptera","Nymphalidae","Dione ","vanillae","","","","Highlands Scrub","June",2025,"Dione  vanillae","Sphagneticola trilobata","Sphagneticola trilobata | Dione  vanillae","Disturbed Edge","Open Human Disturbed","Low human modification",NA,NA
"100","HS-08","Erect Pricklypear","Caryophyllales","Cactaceae","Opuntia","dillenii","Western Honey Bee","Hymenoptera","Apidae","Apis","mellifera","","","","Highlands Scrub","June",2025,"Apis mellifera","Opuntia dillenii","Opuntia dillenii | Apis mellifera","Disturbed Edge","Open Human Disturbed","Low human modification","","Apoidea"
"101","HS-09","Largeflower Mexican Clover","Gentianales","Rubiaceae","Richardia","grandiflora","Hoary Leafcutter Bee","Hymenoptera","Megachilidae","Megachile","pruina","check id on iNat","https://www.inaturalist.org/observations/288299490","","Highlands Scrub","June",2025,"Megachile pruina","Richardia grandiflora","Richardia grandiflora | Megachile pruina","Sand Pine Scrub","Scrub","Low human modification","","Apoidea"
"102","HS-09","Largeflower Mexican Clover","Gentianales","Rubiaceae","Richardia","grandiflora","Western Honey Bee","Hymenoptera","Apidae","Apis","mellifera","","","","Highlands Scrub","June",2025,"Apis mellifera","Richardia grandiflora","Richardia grandiflora | Apis mellifera","Sand Pine Scrub","Scrub","Low human modification","","Apoidea"
"103","MT-08","White Beggarticks","Asterales","Rubiaceae","Bidens","alba","Mallow Scrub-Hairstreak","Lepidoptera","Lycaenidae","Strymon","istapa","","","","Military Trail","June",2025,"Strymon istapa","Bidens alba","Bidens alba | Strymon istapa","Scrubby Flatwoods","Scrub","Low human modification",NA,NA
"104","MT-08","White Beggarticks","Asterales","Rubiaceae","Bidens","alba","Western Honey Bee","Hymenoptera","Apidae","Apis","mellifera","","","","Military Trail","June",2025,"Apis mellifera","Bidens alba","Bidens alba | Apis mellifera","Scrubby Flatwoods","Scrub","Low human modification","","Apoidea"
"105","VV-09","Turkey Tangle Frogfruit","Lamiales","Verbenaceae","Phyla","nodiflora","Western Honey Bee","Hymenoptera","Apidae","Apis","mellifera","","","","Vista View","June",2025,"Apis mellifera","Phyla nodiflora","Phyla nodiflora | Apis mellifera","Open Grassy","Open Human Disturbed","High human modification","","Apoidea"
"106","VV-09","Royal Palm","Arecales","Arecaceae","Roystonea","regia","Western Honey Bee","Hymenoptera","Apidae","Apis","mellifera","","","","Vista View","June",2025,"Apis mellifera","Roystonea regia","Roystonea regia | Apis mellifera","Open Grassy","Open Human Disturbed","High human modification","","Apoidea"
"107","VV-09","Turkey Tangle Frogfruit","Lamiales","Verbenaceae","Phyla","nodiflora","Stained-glass Moth","Lepidoptera","Crambidae","Samea","castellalis","","","","Vista View","June",2025,"Samea castellalis","Phyla nodiflora","Phyla nodiflora | Samea castellalis","Open Grassy","Open Human Disturbed","High human modification",NA,NA
"108","VV-09","Royal Palm","Arecales","Arecaceae","Roystonea","regia","Brown-winged Striped Sweat Bee","Hymenoptera","Halictidae","Agapostemon","splendens","check id on iNat","https://www.inaturalist.org/observations/290238513","","Vista View","June",2025,"Agapostemon splendens","Roystonea regia","Roystonea regia | Agapostemon splendens","Open Grassy","Open Human Disturbed","High human modification","","Apoidea"
"109","VV-10","Turkey Tangle Frogfruit","Lamiales","Verbenaceae","Phyla","nodiflora","Western Honey Bee","Hymenoptera","Apidae","Apis","mellifera","","","","Vista View","June",2025,"Apis mellifera","Phyla nodiflora","Phyla nodiflora | Apis mellifera","Open Grassy","Open Human Disturbed","High human modification","","Apoidea"
"110","VV-10","Turkey Tangle Frogfruit","Lamiales","Verbenaceae","Phyla","nodiflora","Florida Small Carpenter ","Hymenoptera","Apidae","Ceratina","floridana","check id on iNat","https://www.inaturalist.org/observations/290238531","","Vista View","June",2025,"Ceratina floridana","Phyla nodiflora","Phyla nodiflora | Ceratina floridana","Open Grassy","Open Human Disturbed","High human modification","","Apoidea"
"111","VV-11","Turkey Tangle Frogfruit","Lamiales","Verbenaceae","Phyla","nodiflora","Western Honey Bee","Hymenoptera","Apidae","Apis","mellifera","","","","Vista View","June",2025,"Apis mellifera","Phyla nodiflora","Phyla nodiflora | Apis mellifera","Open Grassy","Open Human Disturbed","High human modification","","Apoidea"
"112","VV-11","Turkey Tangle Frogfruit","Lamiales","Verbenaceae","Phyla","nodiflora","Orange-spotted Flower Moth","Lepidoptera","Crambidae","Syngamia","florella","","","","Vista View","June",2025,"Syngamia florella","Phyla nodiflora","Phyla nodiflora | Syngamia florella","Open Grassy","Open Human Disturbed","High human modification",NA,NA
"113","VV-11","Turkey Tangle Frogfruit","Lamiales","Verbenaceae","Phyla","nodiflora","Wine-tinted Oenobotys Moth","Lepidoptera","Crambidae","Oenobotys","vinotinctalis","check id on iNat","https://www.inaturalist.org/observations/290141594","","Vista View","June",2025,"Oenobotys vinotinctalis","Phyla nodiflora","Phyla nodiflora | Oenobotys vinotinctalis","Open Grassy","Open Human Disturbed","High human modification",NA,NA
"114","VV-11","Shrubby False Buttonweed","Gentianales","Rubiaceae","Spermacoce","verticillata","Orange-spotted Flower Moth","Lepidoptera","Crambidae","Syngamia","florella","","","","Vista View","June",2025,"Syngamia florella","Spermacoce verticillata","Spermacoce verticillata | Syngamia florella","Open Grassy","Open Human Disturbed","High human modification",NA,NA
"115","VV-11","White Beggarticks","Asterales","Rubiaceae","Bidens","alba","Poey's Furrow Bee ","Hymenoptera","Halictidae","Halictus","poeyi","","","","Vista View","June",2025,"Halictus poeyi","Bidens alba","Bidens alba | Halictus poeyi","Open Grassy","Open Human Disturbed","High human modification","","Apoidea"
"116","VV-11","Turkey Tangle Frogfruit","Lamiales","Verbenaceae","Phyla","nodiflora","Pure Green Sweat Bee","Hymenoptera","Halictidae","Augochlora","pura","check id on iNat","https://www.inaturalist.org/observations/290238544","","Vista View","June",2025,"Augochlora pura","Phyla nodiflora","Phyla nodiflora | Augochlora pura","Open Grassy","Open Human Disturbed","High human modification","","Apoidea"
"117","VV-11","Largeflower Mexican Clover","Gentianales","Rubiaceae","Richardia","grandiflora","Dainty Sulphur","Lepidoptera","Pieridae","Nathalis","iole","","","","Vista View","June",2025,"Nathalis iole","Richardia grandiflora","Richardia grandiflora | Nathalis iole","Open Grassy","Open Human Disturbed","High human modification",NA,NA
"118","VV-11","Creeping Beggarweed","Fabales","Fabaceae","Desmodium","incanum","Poey's Furrow Bee ","Hymenoptera","Halictidae","Halictus","poeyi","","","","Vista View","June",2025,"Halictus poeyi","Desmodium incanum","Desmodium incanum | Halictus poeyi","Open Grassy","Open Human Disturbed","High human modification","","Apoidea"
"119","VV-11","Shrubby False Buttonweed","Gentianales","Rubiaceae","Spermacoce","verticillata","Poey's Furrow Bee ","Hymenoptera","Halictidae","Halictus","poeyi","","","","Vista View","June",2025,"Halictus poeyi","Spermacoce verticillata","Spermacoce verticillata | Halictus poeyi","Open Grassy","Open Human Disturbed","High human modification","","Apoidea"
"120","VV-12","Turkey Tangle Frogfruit","Lamiales","Verbenaceae","Phyla","nodiflora","Chrysanthrax cypris","Diptera","Bombyliidae","Chrysanthrax","cypris","","","","Vista View","June",2025,"Chrysanthrax cypris","Phyla nodiflora","Phyla nodiflora | Chrysanthrax cypris","Open Grassy","Open Human Disturbed","High human modification",NA,NA
"121","LK-07","Turkey Tangle Frogfruit","Lamiales","Verbenaceae","Phyla","nodiflora","Chrysanthrax cypris","Diptera","Bombyliidae","Chrysanthrax","cypris","","","","Long Key","June",2025,"Chrysanthrax cypris","Phyla nodiflora","Phyla nodiflora | Chrysanthrax cypris","Disturbed Edge","Open Human Disturbed","Low human modification",NA,NA
"122","QW-15","Shrubby False Buttonweed","Gentianales","Rubiaceae","Spermacoce","verticillata","Chrysanthrax cypris","Diptera","Bombyliidae","Chrysanthrax","cypris","","","","Quiet Waters","June",2025,"Chrysanthrax cypris","Spermacoce verticillata","Spermacoce verticillata | Chrysanthrax cypris","Pine Flatwoods","Flatwoods","High human modification",NA,NA
"123","QW-16","Turkey Tangle Frogfruit","Lamiales","Verbenaceae","Phyla","nodiflora","Western Honey Bee","Hymenoptera","Apidae","Apis","mellifera","","","","Quiet Waters","June",2025,"Apis mellifera","Phyla nodiflora","Phyla nodiflora | Apis mellifera","Open Grassy","Open Human Disturbed","High human modification","","Apoidea"
"124","QW-16","Turkey Tangle Frogfruit","Lamiales","Verbenaceae","Phyla","nodiflora","Chrysanthrax cypris","Diptera","Bombyliidae","Chrysanthrax","cypris","","","","Quiet Waters","June",2025,"Chrysanthrax cypris","Phyla nodiflora","Phyla nodiflora | Chrysanthrax cypris","Open Grassy","Open Human Disturbed","High human modification",NA,NA
"125","QW-16","White Beggarticks","Asterales","Rubiaceae","Bidens","alba","Poey's Furrow Bee ","Hymenoptera","Halictidae","Halictus","poeyi","","","","Quiet Waters","June",2025,"Halictus poeyi","Bidens alba","Bidens alba | Halictus poeyi","Open Grassy","Open Human Disturbed","High human modification","","Apoidea"
"126","QW-16","White Beggarticks","Asterales","Rubiaceae","Bidens","alba","Dainty Sulphur","Lepidoptera","Pieridae","Nathalis","iole","","","","Quiet Waters","June",2025,"Nathalis iole","Bidens alba","Bidens alba | Nathalis iole","Open Grassy","Open Human Disturbed","High human modification",NA,NA
"127","QW-16","Turkey Tangle Frogfruit","Lamiales","Verbenaceae","Phyla","nodiflora","Coffee-loving Pyrausta Moth","Lepidoptera","Crambidae","Pyrausta","tyralis","","","","Quiet Waters","June",2025,"Pyrausta tyralis","Phyla nodiflora","Phyla nodiflora | Pyrausta tyralis","Open Grassy","Open Human Disturbed","High human modification",NA,NA
"128","QW-16","Turkey Tangle Frogfruit","Lamiales","Verbenaceae","Phyla","nodiflora","Dainty Sulphur","Lepidoptera","Pieridae","Nathalis","iole","","","","Quiet Waters","June",2025,"Nathalis iole","Phyla nodiflora","Phyla nodiflora | Nathalis iole","Open Grassy","Open Human Disturbed","High human modification",NA,NA
"129","QW-16","White Beggarticks","Asterales","Rubiaceae","Bidens","alba","Fiery Skipper","Lepidoptera","Hesperiidae","Hylephila","phyleus","","","","Quiet Waters","June",2025,"Hylephila phyleus","Bidens alba","Bidens alba | Hylephila phyleus","Open Grassy","Open Human Disturbed","High human modification",NA,NA
"130","QW-16","Turkey Tangle Frogfruit","Lamiales","Verbenaceae","Phyla","nodiflora","Barred Yellow","Lepidoptera","Pieridae","Eurema","daira","","","","Quiet Waters","June",2025,"Eurema daira","Phyla nodiflora","Phyla nodiflora | Eurema daira","Open Grassy","Open Human Disturbed","High human modification",NA,NA
"131","QW-16","Shrubby False Buttonweed","Gentianales","Rubiaceae","Spermacoce","verticillata","Mallow Scrub-Hairstreak","Lepidoptera","Lycaenidae","Strymon","istapa","","","","Quiet Waters","June",2025,"Strymon istapa","Spermacoce verticillata","Spermacoce verticillata | Strymon istapa","Open Grassy","Open Human Disturbed","High human modification",NA,NA
"132","QW-16","Turkey Tangle Frogfruit","Lamiales","Verbenaceae","Phyla","nodiflora","Fiery Skipper","Lepidoptera","Hesperiidae","Hylephila","phyleus","","","","Quiet Waters","June",2025,"Hylephila phyleus","Phyla nodiflora","Phyla nodiflora | Hylephila phyleus","Open Grassy","Open Human Disturbed","High human modification",NA,NA
"133","QW-16","Caribbean Stylo","Fabales","Fabaceae","Stylosanthes","hamata","Dainty Sulphur","Lepidoptera","Pieridae","Nathalis","iole","","","","Quiet Waters","June",2025,"Nathalis iole","Stylosanthes hamata","Stylosanthes hamata | Nathalis iole","Open Grassy","Open Human Disturbed","High human modification",NA,NA
"134","QW-16","Turkey Tangle Frogfruit","Lamiales","Verbenaceae","Phyla","nodiflora","Eufala Skipper","Lepidoptera","Hesperiidae","Lerodea","eufala","check id on iNat","https://www.inaturalist.org/observations/292976134","","Quiet Waters","June",2025,"Lerodea eufala","Phyla nodiflora","Phyla nodiflora | Lerodea eufala","Open Grassy","Open Human Disturbed","High human modification",NA,NA
"135","QW-16","White Beggarticks","Asterales","Rubiaceae","Bidens","alba","Eufala Skipper","Lepidoptera","Hesperiidae","Lerodea","eufala","","","","Quiet Waters","June",2025,"Lerodea eufala","Bidens alba","Bidens alba | Lerodea eufala","Open Grassy","Open Human Disturbed","High human modification",NA,NA
"136","QW-16","Turkey Tangle Frogfruit","Lamiales","Verbenaceae","Phyla","nodiflora","Orange-spotted Flower Moth","Lepidoptera","Crambidae","Syngamia","florella","","","","Quiet Waters","June",2025,"Syngamia florella","Phyla nodiflora","Phyla nodiflora | Syngamia florella","Open Grassy","Open Human Disturbed","High human modification",NA,NA
"137","QW-16","Turkey Tangle Frogfruit","Lamiales","Verbenaceae","Phyla","nodiflora","Cassius Blue","Lepidoptera","Lycaenidae","Leptotes","cassius","","","","Quiet Waters","June",2025,"Leptotes cassius","Phyla nodiflora","Phyla nodiflora | Leptotes cassius","Open Grassy","Open Human Disturbed","High human modification",NA,NA
"138","QW-16","White Beggarticks","Asterales","Rubiaceae","Bidens","alba","Horace's Duskywing","Lepidoptera","Hesperiidae","Erynnis","horatius","","","","Quiet Waters","June",2025,"Erynnis horatius","Bidens alba","Bidens alba | Erynnis horatius","Open Grassy","Open Human Disturbed","High human modification",NA,NA
"139","QW-16","Turkey Tangle Frogfruit","Lamiales","Verbenaceae","Phyla","nodiflora","Horace's Duskywing","Lepidoptera","Hesperiidae","Erynnis","horatius","","","","Quiet Waters","June",2025,"Erynnis horatius","Phyla nodiflora","Phyla nodiflora | Erynnis horatius","Open Grassy","Open Human Disturbed","High human modification",NA,NA
"140","QW-16","Largeflower Mexican Clover","Gentianales","Rubiaceae","Richardia","grandiflora","Barred Yellow","Lepidoptera","Pieridae","Eurema","daira","","","","Quiet Waters","June",2025,"Eurema daira","Richardia grandiflora","Richardia grandiflora | Eurema daira","Open Grassy","Open Human Disturbed","High human modification",NA,NA
"141","QW-16","White Beggarticks","Asterales","Rubiaceae","Bidens","alba","Barred Yellow","Lepidoptera","Pieridae","Eurema","daira","","","","Quiet Waters","June",2025,"Eurema daira","Bidens alba","Bidens alba | Eurema daira","Open Grassy","Open Human Disturbed","High human modification",NA,NA
"142","QW-16","Largeflower Mexican Clover","Gentianales","Rubiaceae","Richardia","grandiflora","Chrysanthrax cypris","Diptera","Bombyliidae","Chrysanthrax","cypris","","","","Quiet Waters","June",2025,"Chrysanthrax cypris","Richardia grandiflora","Richardia grandiflora | Chrysanthrax cypris","Open Grassy","Open Human Disturbed","High human modification",NA,NA
"143","QW-16","Turkey Tangle Frogfruit","Lamiales","Verbenaceae","Phyla","nodiflora","Poey's Furrow Bee ","Hymenoptera","Halictidae","Halictus","poeyi","","","","Quiet Waters","June",2025,"Halictus poeyi","Phyla nodiflora","Phyla nodiflora | Halictus poeyi","Open Grassy","Open Human Disturbed","High human modification","","Apoidea"
"144","QW-16","White Beggarticks","Asterales","Rubiaceae","Bidens","alba","Coffee-loving Pyrausta Moth","Lepidoptera","Crambidae","Pyrausta","tyralis","","","","Quiet Waters","June",2025,"Pyrausta tyralis","Bidens alba","Bidens alba | Pyrausta tyralis","Open Grassy","Open Human Disturbed","High human modification",NA,NA
"145","QW-16","Largeflower Mexican Clover","Gentianales","Rubiaceae","Richardia","grandiflora","Eufala Skipper","Lepidoptera","Hesperiidae","Lerodea","eufala","","","","Quiet Waters","June",2025,"Lerodea eufala","Richardia grandiflora","Richardia grandiflora | Lerodea eufala","Open Grassy","Open Human Disturbed","High human modification",NA,NA
"146","VV-13","Turkey Tangle Frogfruit","Lamiales","Verbenaceae","Phyla","nodiflora","Horace's Duskywing","Lepidoptera","Hesperiidae","Erynnis","horatius","check id on iNat","https://www.inaturalist.org/observations/294834925","","Vista View","July",2025,"Erynnis horatius","Phyla nodiflora","Phyla nodiflora | Erynnis horatius","Open Grassy","Open Human Disturbed","High human modification",NA,NA
"147","VV-13","Turkey Tangle Frogfruit","Lamiales","Verbenaceae","Phyla","nodiflora","Stained-glass Moth","Lepidoptera","Crambidae","Samea","castellalis","check id on iNat","https://www.inaturalist.org/observations/294834928","","Vista View","July",2025,"Samea castellalis","Phyla nodiflora","Phyla nodiflora | Samea castellalis","Open Grassy","Open Human Disturbed","High human modification",NA,NA
"148","VV-13","Turkey Tangle Frogfruit","Lamiales","Verbenaceae","Phyla","nodiflora","Western Honey Bee","Hymenoptera","Apidae","Apis","mellifera","","","","Vista View","July",2025,"Apis mellifera","Phyla nodiflora","Phyla nodiflora | Apis mellifera","Open Grassy","Open Human Disturbed","High human modification","","Apoidea"
"149","VV-14","Shrubby False Buttonweed","Gentianales","Rubiaceae","Spermacoce","verticillata","Barred Yellow","Lepidoptera","Pieridae","Eurema","daira","","","","Vista View","July",2025,"Eurema daira","Spermacoce verticillata","Spermacoce verticillata | Eurema daira","Open Grassy","Open Human Disturbed","High human modification",NA,NA
"150","VV-15","Turkey Tangle Frogfruit","Lamiales","Verbenaceae","Phyla","nodiflora","Orange-spotted Flower Moth","Lepidoptera","Crambidae","Syngamia","florella","","","","Vista View","July",2025,"Syngamia florella","Phyla nodiflora","Phyla nodiflora | Syngamia florella","Open Grassy","Open Human Disturbed","High human modification",NA,NA
"151","VV-15","Turkey Tangle Frogfruit","Lamiales","Verbenaceae","Phyla","nodiflora","Poey's Furrow Bee ","Hymenoptera","Halictidae","Halictus","poeyi","","","","Vista View","July",2025,"Halictus poeyi","Phyla nodiflora","Phyla nodiflora | Halictus poeyi","Open Grassy","Open Human Disturbed","High human modification","","Apoidea"
"152","VV-15","White Beggarticks","Asterales","Rubiaceae","Bidens","alba","Ceraunus Blue","Lepidoptera","Lycaenidae","Hemiargus","ceraunus","","","","Vista View","July",2025,"Hemiargus ceraunus","Bidens alba","Bidens alba | Hemiargus ceraunus","Open Grassy","Open Human Disturbed","High human modification",NA,NA
"153","VV-15","Largeflower Mexican Clover","Gentianales","Rubiaceae","Richardia","grandiflora","Coffee-loving Pyrausta Moth","Lepidoptera","Crambidae","Pyrausta","tyralis","","","","Vista View","July",2025,"Pyrausta tyralis","Richardia grandiflora","Richardia grandiflora | Pyrausta tyralis","Open Grassy","Open Human Disturbed","High human modification",NA,NA
"154","VV-15","Largeflower Mexican Clover","Gentianales","Rubiaceae","Richardia","grandiflora","Poey's Furrow Bee ","Hymenoptera","Halictidae","Halictus","poeyi","","","","Vista View","July",2025,"Halictus poeyi","Richardia grandiflora","Richardia grandiflora | Halictus poeyi","Open Grassy","Open Human Disturbed","High human modification","","Apoidea"
"155","VV-15","White Beggarticks","Asterales","Rubiaceae","Bidens","alba","Poey's Furrow Bee ","Hymenoptera","Halictidae","Halictus","poeyi","","","","Vista View","July",2025,"Halictus poeyi","Bidens alba","Bidens alba | Halictus poeyi","Open Grassy","Open Human Disturbed","High human modification","","Apoidea"
"156","CB-14","Big Caltrop","Zygophyllales","Zygophyllaceae","Kallstroemia","maxima","White Peacock","Lepidoptera","Nymphalidae","Anartia","jatrophae","","","","CB Smith","July",2025,"Anartia jatrophae","Kallstroemia maxima","Kallstroemia maxima | Anartia jatrophae","Open Grassy","Open Human Disturbed","High human modification",NA,NA
"157","CB-15","Trailing Daisy","Asterales","Asteraceae","Sphagneticola","trilobata","White Peacock","Lepidoptera","Nymphalidae","Anartia","jatrophae","","","","CB Smith","July",2025,"Anartia jatrophae","Sphagneticola trilobata","Sphagneticola trilobata | Anartia jatrophae","Open Grassy","Open Human Disturbed","High human modification",NA,NA
"158","QW-17","Turkey Tangle Frogfruit","Lamiales","Verbenaceae","Phyla","nodiflora","Western Honey Bee","Hymenoptera","Apidae","Apis","mellifera","","","","Quiet Waters","July",2025,"Apis mellifera","Phyla nodiflora","Phyla nodiflora | Apis mellifera","Open Grassy","Open Human Disturbed","High human modification","","Apoidea"
"159","QW-17","Turkey Tangle Frogfruit","Lamiales","Verbenaceae","Phyla","nodiflora","Orange-spotted Flower Moth","Lepidoptera","Crambidae","Syngamia","florella","","","","Quiet Waters","July",2025,"Syngamia florella","Phyla nodiflora","Phyla nodiflora | Syngamia florella","Open Grassy","Open Human Disturbed","High human modification",NA,NA
"160","QW-17","Turkey Tangle Frogfruit","Lamiales","Verbenaceae","Phyla","nodiflora","Chrysanthrax cypris","Diptera","Bombyliidae","Chrysanthrax","cypris","","","","Quiet Waters","July",2025,"Chrysanthrax cypris","Phyla nodiflora","Phyla nodiflora | Chrysanthrax cypris","Open Grassy","Open Human Disturbed","High human modification",NA,NA
"161","QW-17","Largeflower Mexican Clover","Gentianales","Rubiaceae","Richardia","grandiflora","Orange-spotted Flower Moth","Lepidoptera","Crambidae","Syngamia","florella","","","","Quiet Waters","July",2025,"Syngamia florella","Richardia grandiflora","Richardia grandiflora | Syngamia florella","Open Grassy","Open Human Disturbed","High human modification",NA,NA
"162","QW-17","Turkey Tangle Frogfruit","Lamiales","Verbenaceae","Phyla","nodiflora","Poey's Furrow Bee ","Hymenoptera","Halictidae","Halictus","poeyi","","","","Quiet Waters","July",2025,"Halictus poeyi","Phyla nodiflora","Phyla nodiflora | Halictus poeyi","Open Grassy","Open Human Disturbed","High human modification","","Apoidea"
"163","QW-17","Shrubby False Buttonweed","Gentianales","Rubiaceae","Spermacoce","verticillata","Stained-glass Moth","Lepidoptera","Crambidae","Samea","castellalis","check id on iNat","https://www.inaturalist.org/observations/296360798","","Quiet Waters","July",2025,"Samea castellalis","Spermacoce verticillata","Spermacoce verticillata | Samea castellalis","Open Grassy","Open Human Disturbed","High human modification",NA,NA
"164","QW-17","Largeflower Mexican Clover","Gentianales","Rubiaceae","Richardia","grandiflora","Chrysanthrax cypris","Diptera","Bombyliidae","Chrysanthrax","cypris","","","","Quiet Waters","July",2025,"Chrysanthrax cypris","Richardia grandiflora","Richardia grandiflora | Chrysanthrax cypris","Open Grassy","Open Human Disturbed","High human modification",NA,NA
"165","QW-19","Shrubby False Buttonweed","Gentianales","Rubiaceae","Spermacoce","verticillata","Brown-winged Striped Sweat Bee","Hymenoptera","Halictidae","Agapostemon","splendens","check id on iNat","https://www.inaturalist.org/observations/296005304","","Quiet Waters","July",2025,"Agapostemon splendens","Spermacoce verticillata","Spermacoce verticillata | Agapostemon splendens","Open Grassy","Open Human Disturbed","High human modification","","Apoidea"
"166","QW-19","Largeflower Mexican Clover","Gentianales","Rubiaceae","Richardia","grandiflora","Brown-winged Striped Sweat Bee","Hymenoptera","Halictidae","Agapostemon","splendens","","","","Quiet Waters","July",2025,"Agapostemon splendens","Richardia grandiflora","Richardia grandiflora | Agapostemon splendens","Open Grassy","Open Human Disturbed","High human modification","","Apoidea"
"167","QW-19","Turkey Tangle Frogfruit","Lamiales","Verbenaceae","Phyla","nodiflora","Brown-winged Striped Sweat Bee","Hymenoptera","Halictidae","Agapostemon","splendens","","","","Quiet Waters","July",2025,"Agapostemon splendens","Phyla nodiflora","Phyla nodiflora | Agapostemon splendens","Open Grassy","Open Human Disturbed","High human modification","","Apoidea"
"168","QW-19","Caribbean Stylo","Fabales","Fabaceae","Stylosanthes","hamata","Brown-winged Striped Sweat Bee","Hymenoptera","Halictidae","Agapostemon","splendens","","","","Quiet Waters","July",2025,"Agapostemon splendens","Stylosanthes hamata","Stylosanthes hamata | Agapostemon splendens","Open Grassy","Open Human Disturbed","High human modification","","Apoidea"
"169","QW-19","Shrubby False Buttonweed","Gentianales","Rubiaceae","Spermacoce","verticillata","Ceraunus Blue","Lepidoptera","Lycaenidae","Hemiargus","ceraunus","","","","Quiet Waters","July",2025,"Hemiargus ceraunus","Spermacoce verticillata","Spermacoce verticillata | Hemiargus ceraunus","Open Grassy","Open Human Disturbed","High human modification",NA,NA
"170","QW-19","Largeflower Mexican Clover","Gentianales","Rubiaceae","Richardia","grandiflora","Poey's Furrow Bee ","Hymenoptera","Halictidae","Halictus","poeyi","","","","Quiet Waters","July",2025,"Halictus poeyi","Richardia grandiflora","Richardia grandiflora | Halictus poeyi","Open Grassy","Open Human Disturbed","High human modification","","Apoidea"
"171","QW-19","Trailing Daisy","Asterales","Asteraceae","Sphagneticola","trilobata","Poey's Furrow Bee ","Hymenoptera","Halictidae","Halictus","poeyi","","","","Quiet Waters","July",2025,"Halictus poeyi","Sphagneticola trilobata","Sphagneticola trilobata | Halictus poeyi","Open Grassy","Open Human Disturbed","High human modification","","Apoidea"
"172","QW-19","Turkey Tangle Frogfruit","Lamiales","Verbenaceae","Phyla","nodiflora","Chrysanthrax cypris","Diptera","Bombyliidae","Chrysanthrax","cypris","","","","Quiet Waters","July",2025,"Chrysanthrax cypris","Phyla nodiflora","Phyla nodiflora | Chrysanthrax cypris","Open Grassy","Open Human Disturbed","High human modification",NA,NA
"173","QW-20","Shrubby False Buttonweed","Gentianales","Rubiaceae","Spermacoce","verticillata","Stained-glass Moth","Lepidoptera","Crambidae","Samea","castellalis","","","","Quiet Waters","July",2025,"Samea castellalis","Spermacoce verticillata","Spermacoce verticillata | Samea castellalis","Open Grassy","Open Human Disturbed","High human modification",NA,NA
"174","QW-20","Shrubby False Buttonweed","Gentianales","Rubiaceae","Spermacoce","verticillata","Orange-spotted Flower Moth","Lepidoptera","Crambidae","Syngamia","florella","","","","Quiet Waters","July",2025,"Syngamia florella","Spermacoce verticillata","Spermacoce verticillata | Syngamia florella","Open Grassy","Open Human Disturbed","High human modification",NA,NA
"175","QW-20","Largeflower Mexican Clover","Gentianales","Rubiaceae","Richardia","grandiflora","Western Honey Bee","Hymenoptera","Apidae","Apis","mellifera","","","","Quiet Waters","July",2025,"Apis mellifera","Richardia grandiflora","Richardia grandiflora | Apis mellifera","Open Grassy","Open Human Disturbed","High human modification","","Apoidea"
"176","QW-20","Turkey Tangle Frogfruit","Lamiales","Verbenaceae","Phyla","nodiflora","Western Honey Bee","Hymenoptera","Apidae","Apis","mellifera","","","","Quiet Waters","July",2025,"Apis mellifera","Phyla nodiflora","Phyla nodiflora | Apis mellifera","Open Grassy","Open Human Disturbed","High human modification","","Apoidea"
"177","QW-20","Turkey Tangle Frogfruit","Lamiales","Verbenaceae","Phyla","nodiflora","Orange-spotted Flower Moth","Lepidoptera","Crambidae","Syngamia","florella","","","","Quiet Waters","July",2025,"Syngamia florella","Phyla nodiflora","Phyla nodiflora | Syngamia florella","Open Grassy","Open Human Disturbed","High human modification",NA,NA
"178","QW-20","Turkey Tangle Frogfruit","Lamiales","Verbenaceae","Phyla","nodiflora","Chrysanthrax cypris","Diptera","Bombyliidae","Chrysanthrax","cypris","","","","Quiet Waters","July",2025,"Chrysanthrax cypris","Phyla nodiflora","Phyla nodiflora | Chrysanthrax cypris","Open Grassy","Open Human Disturbed","High human modification",NA,NA
"179","QW-20","Turkey Tangle Frogfruit","Lamiales","Verbenaceae","Phyla","nodiflora","Poey's Furrow Bee ","Hymenoptera","Halictidae","Halictus","poeyi","","","","Quiet Waters","July",2025,"Halictus poeyi","Phyla nodiflora","Phyla nodiflora | Halictus poeyi","Open Grassy","Open Human Disturbed","High human modification","","Apoidea"
"180","QW-20","Shrubby False Buttonweed","Gentianales","Rubiaceae","Spermacoce","verticillata","Western Honey Bee","Hymenoptera","Apidae","Apis","mellifera","","","","Quiet Waters","July",2025,"Apis mellifera","Spermacoce verticillata","Spermacoce verticillata | Apis mellifera","Open Grassy","Open Human Disturbed","High human modification","","Apoidea"
"181","QW-20","Turkey Tangle Frogfruit","Lamiales","Verbenaceae","Phyla","nodiflora","White Peacock","Lepidoptera","Nymphalidae","Anartia","jatrophae","","","","Quiet Waters","July",2025,"Anartia jatrophae","Phyla nodiflora","Phyla nodiflora | Anartia jatrophae","Open Grassy","Open Human Disturbed","High human modification",NA,NA
"182","QW-20","Shrubby False Buttonweed","Gentianales","Rubiaceae","Spermacoce","verticillata","Poey's Furrow Bee ","Hymenoptera","Halictidae","Halictus","poeyi","","","","Quiet Waters","July",2025,"Halictus poeyi","Spermacoce verticillata","Spermacoce verticillata | Halictus poeyi","Open Grassy","Open Human Disturbed","High human modification","","Apoidea"
"183","QW-20","Shrubby False Buttonweed","Gentianales","Rubiaceae","Spermacoce","verticillata","Chrysanthrax cypris","Diptera","Bombyliidae","Chrysanthrax","cypris","","","","Quiet Waters","July",2025,"Chrysanthrax cypris","Spermacoce verticillata","Spermacoce verticillata | Chrysanthrax cypris","Open Grassy","Open Human Disturbed","High human modification",NA,NA
"184","QW-20","Turkey Tangle Frogfruit","Lamiales","Verbenaceae","Phyla","nodiflora","Fulvous Hairstreak","Lepidoptera","Lycaenidae","Electrostrymon","angelia","","","","Quiet Waters","July",2025,"Electrostrymon angelia","Phyla nodiflora","Phyla nodiflora | Electrostrymon angelia","Open Grassy","Open Human Disturbed","High human modification",NA,NA
"185","QW-20","Turkey Tangle Frogfruit","Lamiales","Verbenaceae","Phyla","nodiflora","Tropical Checkered-Skipper","Lepidoptera","Hesperiidae","Burnsius","oileus","","","","Quiet Waters","July",2025,"Burnsius oileus","Phyla nodiflora","Phyla nodiflora | Burnsius oileus","Open Grassy","Open Human Disturbed","High human modification",NA,NA
"186","QW-20","Shrubby False Buttonweed","Gentianales","Rubiaceae","Spermacoce","verticillata","Dainty Sulphur","Lepidoptera","Pieridae","Nathalis","iole","","","","Quiet Waters","July",2025,"Nathalis iole","Spermacoce verticillata","Spermacoce verticillata | Nathalis iole","Open Grassy","Open Human Disturbed","High human modification",NA,NA
"187","QW-20","Largeflower Mexican Clover","Gentianales","Rubiaceae","Richardia","grandiflora","Dorantes Longtail","Lepidoptera","Hesperiidae","Cecropterus","dorantes","","","","Quiet Waters","July",2025,"Cecropterus dorantes","Richardia grandiflora","Richardia grandiflora | Cecropterus dorantes","Open Grassy","Open Human Disturbed","High human modification",NA,NA
"188","QW-20","White Beggarticks","Asterales","Rubiaceae","Bidens","alba","Dorantes Longtail","Lepidoptera","Hesperiidae","Cecropterus","dorantes","","","","Quiet Waters","July",2025,"Cecropterus dorantes","Bidens alba","Bidens alba | Cecropterus dorantes","Open Grassy","Open Human Disturbed","High human modification",NA,NA
"189","QW-20","Turkey Tangle Frogfruit","Lamiales","Verbenaceae","Phyla","nodiflora","Dainty Sulphur","Lepidoptera","Pieridae","Nathalis","iole","","","","Quiet Waters","July",2025,"Nathalis iole","Phyla nodiflora","Phyla nodiflora | Nathalis iole","Open Grassy","Open Human Disturbed","High human modification",NA,NA
"190","MT-11","Shrubby False Buttonweed","Gentianales","Rubiaceae","Spermacoce","verticillata","Western Honey Bee","Hymenoptera","Apidae","Apis","mellifera","","","","Military Trail","July",2025,"Apis mellifera","Spermacoce verticillata","Spermacoce verticillata | Apis mellifera","Disturbed Edge","Open Human Disturbed","Low human modification","","Apoidea"
"191","MT-12","Creeping Cucumber","Cucurbitales","Cucurbitaceae","Melothria","pendula","Zebra Longwing","Lepidoptera","Nymphalidae","Heliconius","charithonia","","","","Military Trail","July",2025,"Heliconius charithonia","Melothria pendula","Melothria pendula | Heliconius charithonia","Sand Pine Scrub","Scrub","Low human modification",NA,NA
"192","HS-10","Narrowleaf Silkgrass","Asterales","Asteraceae","Pityopsis","graminifolia","Poey's Furrow Bee ","Hymenoptera","Halictidae","Halictus","poeyi","","","","Highlands Scrub","July",2025,"Halictus poeyi","Pityopsis graminifolia","Pityopsis graminifolia | Halictus poeyi","Sand Pine Scrub","Scrub","Low human modification","","Apoidea"
"193","HS-10","Largeflower Mexican Clover","Gentianales","Rubiaceae","Richardia","grandiflora","Dainty Sulphur","Lepidoptera","Pieridae","Nathalis","iole","","","","Highlands Scrub","July",2025,"Nathalis iole","Richardia grandiflora","Richardia grandiflora | Nathalis iole","Sand Pine Scrub","Scrub","Low human modification",NA,NA
"194","HS-10","Shrubby False Buttonweed","Gentianales","Rubiaceae","Spermacoce","verticillata","Chrysanthrax cypris","Diptera","Bombyliidae","Chrysanthrax","cypris","","","","Highlands Scrub","July",2025,"Chrysanthrax cypris","Spermacoce verticillata","Spermacoce verticillata | Chrysanthrax cypris","Sand Pine Scrub","Scrub","Low human modification",NA,NA
"195","HS-10","White Beggarticks","Asterales","Rubiaceae","Bidens","alba","Chrysanthrax cypris","Diptera","Bombyliidae","Chrysanthrax","cypris","","","","Highlands Scrub","July",2025,"Chrysanthrax cypris","Bidens alba","Bidens alba | Chrysanthrax cypris","Sand Pine Scrub","Scrub","Low human modification",NA,NA
"196","HS-10","Shrubby False Buttonweed","Gentianales","Rubiaceae","Spermacoce","verticillata","Western Honey Bee","Hymenoptera","Apidae","Apis","mellifera","","","","Highlands Scrub","July",2025,"Apis mellifera","Spermacoce verticillata","Spermacoce verticillata | Apis mellifera","Sand Pine Scrub","Scrub","Low human modification","","Apoidea"
"197","HS-11","Shrubby False Buttonweed","Gentianales","Rubiaceae","Spermacoce","verticillata","Manee's Nomia","Hymenoptera","Halictidae","Nomia","maneei","check id on iNat","https://www.inaturalist.org/observations/296360810","","Highlands Scrub","July",2025,"Nomia maneei","Spermacoce verticillata","Spermacoce verticillata | Nomia maneei","Sand Pine Scrub","Scrub","Low human modification","","Apoidea"
"198","HS-11","Trailing Daisy","Asterales","Asteraceae","Sphagneticola","trilobata","Gulf Fritillary","Lepidoptera","Nymphalidae","Dione ","vanillae","","","","Highlands Scrub","July",2025,"Dione  vanillae","Sphagneticola trilobata","Sphagneticola trilobata | Dione  vanillae","Sand Pine Scrub","Scrub","Low human modification",NA,NA
"199","HS-11","Shrubby False Buttonweed","Gentianales","Rubiaceae","Spermacoce","verticillata","Cassius Blue","Lepidoptera","Lycaenidae","Leptotes","cassius","","","","Highlands Scrub","July",2025,"Leptotes cassius","Spermacoce verticillata","Spermacoce verticillata | Leptotes cassius","Sand Pine Scrub","Scrub","Low human modification",NA,NA
"200","HS-11","Shrubby False Buttonweed","Gentianales","Rubiaceae","Spermacoce","verticillata","Chrysanthrax cypris","Diptera","Bombyliidae","Chrysanthrax","cypris","","","","Highlands Scrub","July",2025,"Chrysanthrax cypris","Spermacoce verticillata","Spermacoce verticillata | Chrysanthrax cypris","Sand Pine Scrub","Scrub","Low human modification",NA,NA
"201","MK-22","Shrubby False Buttonweed","Gentianales","Rubiaceae","Spermacoce","verticillata","Western Honey Bee","Hymenoptera","Apidae","Apis","mellifera","","","","Markham","July",2025,"Apis mellifera","Spermacoce verticillata","Spermacoce verticillata | Apis mellifera","Open Grassy","Open Human Disturbed","High human modification","","Apoidea"
"202","MK-22","Shrubby False Buttonweed","Gentianales","Rubiaceae","Spermacoce","verticillata","Orange-spotted Flower Moth","Lepidoptera","Crambidae","Syngamia","florella","","","","Markham","July",2025,"Syngamia florella","Spermacoce verticillata","Spermacoce verticillata | Syngamia florella","Open Grassy","Open Human Disturbed","High human modification",NA,NA
"203","MK-22","Turkey Tangle Frogfruit","Lamiales","Verbenaceae","Phyla","nodiflora","Western Honey Bee","Hymenoptera","Apidae","Apis","mellifera","","","","Markham","July",2025,"Apis mellifera","Phyla nodiflora","Phyla nodiflora | Apis mellifera","Open Grassy","Open Human Disturbed","High human modification","","Apoidea"
"204","MK-22","Turkey Tangle Frogfruit","Lamiales","Verbenaceae","Phyla","nodiflora","Stained-glass Moth","Lepidoptera","Crambidae","Samea","castellalis","","","","Markham","July",2025,"Samea castellalis","Phyla nodiflora","Phyla nodiflora | Samea castellalis","Open Grassy","Open Human Disturbed","High human modification",NA,NA
"205","MK-22","Turkey Tangle Frogfruit","Lamiales","Verbenaceae","Phyla","nodiflora","Orange-spotted Flower Moth","Lepidoptera","Crambidae","Syngamia","florella","","","","Markham","July",2025,"Syngamia florella","Phyla nodiflora","Phyla nodiflora | Syngamia florella","Open Grassy","Open Human Disturbed","High human modification",NA,NA
"206","MK-22","Turkey Tangle Frogfruit","Lamiales","Verbenaceae","Phyla","nodiflora","Ceraunus Blue","Lepidoptera","Lycaenidae","Hemiargus","ceraunus","","","","Markham","July",2025,"Hemiargus ceraunus","Phyla nodiflora","Phyla nodiflora | Hemiargus ceraunus","Open Grassy","Open Human Disturbed","High human modification",NA,NA
"207","MK-23","Largeflower Mexican Clover","Gentianales","Rubiaceae","Richardia","grandiflora","Common Buckeye","Lepidoptera","ymphalidae","Junonia","coenia","","","","Markham","July",2025,"Junonia coenia","Richardia grandiflora","Richardia grandiflora | Junonia coenia","Open Grassy","Open Human Disturbed","High human modification",NA,NA
"208","MK-23","Turkey Tangle Frogfruit","Lamiales","Verbenaceae","Phyla","nodiflora","Barred Yellow","Lepidoptera","Pieridae","Eurema","daira","","","","Markham","July",2025,"Eurema daira","Phyla nodiflora","Phyla nodiflora | Eurema daira","Open Grassy","Open Human Disturbed","High human modification",NA,NA
"209","MK-23","Shrubby False Buttonweed","Gentianales","Rubiaceae","Spermacoce","verticillata","Barred Yellow","Lepidoptera","Pieridae","Eurema","daira","","","","Markham","July",2025,"Eurema daira","Spermacoce verticillata","Spermacoce verticillata | Eurema daira","Open Grassy","Open Human Disturbed","High human modification",NA,NA
"210","MK-23","Shrubby False Buttonweed","Gentianales","Rubiaceae","Spermacoce","verticillata","Common Buckeye","Lepidoptera","ymphalidae","Junonia","coenia","","","","Markham","July",2025,"Junonia coenia","Spermacoce verticillata","Spermacoce verticillata | Junonia coenia","Open Grassy","Open Human Disturbed","High human modification",NA,NA
"211","MK-23","Turkey Tangle Frogfruit","Lamiales","Verbenaceae","Phyla","nodiflora","Orange-spotted Flower Moth","Lepidoptera","Crambidae","Syngamia","florella","","","","Markham","July",2025,"Syngamia florella","Phyla nodiflora","Phyla nodiflora | Syngamia florella","Open Grassy","Open Human Disturbed","High human modification",NA,NA
"212","MK-23","Shrubby False Buttonweed","Gentianales","Rubiaceae","Spermacoce","verticillata","Orange-spotted Flower Moth","Lepidoptera","Crambidae","Syngamia","florella","","","","Markham","July",2025,"Syngamia florella","Spermacoce verticillata","Spermacoce verticillata | Syngamia florella","Open Grassy","Open Human Disturbed","High human modification",NA,NA
"213","MK-23","Largeflower Mexican Clover","Gentianales","Rubiaceae","Richardia","grandiflora","Orange-spotted Flower Moth","Lepidoptera","Crambidae","Syngamia","florella","","","","Markham","July",2025,"Syngamia florella","Richardia grandiflora","Richardia grandiflora | Syngamia florella","Open Grassy","Open Human Disturbed","High human modification",NA,NA
"214","MK-23","Shrubby False Buttonweed","Gentianales","Rubiaceae","Spermacoce","verticillata","Ceraunus Blue","Lepidoptera","Lycaenidae","Hemiargus","ceraunus","","","","Markham","July",2025,"Hemiargus ceraunus","Spermacoce verticillata","Spermacoce verticillata | Hemiargus ceraunus","Open Grassy","Open Human Disturbed","High human modification",NA,NA
"215","MK-23","Turkey Tangle Frogfruit","Lamiales","Verbenaceae","Phyla","nodiflora","Phaon Crescent ","Lepidoptera","Nymphalidae","Phyciodes","phaon","","","","Markham","July",2025,"Phyciodes phaon","Phyla nodiflora","Phyla nodiflora | Phyciodes phaon","Open Grassy","Open Human Disturbed","High human modification",NA,NA
"216","MK-23","Showy Milkwort","Fabales","Polygalaceae","Asemeia","grandiflora","Phaon Crescent ","Lepidoptera","Nymphalidae","Phyciodes","phaon","","","","Markham","July",2025,"Phyciodes phaon","Asemeia grandiflora","Asemeia grandiflora | Phyciodes phaon","Open Grassy","Open Human Disturbed","High human modification",NA,NA
"217","MK-23","Turkey Tangle Frogfruit","Lamiales","Verbenaceae","Phyla","nodiflora","Exposed Bird Dropping Moth","Lepidoptera","Noctuidae","Tarache","aprica","","","","Markham","July",2025,"Tarache aprica","Phyla nodiflora","Phyla nodiflora | Tarache aprica","Open Grassy","Open Human Disturbed","High human modification",NA,NA
"218","QW-21","Turkey Tangle Frogfruit","Lamiales","Verbenaceae","Phyla","nodiflora","Western Honey Bee","Hymenoptera","Apidae","Apis","mellifera","","","","Quiet Waters","August",2025,"Apis mellifera","Phyla nodiflora","Phyla nodiflora | Apis mellifera","Open Grassy","Open Human Disturbed","High human modification","","Apoidea"
"219","QW-21","Largeflower Mexican Clover","Gentianales","Rubiaceae","Richardia","grandiflora","Ceraunus Blue","Lepidoptera","Lycaenidae","Hemiargus","ceraunus","","","","Quiet Waters","August",2025,"Hemiargus ceraunus","Richardia grandiflora","Richardia grandiflora | Hemiargus ceraunus","Open Grassy","Open Human Disturbed","High human modification",NA,NA
"220","QW-21","Turkey Tangle Frogfruit","Lamiales","Verbenaceae","Phyla","nodiflora","Ceraunus Blue","Lepidoptera","Lycaenidae","Hemiargus","ceraunus","","","","Quiet Waters","August",2025,"Hemiargus ceraunus","Phyla nodiflora","Phyla nodiflora | Hemiargus ceraunus","Open Grassy","Open Human Disturbed","High human modification",NA,NA
"221","QW-21","Creeping Indigo","Fabales","Fabaceae","Indigofera","spicata","Ceraunus Blue","Lepidoptera","Lycaenidae","Hemiargus","ceraunus","","","","Quiet Waters","August",2025,"Hemiargus ceraunus","Indigofera spicata","Indigofera spicata | Hemiargus ceraunus","Open Grassy","Open Human Disturbed","High human modification",NA,NA
"222","QW-21","Turkey Tangle Frogfruit","Lamiales","Verbenaceae","Phyla","nodiflora","Orange-spotted Flower Moth","Lepidoptera","Crambidae","Syngamia","florella","","","","Quiet Waters","August",2025,"Syngamia florella","Phyla nodiflora","Phyla nodiflora | Syngamia florella","Open Grassy","Open Human Disturbed","High human modification",NA,NA
"223","QW-21","Turkey Tangle Frogfruit","Lamiales","Verbenaceae","Phyla","nodiflora","Fiery Skipper","Lepidoptera","Hesperiidae","Hylephila","phyleus","","","","Quiet Waters","August",2025,"Hylephila phyleus","Phyla nodiflora","Phyla nodiflora | Hylephila phyleus","Open Grassy","Open Human Disturbed","High human modification",NA,NA
"224","QW-21","Turkey Tangle Frogfruit","Lamiales","Verbenaceae","Phyla","nodiflora","Poecilanthrax lucifer","Diptera","Bombyliidae","Poecilanthrax","lucifer ","","","","Quiet Waters","August",2025,"Poecilanthrax lucifer ","Phyla nodiflora","Phyla nodiflora | Poecilanthrax lucifer ","Open Grassy","Open Human Disturbed","High human modification",NA,NA
"225","QW-21","Turkey Tangle Frogfruit","Lamiales","Verbenaceae","Phyla","nodiflora","Complex Lasioglossum gemmatum","Hymenoptera","Halictidae","Lasioglossum","gemmatum","check id on iNat","https://www.inaturalist.org/observations/307184810","","Quiet Waters","August",2025,"Lasioglossum gemmatum","Phyla nodiflora","Phyla nodiflora | Lasioglossum gemmatum","Open Grassy","Open Human Disturbed","High human modification","","Apoidea"
"226","QW-22","Turkey Tangle Frogfruit","Lamiales","Verbenaceae","Phyla","nodiflora","Barred Yellow","Lepidoptera","Pieridae","Eurema","daira","","","","Quiet Waters","August",2025,"Eurema daira","Phyla nodiflora","Phyla nodiflora | Eurema daira","Open Grassy","Open Human Disturbed","High human modification",NA,NA
"227","QW-22","Common Fanpetals","Malvales","Malvaceae","Sida","ulmifolia","Barred Yellow","Lepidoptera","Pieridae","Eurema","daira","","","","Quiet Waters","August",2025,"Eurema daira","Sida ulmifolia","Sida ulmifolia | Eurema daira","Open Grassy","Open Human Disturbed","High human modification",NA,NA
"228","QW-22","Turkey Tangle Frogfruit","Lamiales","Verbenaceae","Phyla","nodiflora","Poecilanthrax lucifer","Diptera","Bombyliidae","Poecilanthrax","lucifer ","","","","Quiet Waters","August",2025,"Poecilanthrax lucifer ","Phyla nodiflora","Phyla nodiflora | Poecilanthrax lucifer ","Open Grassy","Open Human Disturbed","High human modification",NA,NA
"229","QW-22","Turkey Tangle Frogfruit","Lamiales","Verbenaceae","Phyla","nodiflora","Ceraunus Blue","Lepidoptera","Lycaenidae","Hemiargus","ceraunus","","","","Quiet Waters","August",2025,"Hemiargus ceraunus","Phyla nodiflora","Phyla nodiflora | Hemiargus ceraunus","Open Grassy","Open Human Disturbed","High human modification",NA,NA
"230","QW-22","Caribbean Stylo","Fabales","Fabaceae","Stylosanthes","hamata","Barred Yellow","Lepidoptera","Pieridae","Eurema","daira","","","","Quiet Waters","August",2025,"Eurema daira","Stylosanthes hamata","Stylosanthes hamata | Eurema daira","Open Grassy","Open Human Disturbed","High human modification",NA,NA
"231","QW-22","Turkey Tangle Frogfruit","Lamiales","Verbenaceae","Phyla","nodiflora","Coffee-loving Pyrausta Moth","Lepidoptera","Crambidae","Pyrausta","tyralis","","","","Quiet Waters","August",2025,"Pyrausta tyralis","Phyla nodiflora","Phyla nodiflora | Pyrausta tyralis","Open Grassy","Open Human Disturbed","High human modification",NA,NA
"232","QW-22","Largeflower Mexican Clover","Gentianales","Rubiaceae","Richardia","grandiflora","Western Honey Bee","Hymenoptera","Apidae","Apis","mellifera","","","","Quiet Waters","August",2025,"Apis mellifera","Richardia grandiflora","Richardia grandiflora | Apis mellifera","Open Grassy","Open Human Disturbed","High human modification","","Apoidea"
"233","QW-22","Largeflower Mexican Clover","Gentianales","Rubiaceae","Richardia","grandiflora","Barred Yellow","Lepidoptera","Pieridae","Eurema","daira","","","","Quiet Waters","August",2025,"Eurema daira","Richardia grandiflora","Richardia grandiflora | Eurema daira","Open Grassy","Open Human Disturbed","High human modification",NA,NA
"234","QW-22","Turkey Tangle Frogfruit","Lamiales","Verbenaceae","Phyla","nodiflora","Western Honey Bee","Hymenoptera","Apidae","Apis","mellifera","","","","Quiet Waters","August",2025,"Apis mellifera","Phyla nodiflora","Phyla nodiflora | Apis mellifera","Open Grassy","Open Human Disturbed","High human modification","","Apoidea"
"235","QW-22","Turkey Tangle Frogfruit","Lamiales","Verbenaceae","Phyla","nodiflora","Mallow Scrub-Hairstreak","Lepidoptera","Lycaenidae","Strymon","istapa","","","","Quiet Waters","August",2025,"Strymon istapa","Phyla nodiflora","Phyla nodiflora | Strymon istapa","Open Grassy","Open Human Disturbed","High human modification",NA,NA
"236","QW-22","Turkey Tangle Frogfruit","Lamiales","Verbenaceae","Phyla","nodiflora","Chrysanthrax cypris","Diptera","Bombyliidae","Chrysanthrax","cypris","","","","Quiet Waters","August",2025,"Chrysanthrax cypris","Phyla nodiflora","Phyla nodiflora | Chrysanthrax cypris","Open Grassy","Open Human Disturbed","High human modification",NA,NA
"237","QW-22","Turkey Tangle Frogfruit","Lamiales","Verbenaceae","Phyla","nodiflora","Poey's Furrow Bee ","Hymenoptera","Halictidae","Halictus","poeyi","","","","Quiet Waters","August",2025,"Halictus poeyi","Phyla nodiflora","Phyla nodiflora | Halictus poeyi","Open Grassy","Open Human Disturbed","High human modification","","Apoidea"
"238","QW-22","Creeping Indigo","Fabales","Fabaceae","Indigofera","spicata","Ceraunus Blue","Lepidoptera","Lycaenidae","Hemiargus","ceraunus","","","","Quiet Waters","August",2025,"Hemiargus ceraunus","Indigofera spicata","Indigofera spicata | Hemiargus ceraunus","Open Grassy","Open Human Disturbed","High human modification",NA,NA
"239","QW-22","Largeflower Mexican Clover","Gentianales","Rubiaceae","Richardia","grandiflora","Complex Lasioglossum gemmatum","Hymenoptera","Halictidae","Lasioglossum","gemmatum","check id on iNat","https://www.inaturalist.org/observations/307184847","","Quiet Waters","August",2025,"Lasioglossum gemmatum","Richardia grandiflora","Richardia grandiflora | Lasioglossum gemmatum","Open Grassy","Open Human Disturbed","High human modification","","Apoidea"
"240","QW-22","Common Fanpetals","Malvales","Malvaceae","Sida","ulmifolia","Complex Lasioglossum gemmatum","Hymenoptera","Halictidae","Lasioglossum","gemmatum","check id on iNat","https://www.inaturalist.org/observations/307184847","","Quiet Waters","August",2025,"Lasioglossum gemmatum","Sida ulmifolia","Sida ulmifolia | Lasioglossum gemmatum","Open Grassy","Open Human Disturbed","High human modification","","Apoidea"
"241","QW-22","Turkey Tangle Frogfruit","Lamiales","Verbenaceae","Phyla","nodiflora","Complex Lasioglossum gemmatum","Hymenoptera","Halictidae","Lasioglossum","gemmatum","check id on iNat","https://www.inaturalist.org/observations/307184847","","Quiet Waters","August",2025,"Lasioglossum gemmatum","Phyla nodiflora","Phyla nodiflora | Lasioglossum gemmatum","Open Grassy","Open Human Disturbed","High human modification","","Apoidea"
"242","QW-22","Largeflower Mexican Clover","Gentianales","Rubiaceae","Richardia","grandiflora","Coffee-loving Pyrausta Moth","Lepidoptera","Crambidae","Pyrausta","tyralis","","","","Quiet Waters","August",2025,"Pyrausta tyralis","Richardia grandiflora","Richardia grandiflora | Pyrausta tyralis","Open Grassy","Open Human Disturbed","High human modification",NA,NA
"243","HK-14","White Beggarticks","Asterales","Rubiaceae","Bidens","alba","Julia Heliconian","Lepidoptera","Nymphalidae","Dryas","iulia","","","","Helene Klein","August",2025,"Dryas iulia","Bidens alba","Bidens alba | Dryas iulia","Pine Flatwoods","Flatwoods","Low human modification",NA,NA
"244","HK-14","White Beggarticks","Asterales","Rubiaceae","Bidens","alba","Western Honey Bee","Hymenoptera","Apidae","Apis","mellifera","","","","Helene Klein","August",2025,"Apis mellifera","Bidens alba","Bidens alba | Apis mellifera","Pine Flatwoods","Flatwoods","Low human modification","","Apoidea"
"245","HK-14","Firebush ","Gentianales","Rubiaceae","Hamelia","patens","Zebra Longwing","Lepidoptera","Nymphalidae","Heliconius","charithonia","","","","Helene Klein","August",2025,"Heliconius charithonia","Hamelia patens","Hamelia patens | Heliconius charithonia","Pine Flatwoods","Flatwoods","Low human modification",NA,NA
"246","HK-14","White Beggarticks","Asterales","Rubiaceae","Bidens","alba","Poey's Furrow Bee ","Hymenoptera","Halictidae","Halictus","poeyi","","","","Helene Klein","August",2025,"Halictus poeyi","Bidens alba","Bidens alba | Halictus poeyi","Pine Flatwoods","Flatwoods","Low human modification","","Apoidea"
"247","HK-14","White Beggarticks","Asterales","Rubiaceae","Bidens","alba","Chrysanthrax cypris","Diptera","Bombyliidae","Chrysanthrax","cypris","","","","Helene Klein","August",2025,"Chrysanthrax cypris","Bidens alba","Bidens alba | Chrysanthrax cypris","Pine Flatwoods","Flatwoods","Low human modification",NA,NA
"248","HK-14","Firebush ","Gentianales","Rubiaceae","Hamelia","patens","Gulf Fritillary","Lepidoptera","Nymphalidae","Dione ","vanillae","","","","Helene Klein","August",2025,"Dione  vanillae","Hamelia patens","Hamelia patens | Dione  vanillae","Pine Flatwoods","Flatwoods","Low human modification",NA,NA
"249","CB-17","Turkey Tangle Frogfruit","Lamiales","Verbenaceae","Phyla","nodiflora","Western Honey Bee","Hymenoptera","Apidae","Apis","mellifera","","","","CB Smith","August",2025,"Apis mellifera","Phyla nodiflora","Phyla nodiflora | Apis mellifera","Open Grassy","Open Human Disturbed","High human modification","","Apoidea"
"250","CB-17","Largeflower Mexican Clover","Gentianales","Rubiaceae","Richardia","grandiflora","Poey's Furrow Bee ","Hymenoptera","Halictidae","Halictus","poeyi","","","","CB Smith","August",2025,"Halictus poeyi","Richardia grandiflora","Richardia grandiflora | Halictus poeyi","Open Grassy","Open Human Disturbed","High human modification","","Apoidea"
"251","CB-17","Shrubby False Buttonweed","Gentianales","Rubiaceae","Spermacoce","verticillata","Complex Lasioglossum gemmatum","Hymenoptera","Halictidae","Lasioglossum","gemmatum","check id on iNat","https://www.inaturalist.org/observations/307184895","","CB Smith","August",2025,"Lasioglossum gemmatum","Spermacoce verticillata","Spermacoce verticillata | Lasioglossum gemmatum","Open Grassy","Open Human Disturbed","High human modification","","Apoidea"
"252","CB-17","Largeflower Mexican Clover","Gentianales","Rubiaceae","Richardia","grandiflora","Complex Lasioglossum gemmatum","Hymenoptera","Halictidae","Lasioglossum","gemmatum","check id on iNat","https://www.inaturalist.org/observations/307184895","","CB Smith","August",2025,"Lasioglossum gemmatum","Richardia grandiflora","Richardia grandiflora | Lasioglossum gemmatum","Open Grassy","Open Human Disturbed","High human modification","","Apoidea"
"253","CB-17","Turkey Tangle Frogfruit","Lamiales","Verbenaceae","Phyla","nodiflora","Chrysanthrax cypris","Diptera","Bombyliidae","Chrysanthrax","cypris","","","","CB Smith","August",2025,"Chrysanthrax cypris","Phyla nodiflora","Phyla nodiflora | Chrysanthrax cypris","Open Grassy","Open Human Disturbed","High human modification",NA,NA
"254","CB-17","Turkey Tangle Frogfruit","Lamiales","Verbenaceae","Phyla","nodiflora","Complex Lasioglossum gemmatum","Hymenoptera","Halictidae","Lasioglossum","gemmatum","check id on iNat","https://www.inaturalist.org/observations/307184895","","CB Smith","August",2025,"Lasioglossum gemmatum","Phyla nodiflora","Phyla nodiflora | Lasioglossum gemmatum","Open Grassy","Open Human Disturbed","High human modification","","Apoidea"
"255","CB-17","Largeflower Mexican Clover","Gentianales","Rubiaceae","Richardia","grandiflora","Florida Small Carpenter ","Hymenoptera","Apidae","Ceratina","floridana","check id on iNat","https://www.inaturalist.org/observations/307184898","","CB Smith","August",2025,"Ceratina floridana","Richardia grandiflora","Richardia grandiflora | Ceratina floridana","Open Grassy","Open Human Disturbed","High human modification","","Apoidea"
"256","CB-17","Turkey Tangle Frogfruit","Lamiales","Verbenaceae","Phyla","nodiflora","Florida Small Carpenter ","Hymenoptera","Apidae","Ceratina","floridana","check id on iNat","https://www.inaturalist.org/observations/307184898","","CB Smith","August",2025,"Ceratina floridana","Phyla nodiflora","Phyla nodiflora | Ceratina floridana","Open Grassy","Open Human Disturbed","High human modification","","Apoidea"
"257","CB-17","Turkey Tangle Frogfruit","Lamiales","Verbenaceae","Phyla","nodiflora","Poey's Furrow Bee ","Hymenoptera","Halictidae","Halictus","poeyi","","","","CB Smith","August",2025,"Halictus poeyi","Phyla nodiflora","Phyla nodiflora | Halictus poeyi","Open Grassy","Open Human Disturbed","High human modification","","Apoidea"
"258","CB-17","Largeflower Mexican Clover","Gentianales","Rubiaceae","Richardia","grandiflora","Fiery Skipper","Lepidoptera","Hesperiidae","Hylephila","phyleus","","","","CB Smith","August",2025,"Hylephila phyleus","Richardia grandiflora","Richardia grandiflora | Hylephila phyleus","Open Grassy","Open Human Disturbed","High human modification",NA,NA
"259","CB-17","Turkey Tangle Frogfruit","Lamiales","Verbenaceae","Phyla","nodiflora","Fiery Skipper","Lepidoptera","Hesperiidae","Hylephila","phyleus","","","","CB Smith","August",2025,"Hylephila phyleus","Phyla nodiflora","Phyla nodiflora | Hylephila phyleus","Open Grassy","Open Human Disturbed","High human modification",NA,NA
"260","CB-17","Largeflower Mexican Clover","Gentianales","Rubiaceae","Richardia","grandiflora","Western Honey Bee","Hymenoptera","Apidae","Apis","mellifera","","","","CB Smith","August",2025,"Apis mellifera","Richardia grandiflora","Richardia grandiflora | Apis mellifera","Open Grassy","Open Human Disturbed","High human modification","","Apoidea"
"261","CB-19","Largeflower Mexican Clover","Gentianales","Rubiaceae","Richardia","grandiflora","Poey's Furrow Bee ","Hymenoptera","Halictidae","Halictus","poeyi","","","","CB Smith","August",2025,"Halictus poeyi","Richardia grandiflora","Richardia grandiflora | Halictus poeyi","Open Grassy","Open Human Disturbed","High human modification","","Apoidea"
"262","CB-19","Largeflower Mexican Clover","Gentianales","Rubiaceae","Richardia","grandiflora","Horace's Duskywing","Lepidoptera","Hesperiidae","Erynnis","horatius","","","","CB Smith","August",2025,"Erynnis horatius","Richardia grandiflora","Richardia grandiflora | Erynnis horatius","Open Grassy","Open Human Disturbed","High human modification",NA,NA
"263","CB-19","Shrubby False Buttonweed","Gentianales","Rubiaceae","Spermacoce","verticillata","Chrysanthrax cypris","Diptera","Bombyliidae","Chrysanthrax","cypris","","","","CB Smith","August",2025,"Chrysanthrax cypris","Spermacoce verticillata","Spermacoce verticillata | Chrysanthrax cypris","Open Grassy","Open Human Disturbed","High human modification",NA,NA
"264","CB-19","Largeflower Mexican Clover","Gentianales","Rubiaceae","Richardia","grandiflora","Orange-spotted Flower Moth","Lepidoptera","Crambidae","Syngamia","florella","","","","CB Smith","August",2025,"Syngamia florella","Richardia grandiflora","Richardia grandiflora | Syngamia florella","Open Grassy","Open Human Disturbed","High human modification",NA,NA
"265","CB-19","Shrubby False Buttonweed","Gentianales","Rubiaceae","Spermacoce","verticillata","Orange-spotted Flower Moth","Lepidoptera","Crambidae","Syngamia","florella","","","","CB Smith","August",2025,"Syngamia florella","Spermacoce verticillata","Spermacoce verticillata | Syngamia florella","Open Grassy","Open Human Disturbed","High human modification",NA,NA
"266","CB-20","Turkey Tangle Frogfruit","Lamiales","Verbenaceae","Phyla","nodiflora","Coffee-loving Pyrausta Moth","Lepidoptera","Crambidae","Pyrausta","tyralis","","","","CB Smith","August",2025,"Pyrausta tyralis","Phyla nodiflora","Phyla nodiflora | Pyrausta tyralis","Open Grassy","Open Human Disturbed","High human modification",NA,NA
"267","CB-20","Turkey Tangle Frogfruit","Lamiales","Verbenaceae","Phyla","nodiflora","Orange-spotted Flower Moth","Lepidoptera","Crambidae","Syngamia","florella","","","","CB Smith","August",2025,"Syngamia florella","Phyla nodiflora","Phyla nodiflora | Syngamia florella","Open Grassy","Open Human Disturbed","High human modification",NA,NA
"268","CB-20","Turkey Tangle Frogfruit","Lamiales","Verbenaceae","Phyla","nodiflora","Complex Lasioglossum gemmatum","Hymenoptera","Halictidae","Lasioglossum","gemmatum","check id on iNat, didn't get a pic but same as this individual ","https://www.inaturalist.org/observations/307184895","","CB Smith","August",2025,"Lasioglossum gemmatum","Phyla nodiflora","Phyla nodiflora | Lasioglossum gemmatum","Open Grassy","Open Human Disturbed","High human modification","","Apoidea"
"269","MK-26","Turkey Tangle Frogfruit","Lamiales","Verbenaceae","Phyla","nodiflora","White Peacock","Lepidoptera","Nymphalidae","Anartia","jatrophae","","","","Markham","August",2025,"Anartia jatrophae","Phyla nodiflora","Phyla nodiflora | Anartia jatrophae","Open Grassy","Open Human Disturbed","High human modification",NA,NA
"270","MK-26","Shrubby False Buttonweed","Gentianales","Rubiaceae","Spermacoce","verticillata","White Peacock","Lepidoptera","Nymphalidae","Anartia","jatrophae","","","","Markham","August",2025,"Anartia jatrophae","Spermacoce verticillata","Spermacoce verticillata | Anartia jatrophae","Open Grassy","Open Human Disturbed","High human modification",NA,NA
"271","MK-26","Turkey Tangle Frogfruit","Lamiales","Verbenaceae","Phyla","nodiflora","Phaon Crescent ","Lepidoptera","Nymphalidae","Phyciodes","phaon","","","","Markham","August",2025,"Phyciodes phaon","Phyla nodiflora","Phyla nodiflora | Phyciodes phaon","Open Grassy","Open Human Disturbed","High human modification",NA,NA
"272","MK-26","Shrubby False Buttonweed","Gentianales","Rubiaceae","Spermacoce","verticillata","Orange-spotted Flower Moth","Lepidoptera","Crambidae","Syngamia","florella","","","","Markham","August",2025,"Syngamia florella","Spermacoce verticillata","Spermacoce verticillata | Syngamia florella","Open Grassy","Open Human Disturbed","High human modification",NA,NA
"273","MK-26","Buttonweed","Gentianales","Rubiaceae","Diodia","virginiana","White Peacock","Lepidoptera","Nymphalidae","Anartia","jatrophae","","","","Markham","August",2025,"Anartia jatrophae","Diodia virginiana","Diodia virginiana | Anartia jatrophae","Open Grassy","Open Human Disturbed","High human modification",NA,NA
"274","MK-26","Turkey Tangle Frogfruit","Lamiales","Verbenaceae","Phyla","nodiflora","Orange-spotted Flower Moth","Lepidoptera","Crambidae","Syngamia","florella","","","","Markham","August",2025,"Syngamia florella","Phyla nodiflora","Phyla nodiflora | Syngamia florella","Open Grassy","Open Human Disturbed","High human modification",NA,NA
"275","MK-26","Turkey Tangle Frogfruit","Lamiales","Verbenaceae","Phyla","nodiflora","Wine-tinted Oenobotys Moth","Lepidoptera","Crambidae","Oenobotys","vinotinctalis","","","","Markham","August",2025,"Oenobotys vinotinctalis","Phyla nodiflora","Phyla nodiflora | Oenobotys vinotinctalis","Open Grassy","Open Human Disturbed","High human modification",NA,NA
"276","MK-28","Turkey Tangle Frogfruit","Lamiales","Verbenaceae","Phyla","nodiflora","Western Honey Bee","Hymenoptera","Apidae","Apis","mellifera","","","","Markham","August",2025,"Apis mellifera","Phyla nodiflora","Phyla nodiflora | Apis mellifera","Open Grassy","Open Human Disturbed","High human modification","","Apoidea"
"277","LK-15","White Beggarticks","Asterales","Rubiaceae","Bidens","alba","Western Honey Bee","Hymenoptera","Apidae","Apis","mellifera","","","","Long Key","August",2025,"Apis mellifera","Bidens alba","Bidens alba | Apis mellifera","Open Grassy","Open Human Disturbed","Low human modification","","Apoidea"
"278","LK-15","White Beggarticks","Asterales","Rubiaceae","Bidens","alba","Poey's Furrow Bee ","Hymenoptera","Halictidae","Halictus","poeyi","","","","Long Key","August",2025,"Halictus poeyi","Bidens alba","Bidens alba | Halictus poeyi","Open Grassy","Open Human Disturbed","Low human modification","","Apoidea"
"279","LK-15","White Beggarticks","Asterales","Rubiaceae","Bidens","alba","Florida Small Carpenter ","Hymenoptera","Apidae","Ceratina","floridana","","","","Long Key","August",2025,"Ceratina floridana","Bidens alba","Bidens alba | Ceratina floridana","Open Grassy","Open Human Disturbed","Low human modification","","Apoidea"
"280","LK-15","White Beggarticks","Asterales","Rubiaceae","Bidens","alba","Horace's Duskywing","Lepidoptera","Hesperiidae","Erynnis","horatius","","","","Long Key","August",2025,"Erynnis horatius","Bidens alba","Bidens alba | Erynnis horatius","Open Grassy","Open Human Disturbed","Low human modification",NA,NA
"281","LK-15","White Beggarticks","Asterales","Rubiaceae","Bidens","alba","Gulf Fritillary","Lepidoptera","Nymphalidae","Dione ","vanillae","","","","Long Key","August",2025,"Dione  vanillae","Bidens alba","Bidens alba | Dione  vanillae","Open Grassy","Open Human Disturbed","Low human modification",NA,NA
"282","VV-18","Shrubby False Buttonweed","Gentianales","Rubiaceae","Spermacoce","verticillata","Western Honey Bee","Hymenoptera","Apidae","Apis","mellifera","","","","Vista View","August",2025,"Apis mellifera","Spermacoce verticillata","Spermacoce verticillata | Apis mellifera","Open Grassy","Open Human Disturbed","High human modification","","Apoidea"
"283","VV-18","Shrubby False Buttonweed","Gentianales","Rubiaceae","Spermacoce","verticillata","Orange-spotted Flower Moth","Lepidoptera","Crambidae","Syngamia","florella","","","","Vista View","August",2025,"Syngamia florella","Spermacoce verticillata","Spermacoce verticillata | Syngamia florella","Open Grassy","Open Human Disturbed","High human modification",NA,NA
"284","VV-18","Largeflower Mexican Clover","Gentianales","Rubiaceae","Richardia","grandiflora","Complex Lasioglossum gemmatum","Hymenoptera","Halictidae","Lasioglossum","gemmatum","check id on iNat","https://www.inaturalist.org/observations/307375927","","Vista View","August",2025,"Lasioglossum gemmatum","Richardia grandiflora","Richardia grandiflora | Lasioglossum gemmatum","Open Grassy","Open Human Disturbed","High human modification","","Apoidea"
"285","VV-18","Largeflower Mexican Clover","Gentianales","Rubiaceae","Richardia","grandiflora","Poey's Furrow Bee ","Hymenoptera","Halictidae","Halictus","poeyi","","","","Vista View","August",2025,"Halictus poeyi","Richardia grandiflora","Richardia grandiflora | Halictus poeyi","Open Grassy","Open Human Disturbed","High human modification","","Apoidea"
"286","VV-18","Shrubby False Buttonweed","Gentianales","Rubiaceae","Spermacoce","verticillata","Brown-winged Striped Sweat Bee","Hymenoptera","Halictidae","Agapostemon","splendens","check id on iNat","https://www.inaturalist.org/observations/307375935","","Vista View","August",2025,"Agapostemon splendens","Spermacoce verticillata","Spermacoce verticillata | Agapostemon splendens","Open Grassy","Open Human Disturbed","High human modification","","Apoidea"
"287","VV-18","Asthma Plant","Malpighiales","Euphorbiaceae","Euphorbia","hirta","Orange-spotted Flower Moth","Lepidoptera","Crambidae","Syngamia","florella","","","","Vista View","August",2025,"Syngamia florella","Euphorbia hirta","Euphorbia hirta | Syngamia florella","Open Grassy","Open Human Disturbed","High human modification",NA,NA
"288","VV-18","Shrubby False Buttonweed","Gentianales","Rubiaceae","Spermacoce","verticillata","Poey's Furrow Bee ","Hymenoptera","Halictidae","Halictus","poeyi","","","","Vista View","August",2025,"Halictus poeyi","Spermacoce verticillata","Spermacoce verticillata | Halictus poeyi","Open Grassy","Open Human Disturbed","High human modification","","Apoidea"
"289","VV-18","Largeflower Mexican Clover","Gentianales","Rubiaceae","Richardia","grandiflora","Western Honey Bee","Hymenoptera","Apidae","Apis","mellifera","","","","Vista View","August",2025,"Apis mellifera","Richardia grandiflora","Richardia grandiflora | Apis mellifera","Open Grassy","Open Human Disturbed","High human modification","","Apoidea"
"290","VV-18","White Beggarticks","Asterales","Rubiaceae","Bidens","alba","Poey's Furrow Bee ","Hymenoptera","Halictidae","Halictus","poeyi","","","","Vista View","August",2025,"Halictus poeyi","Bidens alba","Bidens alba | Halictus poeyi","Open Grassy","Open Human Disturbed","High human modification","","Apoidea"
"291","VV-18","Shrubby False Buttonweed","Gentianales","Rubiaceae","Spermacoce","verticillata","White Checkered-Skipper","Lepidoptera","Hesperiidae","Burnsius","albezens","","","","Vista View","August",2025,"Burnsius albezens","Spermacoce verticillata","Spermacoce verticillata | Burnsius albezens","Open Grassy","Open Human Disturbed","High human modification",NA,NA
"292","VV-18","Largeflower Mexican Clover","Gentianales","Rubiaceae","Richardia","grandiflora","White Checkered-Skipper","Lepidoptera","Hesperiidae","Burnsius","albezens","","","","Vista View","August",2025,"Burnsius albezens","Richardia grandiflora","Richardia grandiflora | Burnsius albezens","Open Grassy","Open Human Disturbed","High human modification",NA,NA
"293","VV-18","White Beggarticks","Asterales","Rubiaceae","Bidens","alba","White Checkered-Skipper","Lepidoptera","Hesperiidae","Burnsius","albezens","","","","Vista View","August",2025,"Burnsius albezens","Bidens alba","Bidens alba | Burnsius albezens","Open Grassy","Open Human Disturbed","High human modification",NA,NA
"294","VV-18","Hyssop Spurge","Malpighiales","Euphorbiaceae","Euphorbia","hyssopifolia","White Checkered-Skipper","Lepidoptera","Hesperiidae","Burnsius","albezens","","","","Vista View","August",2025,"Burnsius albezens","Euphorbia hyssopifolia","Euphorbia hyssopifolia | Burnsius albezens","Open Grassy","Open Human Disturbed","High human modification",NA,NA
"295","VV-18","Largeflower Mexican Clover","Gentianales","Rubiaceae","Richardia","grandiflora","Florida Small Carpenter ","Hymenoptera","Apidae","Ceratina","floridana","check id on iNat","https://www.inaturalist.org/observations/307375957","","Vista View","August",2025,"Ceratina floridana","Richardia grandiflora","Richardia grandiflora | Ceratina floridana","Open Grassy","Open Human Disturbed","High human modification","","Apoidea"
"296","VV-18","Largeflower Mexican Clover","Gentianales","Rubiaceae","Richardia","grandiflora","Hawaiian Beet Webworm Moth","Lepidoptera","Crambidae","Spoladea","recurvalis","","","","Vista View","August",2025,"Spoladea recurvalis","Richardia grandiflora","Richardia grandiflora | Spoladea recurvalis","Open Grassy","Open Human Disturbed","High human modification",NA,NA
"297","VV-18","Turkey Tangle Frogfruit","Lamiales","Verbenaceae","Phyla","nodiflora","Western Honey Bee","Hymenoptera","Apidae","Apis","mellifera","","","","Vista View","August",2025,"Apis mellifera","Phyla nodiflora","Phyla nodiflora | Apis mellifera","Open Grassy","Open Human Disturbed","High human modification","","Apoidea"
"298","VV-18","Tridax Daisy","Asterales","Asteraceae","Tridax","procumbens","Western Honey Bee","Hymenoptera","Apidae","Apis","mellifera","","","","Vista View","August",2025,"Apis mellifera","Tridax procumbens","Tridax procumbens | Apis mellifera","Open Grassy","Open Human Disturbed","High human modification","","Apoidea"
"299","VV-18","Tridax Daisy","Asterales","Asteraceae","Tridax","procumbens","Poey's Furrow Bee ","Hymenoptera","Halictidae","Halictus","poeyi","","","","Vista View","August",2025,"Halictus poeyi","Tridax procumbens","Tridax procumbens | Halictus poeyi","Open Grassy","Open Human Disturbed","High human modification","","Apoidea"
"300","VV-18","Turkey Tangle Frogfruit","Lamiales","Verbenaceae","Phyla","nodiflora","Coffee-loving Pyrausta Moth","Lepidoptera","Crambidae","Pyrausta","tyralis","","","","Vista View","August",2025,"Pyrausta tyralis","Phyla nodiflora","Phyla nodiflora | Pyrausta tyralis","Open Grassy","Open Human Disturbed","High human modification",NA,NA
"301","VV-18","White Beggarticks","Asterales","Rubiaceae","Bidens","alba","Western Honey Bee","Hymenoptera","Apidae","Apis","mellifera","","","","Vista View","August",2025,"Apis mellifera","Bidens alba","Bidens alba | Apis mellifera","Open Grassy","Open Human Disturbed","High human modification","","Apoidea"
"302","MK-34","Turkey Tangle Frogfruit","Lamiales","Verbenaceae","Phyla","nodiflora","Barred Yellow","Lepidoptera","Pieridae","Eurema","daira","","","","Markham","September",2025,"Eurema daira","Phyla nodiflora","Phyla nodiflora | Eurema daira","Open Grassy","Open Human Disturbed","High human modification",NA,NA
"303","MK-34","Largeflower Mexican Clover","Gentianales","Rubiaceae","Richardia","grandiflora","Barred Yellow","Lepidoptera","Pieridae","Eurema","daira","","","","Markham","September",2025,"Eurema daira","Richardia grandiflora","Richardia grandiflora | Eurema daira","Open Grassy","Open Human Disturbed","High human modification",NA,NA
"304","MK-34","Turkey Tangle Frogfruit","Lamiales","Verbenaceae","Phyla","nodiflora","Orange-spotted Flower Moth","Lepidoptera","Crambidae","Syngamia","florella","","","","Markham","September",2025,"Syngamia florella","Phyla nodiflora","Phyla nodiflora | Syngamia florella","Open Grassy","Open Human Disturbed","High human modification",NA,NA
"305","MK-34","Turkey Tangle Frogfruit","Lamiales","Verbenaceae","Phyla","nodiflora","Western Honey Bee","Hymenoptera","Apidae","Apis","mellifera","","","","Markham","September",2025,"Apis mellifera","Phyla nodiflora","Phyla nodiflora | Apis mellifera","Open Grassy","Open Human Disturbed","High human modification","","Apoidea"
"306","MK-34","White Moneywort","Fabales","Fabaceae","Alysicarpus","vaginalis","Barred Yellow","Lepidoptera","Pieridae","Eurema","daira","","","","Markham","September",2025,"Eurema daira","Alysicarpus vaginalis","Alysicarpus vaginalis | Eurema daira","Open Grassy","Open Human Disturbed","High human modification",NA,NA
"307","MK-34","White Beggarticks","Asterales","Rubiaceae","Bidens","alba","Delta Flower Scarab","Coleoptera","Scarabaeidae","Trigonopeltastes","delta","","https://www.inaturalist.org/observations/316644211","","Markham","September",2025,"Trigonopeltastes delta","Bidens alba","Bidens alba | Trigonopeltastes delta","Open Grassy","Open Human Disturbed","High human modification","Cetoniinae",""
"308","MK-34","Turkey Tangle Frogfruit","Lamiales","Verbenaceae","Phyla","nodiflora","Lasioglossum nymphale","Hymenoptera","Halictidae","Lasioglossum","nymphale","check id on iNat","https://www.inaturalist.org/observations/313203796","","Markham","September",2025,"Lasioglossum nymphale","Phyla nodiflora","Phyla nodiflora | Lasioglossum nymphale","Open Grassy","Open Human Disturbed","High human modification","","Apoidea"
"309","MK-35","Turkey Tangle Frogfruit","Lamiales","Verbenaceae","Phyla","nodiflora","Phaon Crescent ","Lepidoptera","Nymphalidae","Phyciodes","phaon","","","","Markham","September",2025,"Phyciodes phaon","Phyla nodiflora","Phyla nodiflora | Phyciodes phaon","Open Grassy","Open Human Disturbed","High human modification",NA,NA
"310","MK-35","Turkey Tangle Frogfruit","Lamiales","Verbenaceae","Phyla","nodiflora","White Peacock","Lepidoptera","Nymphalidae","Anartia","jatrophae","","","","Markham","September",2025,"Anartia jatrophae","Phyla nodiflora","Phyla nodiflora | Anartia jatrophae","Open Grassy","Open Human Disturbed","High human modification",NA,NA
"311","MK-35","Turkey Tangle Frogfruit","Lamiales","Verbenaceae","Phyla","nodiflora","Orange-spotted Flower Moth","Lepidoptera","Crambidae","Syngamia","florella","","","","Markham","September",2025,"Syngamia florella","Phyla nodiflora","Phyla nodiflora | Syngamia florella","Open Grassy","Open Human Disturbed","High human modification",NA,NA
"312","MK-35","Turkey Tangle Frogfruit","Lamiales","Verbenaceae","Phyla","nodiflora","Barred Yellow","Lepidoptera","Pieridae","Eurema","daira","","","","Markham","September",2025,"Eurema daira","Phyla nodiflora","Phyla nodiflora | Eurema daira","Open Grassy","Open Human Disturbed","High human modification",NA,NA
"313","MK-35","Turkey Tangle Frogfruit","Lamiales","Verbenaceae","Phyla","nodiflora","Pure Green Sweat Bee","Hymenoptera","Halictidae","Augochlora","pura","check id on iNat","https://www.inaturalist.org/observations/313203804","","Markham","September",2025,"Augochlora pura","Phyla nodiflora","Phyla nodiflora | Augochlora pura","Open Grassy","Open Human Disturbed","High human modification","","Apoidea"
"314","CB-22","White Beggarticks","Asterales","Rubiaceae","Bidens","alba","Western Honey Bee","Hymenoptera","Apidae","Apis","mellifera","","","","CB Smith","September",2025,"Apis mellifera","Bidens alba","Bidens alba | Apis mellifera","Open Grassy","Open Human Disturbed","High human modification","","Apoidea"
"315","CB-22","White Beggarticks","Asterales","Rubiaceae","Bidens","alba","Mallow Scrub-Hairstreak","Lepidoptera","Lycaenidae","Strymon","istapa","","","","CB Smith","September",2025,"Strymon istapa","Bidens alba","Bidens alba | Strymon istapa","Open Grassy","Open Human Disturbed","High human modification",NA,NA
"316","CB-22","Turkey Tangle Frogfruit","Lamiales","Verbenaceae","Phyla","nodiflora","Western Honey Bee","Hymenoptera","Apidae","Apis","mellifera","","","","CB Smith","September",2025,"Apis mellifera","Phyla nodiflora","Phyla nodiflora | Apis mellifera","Open Grassy","Open Human Disturbed","High human modification","","Apoidea"
"317","CB-23","Turkey Tangle Frogfruit","Lamiales","Verbenaceae","Phyla","nodiflora","Western Honey Bee","Hymenoptera","Apidae","Apis","mellifera","","","","CB Smith","September",2025,"Apis mellifera","Phyla nodiflora","Phyla nodiflora | Apis mellifera","Open Grassy","Open Human Disturbed","High human modification","","Apoidea"
"318","HK-16","Caesaer Weed","Malvales","Malvaceae","Urena","lobata","Western Honey Bee","Hymenoptera","Apidae","Apis","mellifera","","","","Helene Klein","September",2025,"Apis mellifera","Urena lobata","Urena lobata | Apis mellifera","Pine Flatwoods","Flatwoods","Low human modification","","Apoidea"
"319","HK-16","White Beggarticks","Asterales","Rubiaceae","Bidens","alba","Western Honey Bee","Hymenoptera","Apidae","Apis","mellifera","","","","Helene Klein","September",2025,"Apis mellifera","Bidens alba","Bidens alba | Apis mellifera","Pine Flatwoods","Flatwoods","Low human modification","","Apoidea"
"320","HK-17","White Beggarticks","Asterales","Rubiaceae","Bidens","alba","Western Honey Bee","Hymenoptera","Apidae","Apis","mellifera","","","","Helene Klein","September",2025,"Apis mellifera","Bidens alba","Bidens alba | Apis mellifera","Pine Flatwoods","Flatwoods","Low human modification","","Apoidea"
"321","HK-17","White Beggarticks","Asterales","Rubiaceae","Bidens","alba","Zebra Longwing","Lepidoptera","Nymphalidae","Heliconius","charithonia","","","","Helene Klein","September",2025,"Heliconius charithonia","Bidens alba","Bidens alba | Heliconius charithonia","Pine Flatwoods","Flatwoods","Low human modification",NA,NA
"322","MT-16","Largeflower Mexican Clover","Gentianales","Rubiaceae","Richardia","grandiflora","Western Honey Bee","Hymenoptera","Apidae","Apis","mellifera","","","","Military Trail","September",2025,"Apis mellifera","Richardia grandiflora","Richardia grandiflora | Apis mellifera","Scrubby Flatwoods","Scrub","Low human modification","","Apoidea"
"323","MT-16","Shrubby False Buttonweed","Gentianales","Rubiaceae","Spermacoce","verticillata","Mallow Scrub-Hairstreak","Lepidoptera","Lycaenidae","Strymon","istapa","","","","Military Trail","September",2025,"Strymon istapa","Spermacoce verticillata","Spermacoce verticillata | Strymon istapa","Scrubby Flatwoods","Scrub","Low human modification",NA,NA
"324","MT-16","Tropic Croton","Malpighiales","Euphorbiaceae","Croton","glandulosus","Mallow Scrub-Hairstreak","Lepidoptera","Lycaenidae","Strymon","istapa","","","","Military Trail","September",2025,"Strymon istapa","Croton glandulosus","Croton glandulosus | Strymon istapa","Scrubby Flatwoods","Scrub","Low human modification",NA,NA
"325","MT-16","Largeflower Mexican Clover","Gentianales","Rubiaceae","Richardia","grandiflora","Brown-winged Striped Sweat Bee","Hymenoptera","Halictidae","Agapostemon","splendens","","","","Military Trail","September",2025,"Agapostemon splendens","Richardia grandiflora","Richardia grandiflora | Agapostemon splendens","Scrubby Flatwoods","Scrub","Low human modification","","Apoidea"
"326","MT-16","Largeflower Mexican Clover","Gentianales","Rubiaceae","Richardia","grandiflora","Ocola Skipper","Lepidoptera","Hesperiidae","Panoquina","ocola","","","","Military Trail","September",2025,"Panoquina ocola","Richardia grandiflora","Richardia grandiflora | Panoquina ocola","Scrubby Flatwoods","Scrub","Low human modification",NA,NA
"327","MT-16","White Beggarticks","Asterales","Rubiaceae","Bidens","alba","Brown-winged Striped Sweat Bee","Hymenoptera","Halictidae","Agapostemon","splendens","","","","Military Trail","September",2025,"Agapostemon splendens","Bidens alba","Bidens alba | Agapostemon splendens","Scrubby Flatwoods","Scrub","Low human modification","","Apoidea"
"328","MT-16","Tropic Croton","Malpighiales","Euphorbiaceae","Croton","glandulosus","Brown-winged Striped Sweat Bee","Hymenoptera","Halictidae","Agapostemon","splendens","","","","Military Trail","September",2025,"Agapostemon splendens","Croton glandulosus","Croton glandulosus | Agapostemon splendens","Scrubby Flatwoods","Scrub","Low human modification","","Apoidea"
"329","MT-16","Tridax Daisy","Asterales","Asteraceae","Tridax","procumbens","Brown-winged Striped Sweat Bee","Hymenoptera","Halictidae","Agapostemon","splendens","","","","Military Trail","September",2025,"Agapostemon splendens","Tridax procumbens","Tridax procumbens | Agapostemon splendens","Scrubby Flatwoods","Scrub","Low human modification","","Apoidea"
"330","MT-16","White Beggarticks","Asterales","Rubiaceae","Bidens","alba","Horace's Duskywing","Lepidoptera","Hesperiidae","Erynnis","horatius","","","","Military Trail","September",2025,"Erynnis horatius","Bidens alba","Bidens alba | Erynnis horatius","Scrubby Flatwoods","Scrub","Low human modification",NA,NA
"331","MT-16","Tropic Croton","Malpighiales","Euphorbiaceae","Croton","glandulosus","Petulant Leafcutter Bee","Hymenoptera","Megachilidae","Megachile","petulans","check id on iNat","https://www.inaturalist.org/observations/314361691","","Military Trail","September",2025,"Megachile petulans","Croton glandulosus","Croton glandulosus | Megachile petulans","Scrubby Flatwoods","Scrub","Low human modification","","Apoidea"
"332","MT-18","White Beggarticks","Asterales","Rubiaceae","Bidens","alba","Ocola Skipper","Lepidoptera","Hesperiidae","Panoquina","ocola","","","","Military Trail","September",2025,"Panoquina ocola","Bidens alba","Bidens alba | Panoquina ocola","Sand Pine Scrub","Scrub","Low human modification",NA,NA
"333","MT-18","White Beggarticks","Asterales","Rubiaceae","Bidens","alba","Zebra Longwing","Lepidoptera","Nymphalidae","Heliconius","charithonia","","","","Military Trail","September",2025,"Heliconius charithonia","Bidens alba","Bidens alba | Heliconius charithonia","Sand Pine Scrub","Scrub","Low human modification",NA,NA
"334","MT-18","Caesaer Weed","Malvales","Malvaceae","Urena","lobata","Zebra Longwing","Lepidoptera","Nymphalidae","Heliconius","charithonia","","","","Military Trail","September",2025,"Heliconius charithonia","Urena lobata","Urena lobata | Heliconius charithonia","Sand Pine Scrub","Scrub","Low human modification",NA,NA
"335","LK-17","Turkey Tangle Frogfruit","Lamiales","Verbenaceae","Phyla","nodiflora","Western Honey Bee","Hymenoptera","Apidae","Apis","mellifera","","","","Long Key","September",2025,"Apis mellifera","Phyla nodiflora","Phyla nodiflora | Apis mellifera","Open Grassy","Open Human Disturbed","Low human modification","","Apoidea"
"336","LK-17","White Beggarticks","Asterales","Rubiaceae","Bidens","alba","Western Honey Bee","Hymenoptera","Apidae","Apis","mellifera","","","","Long Key","September",2025,"Apis mellifera","Bidens alba","Bidens alba | Apis mellifera","Open Grassy","Open Human Disturbed","Low human modification","","Apoidea"
"337","VV-21","Turkey Tangle Frogfruit","Lamiales","Verbenaceae","Phyla","nodiflora","Barred Yellow","Lepidoptera","Pieridae","Eurema","daira","","","","Vista View","September",2025,"Eurema daira","Phyla nodiflora","Phyla nodiflora | Eurema daira","Open Grassy","Open Human Disturbed","High human modification",NA,NA
"338","VV-21","Trailing Daisy","Asterales","Asteraceae","Sphagneticola","trilobata","Barred Yellow","Lepidoptera","Pieridae","Eurema","daira","","","","Vista View","September",2025,"Eurema daira","Sphagneticola trilobata","Sphagneticola trilobata | Eurema daira","Open Grassy","Open Human Disturbed","High human modification",NA,NA
"339","VV-21","Largeflower Mexican Clover","Gentianales","Rubiaceae","Richardia","grandiflora","Barred Yellow","Lepidoptera","Pieridae","Eurema","daira","","","","Vista View","September",2025,"Eurema daira","Richardia grandiflora","Richardia grandiflora | Eurema daira","Open Grassy","Open Human Disturbed","High human modification",NA,NA
"340","VV-21","Common Fanpetals","Malvales","Malvaceae","Sida","ulmifolia","Barred Yellow","Lepidoptera","Pieridae","Eurema","daira","","","","Vista View","September",2025,"Eurema daira","Sida ulmifolia","Sida ulmifolia | Eurema daira","Open Grassy","Open Human Disturbed","High human modification",NA,NA
"341","VV-21","Cigar Plants and Allies","Myrtales","Lythraceae","Cuphea","","Barred Yellow","Lepidoptera","Pieridae","Eurema","daira","","","","Vista View","September",2025,"Eurema daira","Genus Cuphea","Genus Cuphea | Eurema daira","Open Grassy","Open Human Disturbed","High human modification",NA,NA
"342","VV-21","Trailing Daisy","Asterales","Asteraceae","Sphagneticola","trilobata","Poey's Furrow Bee ","Hymenoptera","Halictidae","Halictus","poeyi","","","","Vista View","September",2025,"Halictus poeyi","Sphagneticola trilobata","Sphagneticola trilobata | Halictus poeyi","Open Grassy","Open Human Disturbed","High human modification","","Apoidea"
"343","VV-21","Largeflower Mexican Clover","Gentianales","Rubiaceae","Richardia","grandiflora","Orange-spotted Flower Moth","Lepidoptera","Crambidae","Syngamia","florella","","","","Vista View","September",2025,"Syngamia florella","Richardia grandiflora","Richardia grandiflora | Syngamia florella","Open Grassy","Open Human Disturbed","High human modification",NA,NA
"344","VV-21","Trailing Daisy","Asterales","Asteraceae","Sphagneticola","trilobata","Orange-spotted Flower Moth","Lepidoptera","Crambidae","Syngamia","florella","","","","Vista View","September",2025,"Syngamia florella","Sphagneticola trilobata","Sphagneticola trilobata | Syngamia florella","Open Grassy","Open Human Disturbed","High human modification",NA,NA
"345","VV-21","Turkey Tangle Frogfruit","Lamiales","Verbenaceae","Phyla","nodiflora","Orange-spotted Flower Moth","Lepidoptera","Crambidae","Syngamia","florella","","","","Vista View","September",2025,"Syngamia florella","Phyla nodiflora","Phyla nodiflora | Syngamia florella","Open Grassy","Open Human Disturbed","High human modification",NA,NA
"346","VV-22","Turkey Tangle Frogfruit","Lamiales","Verbenaceae","Phyla","nodiflora","Fiery Skipper","Lepidoptera","Hesperiidae","Hylephila","phyleus","","","","Vista View","September",2025,"Hylephila phyleus","Phyla nodiflora","Phyla nodiflora | Hylephila phyleus","Open Grassy","Open Human Disturbed","High human modification",NA,NA
"347","VV-22","Largeflower Mexican Clover","Gentianales","Rubiaceae","Richardia","grandiflora","Fiery Skipper","Lepidoptera","Hesperiidae","Hylephila","phyleus","","","","Vista View","September",2025,"Hylephila phyleus","Richardia grandiflora","Richardia grandiflora | Hylephila phyleus","Open Grassy","Open Human Disturbed","High human modification",NA,NA
"348","VV-22","Turkey Tangle Frogfruit","Lamiales","Verbenaceae","Phyla","nodiflora","Orange-spotted Flower Moth","Lepidoptera","Crambidae","Syngamia","florella","","","","Vista View","September",2025,"Syngamia florella","Phyla nodiflora","Phyla nodiflora | Syngamia florella","Open Grassy","Open Human Disturbed","High human modification",NA,NA
"349","VV-22","Shrubby False Buttonweed","Gentianales","Rubiaceae","Spermacoce","verticillata","Orange-spotted Flower Moth","Lepidoptera","Crambidae","Syngamia","florella","","","","Vista View","September",2025,"Syngamia florella","Spermacoce verticillata","Spermacoce verticillata | Syngamia florella","Open Grassy","Open Human Disturbed","High human modification",NA,NA
"350","VV-22","Turkey Tangle Frogfruit","Lamiales","Verbenaceae","Phyla","nodiflora","Western Honey Bee","Hymenoptera","Apidae","Apis","mellifera","","","","Vista View","September",2025,"Apis mellifera","Phyla nodiflora","Phyla nodiflora | Apis mellifera","Open Grassy","Open Human Disturbed","High human modification","","Apoidea"
"351","VV-22","Turkey Tangle Frogfruit","Lamiales","Verbenaceae","Phyla","nodiflora","Tropical Checkered-Skipper","Lepidoptera","Hesperiidae","Burnsius","oileus","check id on iNat","https://www.inaturalist.org/observations/317658939","","Vista View","September",2025,"Burnsius oileus","Phyla nodiflora","Phyla nodiflora | Burnsius oileus","Open Grassy","Open Human Disturbed","High human modification",NA,NA
"352","VV-22","Largeflower Mexican Clover","Gentianales","Rubiaceae","Richardia","grandiflora","Orange-spotted Flower Moth","Lepidoptera","Crambidae","Syngamia","florella","","","","Vista View","September",2025,"Syngamia florella","Richardia grandiflora","Richardia grandiflora | Syngamia florella","Open Grassy","Open Human Disturbed","High human modification",NA,NA
"353","VV-22","Turkey Tangle Frogfruit","Lamiales","Verbenaceae","Phyla","nodiflora","Chrysanthrax cypris","Diptera","Bombyliidae","Chrysanthrax","cypris","","","","Vista View","September",2025,"Chrysanthrax cypris","Phyla nodiflora","Phyla nodiflora | Chrysanthrax cypris","Open Grassy","Open Human Disturbed","High human modification",NA,NA
"354","VV-22","Turkey Tangle Frogfruit","Lamiales","Verbenaceae","Phyla","nodiflora","Poey's Furrow Bee ","Hymenoptera","Halictidae","Halictus","poeyi","","","","Vista View","September",2025,"Halictus poeyi","Phyla nodiflora","Phyla nodiflora | Halictus poeyi","Open Grassy","Open Human Disturbed","High human modification","","Apoidea"
"355","VV-22","Turkey Tangle Frogfruit","Lamiales","Verbenaceae","Phyla","nodiflora","Phaon Crescent ","Lepidoptera","Nymphalidae","Phyciodes","phaon","","","","Vista View","September",2025,"Phyciodes phaon","Phyla nodiflora","Phyla nodiflora | Phyciodes phaon","Open Grassy","Open Human Disturbed","High human modification",NA,NA
"356","VV-22","Largeflower Mexican Clover","Gentianales","Rubiaceae","Richardia","grandiflora","Chrysanthrax cypris","Diptera","Bombyliidae","Chrysanthrax","cypris","","","","Vista View","September",2025,"Chrysanthrax cypris","Richardia grandiflora","Richardia grandiflora | Chrysanthrax cypris","Open Grassy","Open Human Disturbed","High human modification",NA,NA
"357","VV-22","Turkey Tangle Frogfruit","Lamiales","Verbenaceae","Phyla","nodiflora","Poecilanthrax lucifer","Diptera","Bombyliidae","Poecilanthrax","lucifer","","","","Vista View","September",2025,"Poecilanthrax lucifer","Phyla nodiflora","Phyla nodiflora | Poecilanthrax lucifer","Open Grassy","Open Human Disturbed","High human modification",NA,NA
"358","VV-22","Largeflower Mexican Clover","Gentianales","Rubiaceae","Richardia","grandiflora","White Peacock","Lepidoptera","Nymphalidae","Anartia","jatrophae","","","","Vista View","September",2025,"Anartia jatrophae","Richardia grandiflora","Richardia grandiflora | Anartia jatrophae","Open Grassy","Open Human Disturbed","High human modification",NA,NA
"359","VV-22","Turkey Tangle Frogfruit","Lamiales","Verbenaceae","Phyla","nodiflora","Ammophila pictipennis","Hymenoptera","Sphecidae","Ammophila","pictipennis","check id on iNat","https://www.inaturalist.org/observations/317658952","","Vista View","September",2025,"Ammophila pictipennis","Phyla nodiflora","Phyla nodiflora | Ammophila pictipennis","Open Grassy","Open Human Disturbed","High human modification","","Apoidea"
"360","VV-22","Turkey Tangle Frogfruit","Lamiales","Verbenaceae","Phyla","nodiflora","Barred Yellow","Lepidoptera","Pieridae","Eurema","daira","","","","Vista View","September",2025,"Eurema daira","Phyla nodiflora","Phyla nodiflora | Eurema daira","Open Grassy","Open Human Disturbed","High human modification",NA,NA
"361","VV-23","Turkey Tangle Frogfruit","Lamiales","Verbenaceae","Phyla","nodiflora","White Peacock","Lepidoptera","Nymphalidae","Anartia","jatrophae","","","","Vista View","September",2025,"Anartia jatrophae","Phyla nodiflora","Phyla nodiflora | Anartia jatrophae","Open Grassy","Open Human Disturbed","High human modification",NA,NA
"362","VV-23","Turkey Tangle Frogfruit","Lamiales","Verbenaceae","Phyla","nodiflora","Western Honey Bee","Hymenoptera","Apidae","Apis","mellifera","","","","Vista View","September",2025,"Apis mellifera","Phyla nodiflora","Phyla nodiflora | Apis mellifera","Open Grassy","Open Human Disturbed","High human modification","","Apoidea"
"363","VV-23","White Beggarticks","Asterales","Rubiaceae","Bidens","alba","Western Honey Bee","Hymenoptera","Apidae","Apis","mellifera","","","","Vista View","September",2025,"Apis mellifera","Bidens alba","Bidens alba | Apis mellifera","Open Grassy","Open Human Disturbed","High human modification","","Apoidea"
"364","VV-23","Turkey Tangle Frogfruit","Lamiales","Verbenaceae","Phyla","nodiflora","Phaon Crescent ","Lepidoptera","Nymphalidae","Phyciodes","phaon","","","","Vista View","September",2025,"Phyciodes phaon","Phyla nodiflora","Phyla nodiflora | Phyciodes phaon","Open Grassy","Open Human Disturbed","High human modification",NA,NA
"365","VV-23","Turkey Tangle Frogfruit","Lamiales","Verbenaceae","Phyla","nodiflora","Poecilanthrax lucifer","Diptera","Bombyliidae","Poecilanthrax","lucifer","","","","Vista View","September",2025,"Poecilanthrax lucifer","Phyla nodiflora","Phyla nodiflora | Poecilanthrax lucifer","Open Grassy","Open Human Disturbed","High human modification",NA,NA
"366","VV-23","Turkey Tangle Frogfruit","Lamiales","Verbenaceae","Phyla","nodiflora","Systoechus solitus","Diptera","Bombyliidae","Systoechus","solitus","check id on iNat","https://www.inaturalist.org/observations/317658970","","Vista View","September",2025,"Systoechus solitus","Phyla nodiflora","Phyla nodiflora | Systoechus solitus","Open Grassy","Open Human Disturbed","High human modification",NA,NA
"367","VV-23","White Beggarticks","Asterales","Rubiaceae","Bidens","alba","Dorantes Longtail","Lepidoptera","Hesperiidae","Cecropterus","dorantes","","","","Vista View","September",2025,"Cecropterus dorantes","Bidens alba","Bidens alba | Cecropterus dorantes","Open Grassy","Open Human Disturbed","High human modification",NA,NA
"368","VV-23","Turkey Tangle Frogfruit","Lamiales","Verbenaceae","Phyla","nodiflora","Fiery Skipper","Lepidoptera","Hesperiidae","Hylephila","phyleus","","","","Vista View","September",2025,"Hylephila phyleus","Phyla nodiflora","Phyla nodiflora | Hylephila phyleus","Open Grassy","Open Human Disturbed","High human modification",NA,NA
"369","VV-23","White Beggarticks","Asterales","Rubiaceae","Bidens","alba","Fiery Skipper","Lepidoptera","Hesperiidae","Hylephila","phyleus","","","","Vista View","September",2025,"Hylephila phyleus","Bidens alba","Bidens alba | Hylephila phyleus","Open Grassy","Open Human Disturbed","High human modification",NA,NA
"370","VV-23","White Beggarticks","Asterales","Rubiaceae","Bidens","alba","White Peacock","Lepidoptera","Nymphalidae","Anartia","jatrophae","","","","Vista View","September",2025,"Anartia jatrophae","Bidens alba","Bidens alba | Anartia jatrophae","Open Grassy","Open Human Disturbed","High human modification",NA,NA
"371","VV-23","Turkey Tangle Frogfruit","Lamiales","Verbenaceae","Phyla","nodiflora","Orange-spotted Flower Moth","Lepidoptera","Crambidae","Syngamia","florella","","","","Vista View","September",2025,"Syngamia florella","Phyla nodiflora","Phyla nodiflora | Syngamia florella","Open Grassy","Open Human Disturbed","High human modification",NA,NA
"372","VV-24","White Beggarticks","Asterales","Rubiaceae","Bidens","alba","Poey's Furrow Bee ","Hymenoptera","Halictidae","Halictus","poeyi","","","","Vista View","September",2025,"Halictus poeyi","Bidens alba","Bidens alba | Halictus poeyi","Open Grassy","Open Human Disturbed","High human modification","","Apoidea"
"373","VV-24","Shrubby False Buttonweed","Gentianales","Rubiaceae","Spermacoce","verticillata","Orange-spotted Flower Moth","Lepidoptera","Crambidae","Syngamia","florella","","","","Vista View","September",2025,"Syngamia florella","Spermacoce verticillata","Spermacoce verticillata | Syngamia florella","Open Grassy","Open Human Disturbed","High human modification",NA,NA
"374","VV-24","White Beggarticks","Asterales","Rubiaceae","Bidens","alba","Orange-spotted Flower Moth","Lepidoptera","Crambidae","Syngamia","florella","","","","Vista View","September",2025,"Syngamia florella","Bidens alba","Bidens alba | Syngamia florella","Open Grassy","Open Human Disturbed","High human modification",NA,NA
"375","VV-24","Turkey Tangle Frogfruit","Lamiales","Verbenaceae","Phyla","nodiflora","Coffee-loving Pyrausta Moth","Lepidoptera","Crambidae","Pyrausta","tyralis","","","","Vista View","September",2025,"Pyrausta tyralis","Phyla nodiflora","Phyla nodiflora | Pyrausta tyralis","Open Grassy","Open Human Disturbed","High human modification",NA,NA
"376","VV-24","White Beggarticks","Asterales","Rubiaceae","Bidens","alba","Phaon Crescent ","Lepidoptera","Nymphalidae","Phyciodes","phaon","","","","Vista View","September",2025,"Phyciodes phaon","Bidens alba","Bidens alba | Phyciodes phaon","Open Grassy","Open Human Disturbed","High human modification",NA,NA
"377","VV-24","White Beggarticks","Asterales","Rubiaceae","Bidens","alba","Barred Yellow","Lepidoptera","Pieridae","Eurema","daira","","","","Vista View","September",2025,"Eurema daira","Bidens alba","Bidens alba | Eurema daira","Open Grassy","Open Human Disturbed","High human modification",NA,NA
"378","HS-16","Flannel Weed","Malvales","Malvaceae","Sida","cordifolia","Gulf Fritillary","Lepidoptera","Nymphalidae","Dione ","vanillae","","","","Highlands Scrub","September",2025,"Dione  vanillae","Sida cordifolia","Sida cordifolia | Dione  vanillae","Sand Pine Scrub","Scrub","Low human modification",NA,NA
"379","HS-16","White Beggarticks","Asterales","Rubiaceae","Bidens","alba","Zebra Longwing","Lepidoptera","Nymphalidae","Heliconius","charithonia","","","","Highlands Scrub","September",2025,"Heliconius charithonia","Bidens alba","Bidens alba | Heliconius charithonia","Sand Pine Scrub","Scrub","Low human modification",NA,NA
"380","HS-16","Flannel Weed","Malvales","Malvaceae","Sida","cordifolia","Cassius Blue","Lepidoptera","Lycaenidae","Leptotes","cassius","","","","Highlands Scrub","September",2025,"Leptotes cassius","Sida cordifolia","Sida cordifolia | Leptotes cassius","Sand Pine Scrub","Scrub","Low human modification",NA,NA
"381","HS-16","White Beggarticks","Asterales","Rubiaceae","Bidens","alba","Horace's Duskywing","Lepidoptera","Hesperiidae","Erynnis","horatius","check id on iNat","https://www.inaturalist.org/observations/317659020","","Highlands Scrub","September",2025,"Erynnis horatius","Bidens alba","Bidens alba | Erynnis horatius","Sand Pine Scrub","Scrub","Low human modification",NA,NA
"382","HS-16","White Beggarticks","Asterales","Rubiaceae","Bidens","alba","Cassius Blue","Lepidoptera","Lycaenidae","Leptotes","cassius","","","","Highlands Scrub","September",2025,"Leptotes cassius","Bidens alba","Bidens alba | Leptotes cassius","Sand Pine Scrub","Scrub","Low human modification",NA,NA
"383","HS-16","Flannel Weed","Malvales","Malvaceae","Sida","cordifolia","Zebra Longwing","Lepidoptera","Nymphalidae","Heliconius","charithonia","","","","Highlands Scrub","September",2025,"Heliconius charithonia","Sida cordifolia","Sida cordifolia | Heliconius charithonia","Sand Pine Scrub","Scrub","Low human modification",NA,NA
"384","HS-16","Diacrodon compressus","Gentianales","Rubiaceae","Diacrodon","compressus","Cassius Blue","Lepidoptera","Lycaenidae","Leptotes","cassius","","","","Highlands Scrub","September",2025,"Leptotes cassius","Diacrodon compressus","Diacrodon compressus | Leptotes cassius","Sand Pine Scrub","Scrub","Low human modification",NA,NA
"385","HS-16","White Beggarticks","Asterales","Rubiaceae","Bidens","alba","Gulf Fritillary","Lepidoptera","Nymphalidae","Dione ","vanillae","","","","Highlands Scrub","September",2025,"Dione  vanillae","Bidens alba","Bidens alba | Dione  vanillae","Sand Pine Scrub","Scrub","Low human modification",NA,NA
"386","HS-16","Diacrodon compressus","Gentianales","Rubiaceae","Diacrodon","compressus","Western Honey Bee","Hymenoptera","Apidae","Apis","mellifera","","","","Highlands Scrub","September",2025,"Apis mellifera","Diacrodon compressus","Diacrodon compressus | Apis mellifera","Sand Pine Scrub","Scrub","Low human modification","","Apoidea"
"387","HS-17","White Beggarticks","Asterales","Rubiaceae","Bidens","alba","Western Honey Bee","Hymenoptera","Apidae","Apis","mellifera","","","","Highlands Scrub","September",2025,"Apis mellifera","Bidens alba","Bidens alba | Apis mellifera","Sand Pine Scrub","Scrub","Low human modification","","Apoidea"
"388","HS-17","White Beggarticks","Asterales","Rubiaceae","Bidens","alba","Ceraunus Blue","Lepidoptera","Lycaenidae","Hemiargus","ceraunus","","","","Highlands Scrub","September",2025,"Hemiargus ceraunus","Bidens alba","Bidens alba | Hemiargus ceraunus","Sand Pine Scrub","Scrub","Low human modification",NA,NA
"389","HS-17","Flannel Weed","Malvales","Malvaceae","Sida","cordifolia","Ceraunus Blue","Lepidoptera","Lycaenidae","Hemiargus","ceraunus","","","","Highlands Scrub","September",2025,"Hemiargus ceraunus","Sida cordifolia","Sida cordifolia | Hemiargus ceraunus","Sand Pine Scrub","Scrub","Low human modification",NA,NA
"390","HS-17","Diacrodon compressus","Gentianales","Rubiaceae","Diacrodon","compressus","Ceraunus Blue","Lepidoptera","Lycaenidae","Hemiargus","ceraunus","","","","Highlands Scrub","September",2025,"Hemiargus ceraunus","Diacrodon compressus","Diacrodon compressus | Hemiargus ceraunus","Sand Pine Scrub","Scrub","Low human modification",NA,NA
"391","HS-17","Shaggy Portulaca","Caryophyllales","Portulacaceae","Portulaca","pilosa","Ceraunus Blue","Lepidoptera","Lycaenidae","Hemiargus","ceraunus","","","","Highlands Scrub","September",2025,"Hemiargus ceraunus","Portulaca pilosa","Portulaca pilosa | Hemiargus ceraunus","Sand Pine Scrub","Scrub","Low human modification",NA,NA
"392","HS-17","Camphorweed","Asterales","Asteraceae","Heterotheca","subaxillaris","Ceraunus Blue","Lepidoptera","Lycaenidae","Hemiargus","ceraunus","","","","Highlands Scrub","September",2025,"Hemiargus ceraunus","Heterotheca subaxillaris","Heterotheca subaxillaris | Hemiargus ceraunus","Sand Pine Scrub","Scrub","Low human modification",NA,NA
"393","HS-17","Cucumberleaf Sunflower","Asterales","Asteraceae","Helianthus","debilis","Ceraunus Blue","Lepidoptera","Lycaenidae","Hemiargus","ceraunus","","","","Highlands Scrub","September",2025,"Hemiargus ceraunus","Helianthus debilis","Helianthus debilis | Hemiargus ceraunus","Sand Pine Scrub","Scrub","Low human modification",NA,NA
"394","HS-17","Trailing Daisy","Asterales","Asteraceae","Sphagneticola","trilobata","Western Honey Bee","Hymenoptera","Apidae","Apis","mellifera","","","","Highlands Scrub","September",2025,"Apis mellifera","Sphagneticola trilobata","Sphagneticola trilobata | Apis mellifera","Sand Pine Scrub","Scrub","Low human modification","","Apoidea"
"395","HS-17","White Beggarticks","Asterales","Rubiaceae","Bidens","alba","Polydamas Swallowtail","Lepidoptera","Papilionidae","Battus","polydamas","","","","Highlands Scrub","September",2025,"Battus polydamas","Bidens alba","Bidens alba | Battus polydamas","Sand Pine Scrub","Scrub","Low human modification",NA,NA
"396","HS-17","Flannel Weed","Malvales","Malvaceae","Sida","cordifolia","Polydamas Swallowtail","Lepidoptera","Papilionidae","Battus","polydamas","","","","Highlands Scrub","September",2025,"Battus polydamas","Sida cordifolia","Sida cordifolia | Battus polydamas","Sand Pine Scrub","Scrub","Low human modification",NA,NA
"397","HS-17","Trailing Daisy","Asterales","Asteraceae","Sphagneticola","trilobata","Polydamas Swallowtail","Lepidoptera","Papilionidae","Battus","polydamas","","","","Highlands Scrub","September",2025,"Battus polydamas","Sphagneticola trilobata","Sphagneticola trilobata | Battus polydamas","Sand Pine Scrub","Scrub","Low human modification",NA,NA
"398","HS-17","Trailing Daisy","Asterales","Asteraceae","Sphagneticola","trilobata","Ceraunus Blue","Lepidoptera","Lycaenidae","Hemiargus","ceraunus","","","","Highlands Scrub","September",2025,"Hemiargus ceraunus","Sphagneticola trilobata","Sphagneticola trilobata | Hemiargus ceraunus","Sand Pine Scrub","Scrub","Low human modification",NA,NA
"399","HS-17","Flannel Weed","Malvales","Malvaceae","Sida","cordifolia","Gulf Fritillary","Lepidoptera","Nymphalidae","Dione ","vanillae","","","","Highlands Scrub","September",2025,"Dione  vanillae","Sida cordifolia","Sida cordifolia | Dione  vanillae","Sand Pine Scrub","Scrub","Low human modification",NA,NA
"400","HS-17","Cucumberleaf Sunflower","Asterales","Asteraceae","Helianthus","debilis","Gulf Fritillary","Lepidoptera","Nymphalidae","Dione ","vanillae","","","","Highlands Scrub","September",2025,"Dione  vanillae","Helianthus debilis","Helianthus debilis | Dione  vanillae","Sand Pine Scrub","Scrub","Low human modification",NA,NA
"401","HS-17","White Beggarticks","Asterales","Rubiaceae","Bidens","alba","Gulf Fritillary","Lepidoptera","Nymphalidae","Dione ","vanillae","","","","Highlands Scrub","September",2025,"Dione  vanillae","Bidens alba","Bidens alba | Dione  vanillae","Sand Pine Scrub","Scrub","Low human modification",NA,NA
"402","HS-17","Madagascar Periwinkle","Gentianales","Apocynaceae","Catharanthus","roseus","Gulf Fritillary","Lepidoptera","Nymphalidae","Dione ","vanillae","","","","Highlands Scrub","September",2025,"Dione  vanillae","Catharanthus roseus","Catharanthus roseus | Dione  vanillae","Sand Pine Scrub","Scrub","Low human modification",NA,NA
"403","HS-17","Whitemouth Dayflower","Commelinales","Commelinaceae","Commelina","erecta","Ceraunus Blue","Lepidoptera","Lycaenidae","Hemiargus","ceraunus","","","","Highlands Scrub","September",2025,"Hemiargus ceraunus","Commelina erecta","Commelina erecta | Hemiargus ceraunus","Sand Pine Scrub","Scrub","Low human modification",NA,NA
"404","HS-17","Flannel Weed","Malvales","Malvaceae","Sida","cordifolia","Horace's Duskywing","Lepidoptera","Hesperiidae","Erynnis","horatius","","","","Highlands Scrub","September",2025,"Erynnis horatius","Sida cordifolia","Sida cordifolia | Erynnis horatius","Sand Pine Scrub","Scrub","Low human modification",NA,NA
"405","HS-17","White Beggarticks","Asterales","Rubiaceae","Bidens","alba","Horace's Duskywing","Lepidoptera","Hesperiidae","Erynnis","horatius","","","","Highlands Scrub","September",2025,"Erynnis horatius","Bidens alba","Bidens alba | Erynnis horatius","Sand Pine Scrub","Scrub","Low human modification",NA,NA
"406","HS-17","White Beggarticks","Asterales","Rubiaceae","Bidens","alba","Fiery Skipper","Lepidoptera","Hesperiidae","Hylephila","phyleus","","","","Highlands Scrub","September",2025,"Hylephila phyleus","Bidens alba","Bidens alba | Hylephila phyleus","Sand Pine Scrub","Scrub","Low human modification",NA,NA
"407","HS-17","Tropic Croton","Malpighiales","Euphorbiaceae","Croton","glandulosus","Western Honey Bee","Hymenoptera","Apidae","Apis","mellifera","","","","Highlands Scrub","September",2025,"Apis mellifera","Croton glandulosus","Croton glandulosus | Apis mellifera","Sand Pine Scrub","Scrub","Low human modification","","Apoidea"
"408","HS-17","Trailing Daisy","Asterales","Asteraceae","Sphagneticola","trilobata","Dainty Sulphur","Lepidoptera","Pieridae","Nathalis","iole","","","","Highlands Scrub","September",2025,"Nathalis iole","Sphagneticola trilobata","Sphagneticola trilobata | Nathalis iole","Sand Pine Scrub","Scrub","Low human modification",NA,NA
"409","HS-17","White Beggarticks","Asterales","Rubiaceae","Bidens","alba","Gray Hairstreak","Lepidoptera","Lycaenidae","Strymon","melinus","","","","Highlands Scrub","September",2025,"Strymon melinus","Bidens alba","Bidens alba | Strymon melinus","Sand Pine Scrub","Scrub","Low human modification",NA,NA
"410","HS-17","Silkgrasses","Asterales","Asteraceae","Pityopsis","","Horace's Duskywing","Lepidoptera","Hesperiidae","Erynnis","horatius","","","","Highlands Scrub","September",2025,"Erynnis horatius","Genus Pityopsis","Genus Pityopsis | Erynnis horatius","Sand Pine Scrub","Scrub","Low human modification",NA,NA
"411","HS-17","Camphorweed","Asterales","Asteraceae","Heterotheca","subaxillaris","Western Honey Bee","Hymenoptera","Apidae","Apis","mellifera","","","","Highlands Scrub","September",2025,"Apis mellifera","Heterotheca subaxillaris","Heterotheca subaxillaris | Apis mellifera","Sand Pine Scrub","Scrub","Low human modification","","Apoidea"
"412","HS-17","White Beggarticks","Asterales","Rubiaceae","Bidens","alba","White Checkered-Skipper","Lepidoptera","Hesperiidae","Burnsius","albezens","","https://www.inaturalist.org/observations/317659057","","Highlands Scrub","September",2025,"Burnsius albezens","Bidens alba","Bidens alba | Burnsius albezens","Sand Pine Scrub","Scrub","Low human modification",NA,NA
"413","HS-17","Trailing Daisy","Asterales","Asteraceae","Sphagneticola","trilobata","White Checkered-Skipper","Lepidoptera","Hesperiidae","Burnsius","albezens","","","","Highlands Scrub","September",2025,"Burnsius albezens","Sphagneticola trilobata","Sphagneticola trilobata | Burnsius albezens","Sand Pine Scrub","Scrub","Low human modification",NA,NA
"414","HS-17","Camphorweed","Asterales","Asteraceae","Heterotheca","subaxillaris","Fiery Skipper","Lepidoptera","Hesperiidae","Hylephila","phyleus","","","","Highlands Scrub","September",2025,"Hylephila phyleus","Heterotheca subaxillaris","Heterotheca subaxillaris | Hylephila phyleus","Sand Pine Scrub","Scrub","Low human modification",NA,NA
"415","HS-18","October Flower","Caryophyllales","Polygonaceae","Polygonella","polygama","Western Honey Bee","Hymenoptera","Apidae","Apis","mellifera","","","","Highlands Scrub","September",2025,"Apis mellifera","Polygonella polygama","Polygonella polygama | Apis mellifera","Sand Pine Scrub","Scrub","Low human modification","","Apoidea"
"416","HS-18","October Flower","Caryophyllales","Polygonaceae","Polygonella","polygama","Cassius Blue","Lepidoptera","Lycaenidae","Leptotes","cassius","","","","Highlands Scrub","September",2025,"Leptotes cassius","Polygonella polygama","Polygonella polygama | Leptotes cassius","Sand Pine Scrub","Scrub","Low human modification",NA,NA
"417","QW-25","Sidebeak Pencilflower","Fabales","Fabaceae","Stylosanthes","biflora","Barred Yellow","Lepidoptera","Pieridae","Eurema","daira","","","","Quiet Waters","September",2025,"Eurema daira","Stylosanthes biflora","Stylosanthes biflora | Eurema daira","Open Grassy","Open Human Disturbed","High human modification",NA,NA
"418","QW-25","Turkey Tangle Frogfruit","Lamiales","Verbenaceae","Phyla","nodiflora","Barred Yellow","Lepidoptera","Pieridae","Eurema","daira","","","","Quiet Waters","September",2025,"Eurema daira","Phyla nodiflora","Phyla nodiflora | Eurema daira","Open Grassy","Open Human Disturbed","High human modification",NA,NA
"419","VV-27","Sidebeak Pencilflower","Fabales","Fabaceae","Stylosanthes","biflora","Barred Yellow","Lepidoptera","Pieridae","Eurema","daira","","","","Vista View","October",2025,"Eurema daira","Stylosanthes biflora","Stylosanthes biflora | Eurema daira","Open Grassy","Open Human Disturbed","High human modification",NA,NA
"420","VV-27","Caribbean Stylo","Fabales","Fabaceae","Stylosanthes","hamata","Barred Yellow","Lepidoptera","Pieridae","Eurema","daira","","","","Vista View","October",2025,"Eurema daira","Stylosanthes hamata","Stylosanthes hamata | Eurema daira","Open Grassy","Open Human Disturbed","High human modification",NA,NA
"421","VV-27","Largeflower Mexican Clover","Gentianales","Rubiaceae","Richardia","grandiflora","Barred Yellow","Lepidoptera","Pieridae","Eurema","daira","","","","Vista View","October",2025,"Eurema daira","Richardia grandiflora","Richardia grandiflora | Eurema daira","Open Grassy","Open Human Disturbed","High human modification",NA,NA
"422","VV-27","Largeflower Mexican Clover","Gentianales","Rubiaceae","Richardia","grandiflora","Orange-spotted Flower Moth","Lepidoptera","Crambidae","Syngamia","florella","","","","Vista View","October",2025,"Syngamia florella","Richardia grandiflora","Richardia grandiflora | Syngamia florella","Open Grassy","Open Human Disturbed","High human modification",NA,NA
"423","VV-28","White Beggarticks","Asterales","Rubiaceae","Bidens","alba","Phaon Crescent ","Lepidoptera","Nymphalidae","Phyciodes","phaon","","","","Vista View","October",2025,"Phyciodes phaon","Bidens alba","Bidens alba | Phyciodes phaon","Open Grassy","Open Human Disturbed","High human modification",NA,NA
"424","VV-28","White Beggarticks","Asterales","Rubiaceae","Bidens","alba","Orange-spotted Flower Moth","Lepidoptera","Crambidae","Syngamia","florella","","","","Vista View","October",2025,"Syngamia florella","Bidens alba","Bidens alba | Syngamia florella","Open Grassy","Open Human Disturbed","High human modification",NA,NA
"425","VV-28","Largeflower Mexican Clover","Gentianales","Rubiaceae","Richardia","grandiflora","Phaon Crescent ","Lepidoptera","Nymphalidae","Phyciodes","phaon","","","","Vista View","October",2025,"Phyciodes phaon","Richardia grandiflora","Richardia grandiflora | Phyciodes phaon","Open Grassy","Open Human Disturbed","High human modification",NA,NA
"426","VV-28","Largeflower Mexican Clover","Gentianales","Rubiaceae","Richardia","grandiflora","Orange-spotted Flower Moth","Lepidoptera","Crambidae","Syngamia","florella","","","","Vista View","October",2025,"Syngamia florella","Richardia grandiflora","Richardia grandiflora | Syngamia florella","Open Grassy","Open Human Disturbed","High human modification",NA,NA
"427","MK-38","White Beggarticks","Asterales","Rubiaceae","Bidens","alba","Gulf Fritillary","Lepidoptera","Nymphalidae","Dione ","vanillae","","","","Markham","October",2025,"Dione  vanillae","Bidens alba","Bidens alba | Dione  vanillae","Open Grassy","Open Human Disturbed","High human modification",NA,NA
"428","MK-38","White Beggarticks","Asterales","Rubiaceae","Bidens","alba","White Peacock","Lepidoptera","Nymphalidae","Anartia","jatrophae","","","","Markham","October",2025,"Anartia jatrophae","Bidens alba","Bidens alba | Anartia jatrophae","Open Grassy","Open Human Disturbed","High human modification",NA,NA
"429","MK-38","Turkey Tangle Frogfruit","Lamiales","Verbenaceae","Phyla","nodiflora","Orange-spotted Flower Moth","Lepidoptera","Crambidae","Syngamia","florella","","","","Markham","October",2025,"Syngamia florella","Phyla nodiflora","Phyla nodiflora | Syngamia florella","Open Grassy","Open Human Disturbed","High human modification",NA,NA
"430","MK-38","White Beggarticks","Asterales","Rubiaceae","Bidens","alba","Barred Yellow","Lepidoptera","Pieridae","Eurema","daira","","","","Markham","October",2025,"Eurema daira","Bidens alba","Bidens alba | Eurema daira","Open Grassy","Open Human Disturbed","High human modification",NA,NA
"431","MK-38","Shrubby False Buttonweed","Gentianales","Rubiaceae","Spermacoce","verticillata","Orange-spotted Flower Moth","Lepidoptera","Crambidae","Syngamia","florella","","","","Markham","October",2025,"Syngamia florella","Spermacoce verticillata","Spermacoce verticillata | Syngamia florella","Open Grassy","Open Human Disturbed","High human modification",NA,NA
"432","MK-38","White Beggarticks","Asterales","Rubiaceae","Bidens","alba","Orange-spotted Flower Moth","Lepidoptera","Crambidae","Syngamia","florella","","","","Markham","October",2025,"Syngamia florella","Bidens alba","Bidens alba | Syngamia florella","Open Grassy","Open Human Disturbed","High human modification",NA,NA
"433","MK-38","White Beggarticks","Asterales","Rubiaceae","Bidens","alba","Phaon Crescent ","Lepidoptera","Nymphalidae","Phyciodes","phaon","","","","Markham","October",2025,"Phyciodes phaon","Bidens alba","Bidens alba | Phyciodes phaon","Open Grassy","Open Human Disturbed","High human modification",NA,NA
"434","MK-38","Turkey Tangle Frogfruit","Lamiales","Verbenaceae","Phyla","nodiflora","Phaon Crescent ","Lepidoptera","Nymphalidae","Phyciodes","phaon","","","","Markham","October",2025,"Phyciodes phaon","Phyla nodiflora","Phyla nodiflora | Phyciodes phaon","Open Grassy","Open Human Disturbed","High human modification",NA,NA
"435","MK-38","Woodland False Buttonweed","Gentianales","Rubiaceae","Spermacoce","remota","Orange-spotted Flower Moth","Lepidoptera","Crambidae","Syngamia","florella","","","","Markham","October",2025,"Syngamia florella","Spermacoce remota","Spermacoce remota | Syngamia florella","Open Grassy","Open Human Disturbed","High human modification",NA,NA
"436","MK-38","Common Fanpetals","Malvales","Malvaceae","Sida","ulmifolia","Barred Yellow","Lepidoptera","Pieridae","Eurema","daira","","","","Markham","October",2025,"Eurema daira","Sida ulmifolia","Sida ulmifolia | Eurema daira","Open Grassy","Open Human Disturbed","High human modification",NA,NA
"437","MK-39","Largeflower Mexican Clover","Gentianales","Rubiaceae","Richardia","grandiflora","White Peacock","Lepidoptera","Nymphalidae","Anartia","jatrophae","","","","Markham","October",2025,"Anartia jatrophae","Richardia grandiflora","Richardia grandiflora | Anartia jatrophae","Open Grassy","Open Human Disturbed","High human modification",NA,NA
"438","MK-39","White Beggarticks","Asterales","Rubiaceae","Bidens","alba","Poey's Furrow Bee ","Hymenoptera","Halictidae","Halictus","poeyi","","","","Markham","October",2025,"Halictus poeyi","Bidens alba","Bidens alba | Halictus poeyi","Open Grassy","Open Human Disturbed","High human modification","","Apoidea"
"439","MK-39","White Beggarticks","Asterales","Rubiaceae","Bidens","alba","Orange-spotted Flower Moth","Lepidoptera","Crambidae","Syngamia","florella","","","","Markham","October",2025,"Syngamia florella","Bidens alba","Bidens alba | Syngamia florella","Open Grassy","Open Human Disturbed","High human modification",NA,NA
"440","MK-39","Largeflower Mexican Clover","Gentianales","Rubiaceae","Richardia","grandiflora","Western Honey Bee","Hymenoptera","Apidae","Apis","mellifera","","","","Markham","October",2025,"Apis mellifera","Richardia grandiflora","Richardia grandiflora | Apis mellifera","Open Grassy","Open Human Disturbed","High human modification","","Apoidea"
"441","MK-39","Largeflower Mexican Clover","Gentianales","Rubiaceae","Richardia","grandiflora","Orange-spotted Flower Moth","Lepidoptera","Crambidae","Syngamia","florella","","","","Markham","October",2025,"Syngamia florella","Richardia grandiflora","Richardia grandiflora | Syngamia florella","Open Grassy","Open Human Disturbed","High human modification",NA,NA
"442","MK-39","Largeflower Mexican Clover","Gentianales","Rubiaceae","Richardia","grandiflora","Poey's Furrow Bee ","Hymenoptera","Halictidae","Halictus","poeyi","","","","Markham","October",2025,"Halictus poeyi","Richardia grandiflora","Richardia grandiflora | Halictus poeyi","Open Grassy","Open Human Disturbed","High human modification","","Apoidea"
"443","MK-39","Largeflower Mexican Clover","Gentianales","Rubiaceae","Richardia","grandiflora","Gulf Fritillary","Lepidoptera","Nymphalidae","Dione ","vanillae","","","","Markham","October",2025,"Dione  vanillae","Richardia grandiflora","Richardia grandiflora | Dione  vanillae","Open Grassy","Open Human Disturbed","High human modification",NA,NA
"444","MK-40","Turkey Tangle Frogfruit","Lamiales","Verbenaceae","Phyla","nodiflora","Orange-spotted Flower Moth","Lepidoptera","Crambidae","Syngamia","florella","","","","Markham","October",2025,"Syngamia florella","Phyla nodiflora","Phyla nodiflora | Syngamia florella","Open Grassy","Open Human Disturbed","High human modification",NA,NA
"445","MK-40","Turkey Tangle Frogfruit","Lamiales","Verbenaceae","Phyla","nodiflora","Phaon Crescent ","Lepidoptera","Nymphalidae","Phyciodes","phaon","","","","Markham","October",2025,"Phyciodes phaon","Phyla nodiflora","Phyla nodiflora | Phyciodes phaon","Open Grassy","Open Human Disturbed","High human modification",NA,NA
"446","MK-40","Largeflower Mexican Clover","Gentianales","Rubiaceae","Richardia","grandiflora","Phaon Crescent ","Lepidoptera","Nymphalidae","Phyciodes","phaon","","","","Markham","October",2025,"Phyciodes phaon","Richardia grandiflora","Richardia grandiflora | Phyciodes phaon","Open Grassy","Open Human Disturbed","High human modification",NA,NA
"447","CB-26","Shrubby False Buttonweed","Gentianales","Rubiaceae","Spermacoce","verticillata","Orange-spotted Flower Moth","Lepidoptera","Crambidae","Syngamia","florella","","","","CB Smith","October",2025,"Syngamia florella","Spermacoce verticillata","Spermacoce verticillata | Syngamia florella","Open Grassy","Open Human Disturbed","High human modification",NA,NA
"448","CB-27","Shrubby False Buttonweed","Gentianales","Rubiaceae","Spermacoce","verticillata","Orange-spotted Flower Moth","Lepidoptera","Crambidae","Syngamia","florella","","","","CB Smith","October",2025,"Syngamia florella","Spermacoce verticillata","Spermacoce verticillata | Syngamia florella","Open Grassy","Open Human Disturbed","High human modification",NA,NA
"449","CB-27","Turkey Tangle Frogfruit","Lamiales","Verbenaceae","Phyla","nodiflora","Orange-spotted Flower Moth","Lepidoptera","Crambidae","Syngamia","florella","","","","CB Smith","October",2025,"Syngamia florella","Phyla nodiflora","Phyla nodiflora | Syngamia florella","Open Grassy","Open Human Disturbed","High human modification",NA,NA
"450","CB-27","Shrubby False Buttonweed","Gentianales","Rubiaceae","Spermacoce","verticillata","Phaon Crescent ","Lepidoptera","Nymphalidae","Phyciodes","phaon","","","","CB Smith","October",2025,"Phyciodes phaon","Spermacoce verticillata","Spermacoce verticillata | Phyciodes phaon","Open Grassy","Open Human Disturbed","High human modification",NA,NA
"451","CB-27","Largeflower Mexican Clover","Gentianales","Rubiaceae","Richardia","grandiflora","White Peacock","Lepidoptera","Nymphalidae","Anartia","jatrophae","","","","CB Smith","October",2025,"Anartia jatrophae","Richardia grandiflora","Richardia grandiflora | Anartia jatrophae","Open Grassy","Open Human Disturbed","High human modification",NA,NA
"452","CB-27","Turkey Tangle Frogfruit","Lamiales","Verbenaceae","Phyla","nodiflora","White Peacock","Lepidoptera","Nymphalidae","Anartia","jatrophae","","","","CB Smith","October",2025,"Anartia jatrophae","Phyla nodiflora","Phyla nodiflora | Anartia jatrophae","Open Grassy","Open Human Disturbed","High human modification",NA,NA
"453","CB-27","Turkey Tangle Frogfruit","Lamiales","Verbenaceae","Phyla","nodiflora","Phaon Crescent ","Lepidoptera","Nymphalidae","Phyciodes","phaon","","","","CB Smith","October",2025,"Phyciodes phaon","Phyla nodiflora","Phyla nodiflora | Phyciodes phaon","Open Grassy","Open Human Disturbed","High human modification",NA,NA
"454","CB-27","Turkey Tangle Frogfruit","Lamiales","Verbenaceae","Phyla","nodiflora","Western Honey Bee","Hymenoptera","Apidae","Apis","mellifera","","","","CB Smith","October",2025,"Apis mellifera","Phyla nodiflora","Phyla nodiflora | Apis mellifera","Open Grassy","Open Human Disturbed","High human modification","","Apoidea"
"455","CB-27","Largeflower Mexican Clover","Gentianales","Rubiaceae","Richardia","grandiflora","Western Honey Bee","Hymenoptera","Apidae","Apis","mellifera","","","","CB Smith","October",2025,"Apis mellifera","Richardia grandiflora","Richardia grandiflora | Apis mellifera","Open Grassy","Open Human Disturbed","High human modification","","Apoidea"
"456","CB-27","Common Fanpetals","Malvales","Malvaceae","Sida","ulmifolia","Barred Yellow","Lepidoptera","Pieridae","Eurema","daira","","","","CB Smith","October",2025,"Eurema daira","Sida ulmifolia","Sida ulmifolia | Eurema daira","Open Grassy","Open Human Disturbed","High human modification",NA,NA
"457","CB-27","Sidebeak Pencilflower","Fabales","Fabaceae","Stylosanthes","biflora","Barred Yellow","Lepidoptera","Pieridae","Eurema","daira","","","","CB Smith","October",2025,"Eurema daira","Stylosanthes biflora","Stylosanthes biflora | Eurema daira","Open Grassy","Open Human Disturbed","High human modification",NA,NA
"458","CB-27","Common Fanpetals","Malvales","Malvaceae","Sida","ulmifolia","Phaon Crescent ","Lepidoptera","Nymphalidae","Phyciodes","phaon","","","","CB Smith","October",2025,"Phyciodes phaon","Sida ulmifolia","Sida ulmifolia | Phyciodes phaon","Open Grassy","Open Human Disturbed","High human modification",NA,NA
"459","CB-27","Turkey Tangle Frogfruit","Lamiales","Verbenaceae","Phyla","nodiflora","Poecilanthrax lucifer","Diptera","Bombyliidae","Poecilanthrax","lucifer","","https://www.inaturalist.org/observations/322185231","","CB Smith","October",2025,"Poecilanthrax lucifer","Phyla nodiflora","Phyla nodiflora | Poecilanthrax lucifer","Open Grassy","Open Human Disturbed","High human modification",NA,NA
"460","CB-28","Shrubby False Buttonweed","Gentianales","Rubiaceae","Spermacoce","verticillata","Orange-spotted Flower Moth","Lepidoptera","Crambidae","Syngamia","florella","","","","CB Smith","October",2025,"Syngamia florella","Spermacoce verticillata","Spermacoce verticillata | Syngamia florella","Open Grassy","Open Human Disturbed","High human modification",NA,NA
"461","QW-32","Sidebeak Pencilflower","Fabales","Fabaceae","Stylosanthes","biflora","Barred Yellow","Lepidoptera","Pieridae","Eurema","daira","","","","Quiet Waters","October",2025,"Eurema daira","Stylosanthes biflora","Stylosanthes biflora | Eurema daira","Open Grassy","Open Human Disturbed","High human modification",NA,NA
"462","QW-32","Turkey Tangle Frogfruit","Lamiales","Verbenaceae","Phyla","nodiflora","Barred Yellow","Lepidoptera","Pieridae","Eurema","daira","","","","Quiet Waters","October",2025,"Eurema daira","Phyla nodiflora","Phyla nodiflora | Eurema daira","Open Grassy","Open Human Disturbed","High human modification",NA,NA
"463","QW-32","Creeping Indigo","Fabales","Fabaceae","Indigofera","spicata","Barred Yellow","Lepidoptera","Pieridae","Eurema","daira","","","","Quiet Waters","October",2025,"Eurema daira","Indigofera spicata","Indigofera spicata | Eurema daira","Open Grassy","Open Human Disturbed","High human modification",NA,NA
"464","QW-32","Common Fanpetals","Malvales","Malvaceae","Sida","ulmifolia","Barred Yellow","Lepidoptera","Pieridae","Eurema","daira","","","","Quiet Waters","October",2025,"Eurema daira","Sida ulmifolia","Sida ulmifolia | Eurema daira","Open Grassy","Open Human Disturbed","High human modification",NA,NA
"465","QW-32","Creeping Tick Trefoil","Fabales","Fabaceae","Grona","triflora","Barred Yellow","Lepidoptera","Pieridae","Eurema","daira","","","","Quiet Waters","October",2025,"Eurema daira","Grona triflora","Grona triflora | Eurema daira","Open Grassy","Open Human Disturbed","High human modification",NA,NA
"466","QW-32","Largeflower Mexican Clover","Gentianales","Rubiaceae","Richardia","grandiflora","Orange-spotted Flower Moth","Lepidoptera","Crambidae","Syngamia","florella","","","","Quiet Waters","October",2025,"Syngamia florella","Richardia grandiflora","Richardia grandiflora | Syngamia florella","Open Grassy","Open Human Disturbed","High human modification",NA,NA
"467","QW-32","Common Fanpetals","Malvales","Malvaceae","Sida","ulmifolia","Ceraunus Blue","Lepidoptera","Lycaenidae","Hemiargus","ceraunus","","","","Quiet Waters","October",2025,"Hemiargus ceraunus","Sida ulmifolia","Sida ulmifolia | Hemiargus ceraunus","Open Grassy","Open Human Disturbed","High human modification",NA,NA
"468","QW-32","Common Fanpetals","Malvales","Malvaceae","Sida","ulmifolia","Tropical Checkered-Skipper","Lepidoptera","Hesperiidae","Burnsius","oileus","","https://www.inaturalist.org/observations/322482024","","Quiet Waters","October",2025,"Burnsius oileus","Sida ulmifolia","Sida ulmifolia | Burnsius oileus","Open Grassy","Open Human Disturbed","High human modification",NA,NA
"469","QW-32","Largeflower Mexican Clover","Gentianales","Rubiaceae","Richardia","grandiflora","Barred Yellow","Lepidoptera","Pieridae","Eurema","daira","","","","Quiet Waters","October",2025,"Eurema daira","Richardia grandiflora","Richardia grandiflora | Eurema daira","Open Grassy","Open Human Disturbed","High human modification",NA,NA
"470","HK-20","Caesaer Weed","Malvales","Malvaceae","Urena","lobata","Zebra Longwing","Lepidoptera","Nymphalidae","Heliconius","charithonia","","","","Helene Klein","October",2025,"Heliconius charithonia","Urena lobata","Urena lobata | Heliconius charithonia","Pine Flatwoods","Flatwoods","Low human modification",NA,NA
"471","HK-21","Pale Tasselflower","Asterales","Asteraceae","Emilia","praetermissa","Zebra Longwing","Lepidoptera","Nymphalidae","Heliconius","charithonia","","","","Helene Klein","October",2025,"Heliconius charithonia","Emilia praetermissa","Emilia praetermissa | Heliconius charithonia","Pine Flatwoods","Flatwoods","Low human modification",NA,NA
"472","MT-21","White Beggarticks","Asterales","Rubiaceae","Bidens","alba","Brown-winged Striped Sweat Bee","Hymenoptera","Halictidae","Agapostemon","splendens","","","","Military Trail","October",2025,"Agapostemon splendens","Bidens alba","Bidens alba | Agapostemon splendens","Scrubby Flatwoods","Scrub","Low human modification","","Apoidea"
"473","MT-21","White Beggarticks","Asterales","Rubiaceae","Bidens","alba","Western Honey Bee","Hymenoptera","Apidae","Apis","mellifera","","","","Military Trail","October",2025,"Apis mellifera","Bidens alba","Bidens alba | Apis mellifera","Scrubby Flatwoods","Scrub","Low human modification","","Apoidea"
"474","HS-19","Largeflower Mexican Clover","Gentianales","Rubiaceae","Richardia","grandiflora","Western Honey Bee","Hymenoptera","Apidae","Apis","mellifera","","","","Highlands Scrub","October",2025,"Apis mellifera","Richardia grandiflora","Richardia grandiflora | Apis mellifera","Sand Pine Scrub","Scrub","Low human modification","","Apoidea"
"475","HS-19","Largeflower Mexican Clover","Gentianales","Rubiaceae","Richardia","grandiflora","Barred Yellow","Lepidoptera","Pieridae","Eurema","daira","","","","Highlands Scrub","October",2025,"Eurema daira","Richardia grandiflora","Richardia grandiflora | Eurema daira","Sand Pine Scrub","Scrub","Low human modification",NA,NA
"476","HS-19","Largeflower Mexican Clover","Gentianales","Rubiaceae","Richardia","grandiflora","White-lined Sphinx","Lepidoptera","Sphingidae","Hyles","lineata","","","","Highlands Scrub","October",2025,"Hyles lineata","Richardia grandiflora","Richardia grandiflora | Hyles lineata","Sand Pine Scrub","Scrub","Low human modification",NA,NA
"477","HS-19","Largeflower Mexican Clover","Gentianales","Rubiaceae","Richardia","grandiflora","Brown-winged Striped Sweat Bee","Hymenoptera","Halictidae","Agapostemon","splendens","","","","Highlands Scrub","October",2025,"Agapostemon splendens","Richardia grandiflora","Richardia grandiflora | Agapostemon splendens","Sand Pine Scrub","Scrub","Low human modification","","Apoidea"
"478","HS-19","Largeflower Mexican Clover","Gentianales","Rubiaceae","Richardia","grandiflora","Gulf Fritillary","Lepidoptera","Nymphalidae","Dione ","vanillae","","","","Highlands Scrub","October",2025,"Dione  vanillae","Richardia grandiflora","Richardia grandiflora | Dione  vanillae","Sand Pine Scrub","Scrub","Low human modification",NA,NA
"479","HS-21","Largeflower Mexican Clover","Gentianales","Rubiaceae","Richardia","grandiflora","Western Honey Bee","Hymenoptera","Apidae","Apis","mellifera","","","","Highlands Scrub","October",2025,"Apis mellifera","Richardia grandiflora","Richardia grandiflora | Apis mellifera","Sand Pine Scrub","Scrub","Low human modification","","Apoidea"
"480","HS-21","White Beggarticks","Asterales","Rubiaceae","Bidens","alba","Zebra Longwing","Lepidoptera","Nymphalidae","Heliconius","charithonia","","","","Highlands Scrub","October",2025,"Heliconius charithonia","Bidens alba","Bidens alba | Heliconius charithonia","Sand Pine Scrub","Scrub","Low human modification",NA,NA
"481","CB-29","Largeflower Mexican Clover","Gentianales","Rubiaceae","Richardia","grandiflora","Zebra Longwing","Lepidoptera","Nymphalidae","Heliconius","charithonia","","","","CB Smith","November",2025,"Heliconius charithonia","Richardia grandiflora","Richardia grandiflora | Heliconius charithonia","Open Grassy","Open Human Disturbed","High human modification",NA,NA
"482","CB-29","Largeflower Mexican Clover","Gentianales","Rubiaceae","Richardia","grandiflora","White Peacock","Lepidoptera","Nymphalidae","Anartia","jatrophae","","","","CB Smith","November",2025,"Anartia jatrophae","Richardia grandiflora","Richardia grandiflora | Anartia jatrophae","Open Grassy","Open Human Disturbed","High human modification",NA,NA
"483","CB-29","Shrubby False Buttonweed","Gentianales","Rubiaceae","Spermacoce","verticillata","Orange-spotted Flower Moth","Lepidoptera","Crambidae","Syngamia","florella","","","","CB Smith","November",2025,"Syngamia florella","Spermacoce verticillata","Spermacoce verticillata | Syngamia florella","Open Grassy","Open Human Disturbed","High human modification",NA,NA
"484","CB-29","Gomphrena Weed","Caryophyllales","Amaranthaceae","Gomphrena","serrata","Zebra Longwing","Lepidoptera","Nymphalidae","Heliconius","charithonia","","","","CB Smith","November",2025,"Heliconius charithonia","Gomphrena serrata","Gomphrena serrata | Heliconius charithonia","Open Grassy","Open Human Disturbed","High human modification",NA,NA
"485","CB-29","Largeflower Mexican Clover","Gentianales","Rubiaceae","Richardia","grandiflora","Western Honey Bee","Hymenoptera","Apidae","Apis","mellifera","","","","CB Smith","November",2025,"Apis mellifera","Richardia grandiflora","Richardia grandiflora | Apis mellifera","Open Grassy","Open Human Disturbed","High human modification","","Apoidea"
"486","CB-29","Gomphrena Weed","Caryophyllales","Amaranthaceae","Gomphrena","serrata","White Peacock","Lepidoptera","Nymphalidae","Anartia","jatrophae","","","","CB Smith","November",2025,"Anartia jatrophae","Gomphrena serrata","Gomphrena serrata | Anartia jatrophae","Open Grassy","Open Human Disturbed","High human modification",NA,NA
"487","CB-30","Largeflower Mexican Clover","Gentianales","Rubiaceae","Richardia","grandiflora","Orange-spotted Flower Moth","Lepidoptera","Crambidae","Syngamia","florella","","","","CB Smith","November",2025,"Syngamia florella","Richardia grandiflora","Richardia grandiflora | Syngamia florella","Open Grassy","Open Human Disturbed","High human modification",NA,NA
"488","CB-32","Diacrodon compressus","Gentianales","Rubiaceae","Diacrodon","compressus","Western Honey Bee","Hymenoptera","Apidae","Apis","mellifera","","","","CB Smith","November",2025,"Apis mellifera","Diacrodon compressus","Diacrodon compressus | Apis mellifera","Open Grassy","Open Human Disturbed","High human modification","","Apoidea"
"489","CB-32","Largeflower Mexican Clover","Gentianales","Rubiaceae","Richardia","grandiflora","Western Honey Bee","Hymenoptera","Apidae","Apis","mellifera","","","","CB Smith","November",2025,"Apis mellifera","Richardia grandiflora","Richardia grandiflora | Apis mellifera","Open Grassy","Open Human Disturbed","High human modification","","Apoidea"
"490","CB-32","Diacrodon compressus","Gentianales","Rubiaceae","Diacrodon","compressus","Orange-spotted Flower Moth","Lepidoptera","Crambidae","Syngamia","florella","","","","CB Smith","November",2025,"Syngamia florella","Diacrodon compressus","Diacrodon compressus | Syngamia florella","Open Grassy","Open Human Disturbed","High human modification",NA,NA
"491","CB-32","Largeflower Mexican Clover","Gentianales","Rubiaceae","Richardia","grandiflora","Barred Yellow","Lepidoptera","Pieridae","Eurema","daira","","","","CB Smith","November",2025,"Eurema daira","Richardia grandiflora","Richardia grandiflora | Eurema daira","Open Grassy","Open Human Disturbed","High human modification",NA,NA
"492","CB-32","Diacrodon compressus","Gentianales","Rubiaceae","Diacrodon","compressus","Tropical Checkered-Skipper","Lepidoptera","Hesperiidae","Burnsius","oileus","","https://www.inaturalist.org/observations/327321089","","CB Smith","November",2025,"Burnsius oileus","Diacrodon compressus","Diacrodon compressus | Burnsius oileus","Open Grassy","Open Human Disturbed","High human modification",NA,NA
"493","CB-32","Largeflower Mexican Clover","Gentianales","Rubiaceae","Richardia","grandiflora","Tropical Checkered-Skipper","Lepidoptera","Hesperiidae","Burnsius","oileus","","https://www.inaturalist.org/observations/327321089","","CB Smith","November",2025,"Burnsius oileus","Richardia grandiflora","Richardia grandiflora | Burnsius oileus","Open Grassy","Open Human Disturbed","High human modification",NA,NA
"494","CB-32","Diacrodon compressus","Gentianales","Rubiaceae","Diacrodon","compressus","Brown-winged Striped Sweat Bee","Hymenoptera","Halictidae","Agapostemon","splendens","check id on iNat","https://www.inaturalist.org/observations/327321092","","CB Smith","November",2025,"Agapostemon splendens","Diacrodon compressus","Diacrodon compressus | Agapostemon splendens","Open Grassy","Open Human Disturbed","High human modification","","Apoidea"
"495","CB-32","Diacrodon compressus","Gentianales","Rubiaceae","Diacrodon","compressus","Poey's Furrow Bee ","Hymenoptera","Halictidae","Halictus","poeyi","","","","CB Smith","November",2025,"Halictus poeyi","Diacrodon compressus","Diacrodon compressus | Halictus poeyi","Open Grassy","Open Human Disturbed","High human modification","","Apoidea"
"496","CB-32","Largeflower Mexican Clover","Gentianales","Rubiaceae","Richardia","grandiflora","Fiery Skipper","Lepidoptera","Hesperiidae","Hylephila","phyleus","check id on iNat","https://www.inaturalist.org/observations/327321095","","CB Smith","November",2025,"Hylephila phyleus","Richardia grandiflora","Richardia grandiflora | Hylephila phyleus","Open Grassy","Open Human Disturbed","High human modification",NA,NA
"497","CB-32","Largeflower Mexican Clover","Gentianales","Rubiaceae","Richardia","grandiflora","Phaon Crescent ","Lepidoptera","Nymphalidae","Phyciodes","phaon","","","","CB Smith","November",2025,"Phyciodes phaon","Richardia grandiflora","Richardia grandiflora | Phyciodes phaon","Open Grassy","Open Human Disturbed","High human modification",NA,NA
"498","VV-29","Largeflower Mexican Clover","Gentianales","Rubiaceae","Richardia","grandiflora","Western Honey Bee","Hymenoptera","Apidae","Apis","mellifera","","","","Vista View","November",2025,"Apis mellifera","Richardia grandiflora","Richardia grandiflora | Apis mellifera","Open Grassy","Open Human Disturbed","High human modification","","Apoidea"
"499","VV-29","Largeflower Mexican Clover","Gentianales","Rubiaceae","Richardia","grandiflora","White Peacock","Lepidoptera","Nymphalidae","Anartia","jatrophae","","","","Vista View","November",2025,"Anartia jatrophae","Richardia grandiflora","Richardia grandiflora | Anartia jatrophae","Open Grassy","Open Human Disturbed","High human modification",NA,NA
"500","VV-29","Largeflower Mexican Clover","Gentianales","Rubiaceae","Richardia","grandiflora","Orange-spotted Flower Moth","Lepidoptera","Crambidae","Syngamia","florella","","","","Vista View","November",2025,"Syngamia florella","Richardia grandiflora","Richardia grandiflora | Syngamia florella","Open Grassy","Open Human Disturbed","High human modification",NA,NA
"501","VV-29","Turkey Tangle Frogfruit","Lamiales","Verbenaceae","Phyla","nodiflora","Orange-spotted Flower Moth","Lepidoptera","Crambidae","Syngamia","florella","","","","Vista View","November",2025,"Syngamia florella","Phyla nodiflora","Phyla nodiflora | Syngamia florella","Open Grassy","Open Human Disturbed","High human modification",NA,NA
"502","VV-29","Turkey Tangle Frogfruit","Lamiales","Verbenaceae","Phyla","nodiflora","White Peacock","Lepidoptera","Nymphalidae","Anartia","jatrophae","","","","Vista View","November",2025,"Anartia jatrophae","Phyla nodiflora","Phyla nodiflora | Anartia jatrophae","Open Grassy","Open Human Disturbed","High human modification",NA,NA
"503","VV-31","White Beggarticks","Asterales","Rubiaceae","Bidens","alba","Western Honey Bee","Hymenoptera","Apidae","Apis","mellifera","","","","Vista View","November",2025,"Apis mellifera","Bidens alba","Bidens alba | Apis mellifera","Open Grassy","Open Human Disturbed","High human modification","","Apoidea"
"504","VV-32","White Beggarticks","Asterales","Rubiaceae","Bidens","alba","Barred Yellow","Lepidoptera","Pieridae","Eurema","daira","","","","Vista View","November",2025,"Eurema daira","Bidens alba","Bidens alba | Eurema daira","Open Grassy","Open Human Disturbed","High human modification",NA,NA
"505","VV-32","White Beggarticks","Asterales","Rubiaceae","Bidens","alba","Phaon Crescent ","Lepidoptera","Nymphalidae","Phyciodes","phaon","","","","Vista View","November",2025,"Phyciodes phaon","Bidens alba","Bidens alba | Phyciodes phaon","Open Grassy","Open Human Disturbed","High human modification",NA,NA
"506","MK-42","Shrubby False Buttonweed","Gentianales","Rubiaceae","Spermacoce","verticillata","Orange-spotted Flower Moth","Lepidoptera","Crambidae","Syngamia","florella","","","","Markham","November",2025,"Syngamia florella","Spermacoce verticillata","Spermacoce verticillata | Syngamia florella","Open Grassy","Open Human Disturbed","High human modification",NA,NA
"507","MK-43","Largeflower Mexican Clover","Gentianales","Rubiaceae","Richardia","grandiflora","Orange-spotted Flower Moth","Lepidoptera","Crambidae","Syngamia","florella","","","","Markham","November",2025,"Syngamia florella","Richardia grandiflora","Richardia grandiflora | Syngamia florella","Open Grassy","Open Human Disturbed","High human modification",NA,NA
"508","MK-43","Turkey Tangle Frogfruit","Lamiales","Verbenaceae","Phyla","nodiflora","Orange-spotted Flower Moth","Lepidoptera","Crambidae","Syngamia","florella","","","","Markham","November",2025,"Syngamia florella","Phyla nodiflora","Phyla nodiflora | Syngamia florella","Open Grassy","Open Human Disturbed","High human modification",NA,NA
"509","MK-43","Largeflower Mexican Clover","Gentianales","Rubiaceae","Richardia","grandiflora","Dorantes Longtail","Lepidoptera","Hesperiidae","Cecropterus","dorantes","","","","Markham","November",2025,"Cecropterus dorantes","Richardia grandiflora","Richardia grandiflora | Cecropterus dorantes","Open Grassy","Open Human Disturbed","High human modification",NA,NA
"510","MK-43","Largeflower Mexican Clover","Gentianales","Rubiaceae","Richardia","grandiflora","Western Honey Bee","Hymenoptera","Apidae","Apis","mellifera","","","","Markham","November",2025,"Apis mellifera","Richardia grandiflora","Richardia grandiflora | Apis mellifera","Open Grassy","Open Human Disturbed","High human modification","","Apoidea"
"511","MK-43","Largeflower Mexican Clover","Gentianales","Rubiaceae","Richardia","grandiflora","Ocola Skipper","Lepidoptera","Hesperiidae","Panoquina","ocola","check id on iNat","https://www.inaturalist.org/observations/327321115","","Markham","November",2025,"Panoquina ocola","Richardia grandiflora","Richardia grandiflora | Panoquina ocola","Open Grassy","Open Human Disturbed","High human modification",NA,NA
"512","MK-43","Largeflower Mexican Clover","Gentianales","Rubiaceae","Richardia","grandiflora","Brown-winged Striped Sweat Bee","Hymenoptera","Halictidae","Agapostemon","splendens","","","","Markham","November",2025,"Agapostemon splendens","Richardia grandiflora","Richardia grandiflora | Agapostemon splendens","Open Grassy","Open Human Disturbed","High human modification","","Apoidea"
"513","LK-24","White Beggarticks","Asterales","Rubiaceae","Bidens","alba","Poey's Furrow Bee ","Hymenoptera","Halictidae","Halictus","poeyi","","","","Long Key","November",2025,"Halictus poeyi","Bidens alba","Bidens alba | Halictus poeyi","Open Grassy","Open Human Disturbed","Low human modification","","Apoidea"
"514","LK-24","White Beggarticks","Asterales","Rubiaceae","Bidens","alba","Western Honey Bee","Hymenoptera","Apidae","Apis","mellifera","","","","Long Key","November",2025,"Apis mellifera","Bidens alba","Bidens alba | Apis mellifera","Open Grassy","Open Human Disturbed","Low human modification","","Apoidea"
"515","QW-33","Diacrodon compressus","Gentianales","Rubiaceae","Diacrodon","compressus","Western Honey Bee","Hymenoptera","Apidae","Apis","mellifera","","","","Quiet Waters","November",2025,"Apis mellifera","Diacrodon compressus","Diacrodon compressus | Apis mellifera","Open Grassy","Open Human Disturbed","High human modification","","Apoidea"
"516","QW-33","Diacrodon compressus","Gentianales","Rubiaceae","Diacrodon","compressus","Orange-spotted Flower Moth","Lepidoptera","Crambidae","Syngamia","florella","","","","Quiet Waters","November",2025,"Syngamia florella","Diacrodon compressus","Diacrodon compressus | Syngamia florella","Open Grassy","Open Human Disturbed","High human modification",NA,NA
"517","QW-33","Largeflower Mexican Clover","Gentianales","Rubiaceae","Richardia","grandiflora","Western Honey Bee","Hymenoptera","Apidae","Apis","mellifera","","","","Quiet Waters","November",2025,"Apis mellifera","Richardia grandiflora","Richardia grandiflora | Apis mellifera","Open Grassy","Open Human Disturbed","High human modification","","Apoidea"
"518","QW-33","Largeflower Mexican Clover","Gentianales","Rubiaceae","Richardia","grandiflora","White Peacock","Lepidoptera","Nymphalidae","Anartia","jatrophae","","","","Quiet Waters","November",2025,"Anartia jatrophae","Richardia grandiflora","Richardia grandiflora | Anartia jatrophae","Open Grassy","Open Human Disturbed","High human modification",NA,NA
"519","QW-33","Largeflower Mexican Clover","Gentianales","Rubiaceae","Richardia","grandiflora","Orange-spotted Flower Moth","Lepidoptera","Crambidae","Syngamia","florella","","","","Quiet Waters","November",2025,"Syngamia florella","Richardia grandiflora","Richardia grandiflora | Syngamia florella","Open Grassy","Open Human Disturbed","High human modification",NA,NA
"520","QW-34","Diacrodon compressus","Gentianales","Rubiaceae","Diacrodon","compressus","Orange-spotted Flower Moth","Lepidoptera","Crambidae","Syngamia","florella","","","","Quiet Waters","November",2025,"Syngamia florella","Diacrodon compressus","Diacrodon compressus | Syngamia florella","Open Grassy","Open Human Disturbed","High human modification",NA,NA
"521","QW-34","Diacrodon compressus","Gentianales","Rubiaceae","Diacrodon","compressus","Western Honey Bee","Hymenoptera","Apidae","Apis","mellifera","","","","Quiet Waters","November",2025,"Apis mellifera","Diacrodon compressus","Diacrodon compressus | Apis mellifera","Open Grassy","Open Human Disturbed","High human modification","","Apoidea"
"522","QW-34","Largeflower Mexican Clover","Gentianales","Rubiaceae","Richardia","grandiflora","Western Honey Bee","Hymenoptera","Apidae","Apis","mellifera","","","","Quiet Waters","November",2025,"Apis mellifera","Richardia grandiflora","Richardia grandiflora | Apis mellifera","Open Grassy","Open Human Disturbed","High human modification","","Apoidea"
"523","QW-34","Largeflower Mexican Clover","Gentianales","Rubiaceae","Richardia","grandiflora","Brown-winged Striped Sweat Bee","Hymenoptera","Halictidae","Agapostemon","splendens","check id on iNat","https://www.inaturalist.org/observations/328210287","","Quiet Waters","November",2025,"Agapostemon splendens","Richardia grandiflora","Richardia grandiflora | Agapostemon splendens","Open Grassy","Open Human Disturbed","High human modification","","Apoidea"
"524","QW-35","Largeflower Mexican Clover","Gentianales","Rubiaceae","Richardia","grandiflora","Western Honey Bee","Hymenoptera","Apidae","Apis","mellifera","","","","Quiet Waters","November",2025,"Apis mellifera","Richardia grandiflora","Richardia grandiflora | Apis mellifera","Open Grassy","Open Human Disturbed","High human modification","","Apoidea"
"525","QW-35","Diacrodon compressus","Gentianales","Rubiaceae","Diacrodon","compressus","Western Honey Bee","Hymenoptera","Apidae","Apis","mellifera","","","","Quiet Waters","November",2025,"Apis mellifera","Diacrodon compressus","Diacrodon compressus | Apis mellifera","Open Grassy","Open Human Disturbed","High human modification","","Apoidea"
"526","QW-35","Caribbean Stylo","Fabales","Fabaceae","Stylosanthes","hamata","Ceraunus Blue","Lepidoptera","Lycaenidae","Hemiargus","ceraunus","","","","Quiet Waters","November",2025,"Hemiargus ceraunus","Stylosanthes hamata","Stylosanthes hamata | Hemiargus ceraunus","Open Grassy","Open Human Disturbed","High human modification",NA,NA
"527","QW-35","Largeflower Mexican Clover","Gentianales","Rubiaceae","Richardia","grandiflora","Barred Yellow","Lepidoptera","Pieridae","Eurema","daira","","","","Quiet Waters","November",2025,"Eurema daira","Richardia grandiflora","Richardia grandiflora | Eurema daira","Open Grassy","Open Human Disturbed","High human modification",NA,NA
"528","QW-35","Caribbean Stylo","Fabales","Fabaceae","Stylosanthes","hamata","Barred Yellow","Lepidoptera","Pieridae","Eurema","daira","","","","Quiet Waters","November",2025,"Eurema daira","Stylosanthes hamata","Stylosanthes hamata | Eurema daira","Open Grassy","Open Human Disturbed","High human modification",NA,NA
"529","QW-35","Largeflower Mexican Clover","Gentianales","Rubiaceae","Richardia","grandiflora","Dorantes Longtail","Lepidoptera","Hesperiidae","Cecropterus","dorantes","","","","Quiet Waters","November",2025,"Cecropterus dorantes","Richardia grandiflora","Richardia grandiflora | Cecropterus dorantes","Open Grassy","Open Human Disturbed","High human modification",NA,NA
"530","QW-36","Trailing Daisy","Asterales","Asteraceae","Sphagneticola","trilobata","Ocola Skipper","Lepidoptera","Hesperiidae","Panoquina","ocola","check id on iNat","https://www.inaturalist.org/observations/328210294","","Quiet Waters","November",2025,"Panoquina ocola","Sphagneticola trilobata","Sphagneticola trilobata | Panoquina ocola","Open Grassy","Open Human Disturbed","High human modification",NA,NA
"531","HS-22","Diacrodon compressus","Gentianales","Rubiaceae","Diacrodon","compressus","Villa lateralis","Diptera","Bombyliidae","Villa","lateralis","","https://www.inaturalist.org/observations/328210296","","Highlands Scrub","November",2025,"Villa lateralis","Diacrodon compressus","Diacrodon compressus | Villa lateralis","Sand Pine Scrub","Scrub","Low human modification",NA,NA
"532","HS-22","Diacrodon compressus","Gentianales","Rubiaceae","Diacrodon","compressus","Western Honey Bee","Hymenoptera","Apidae","Apis","mellifera","","","","Highlands Scrub","November",2025,"Apis mellifera","Diacrodon compressus","Diacrodon compressus | Apis mellifera","Sand Pine Scrub","Scrub","Low human modification","","Apoidea"
"533","HS-22","Largeflower Mexican Clover","Gentianales","Rubiaceae","Richardia","grandiflora","Western Honey Bee","Hymenoptera","Apidae","Apis","mellifera","","","","Highlands Scrub","November",2025,"Apis mellifera","Richardia grandiflora","Richardia grandiflora | Apis mellifera","Sand Pine Scrub","Scrub","Low human modification","","Apoidea"
"534","HS-22","Narrowleaf Silkgrass","Asterales","Asteraceae","Pityopsis","graminifolia","Villa lateralis","Diptera","Bombyliidae","Villa","lateralis","","https://www.inaturalist.org/observations/328210296","","Highlands Scrub","November",2025,"Villa lateralis","Pityopsis graminifolia","Pityopsis graminifolia | Villa lateralis","Sand Pine Scrub","Scrub","Low human modification",NA,NA
"535","HS-22","Narrowleaf Silkgrass","Asterales","Asteraceae","Pityopsis","graminifolia","Brown-winged Striped Sweat Bee","Hymenoptera","Halictidae","Agapostemon","splendens","check id on iNat","https://www.inaturalist.org/observations/329143395","","Highlands Scrub","November",2025,"Agapostemon splendens","Pityopsis graminifolia","Pityopsis graminifolia | Agapostemon splendens","Sand Pine Scrub","Scrub","Low human modification","","Apoidea"
"536","HS-22","Narrowleaf Silkgrass","Asterales","Asteraceae","Pityopsis","graminifolia","Poey's Furrow Bee ","Hymenoptera","Halictidae","Halictus","poeyi","","","","Highlands Scrub","November",2025,"Halictus poeyi","Pityopsis graminifolia","Pityopsis graminifolia | Halictus poeyi","Sand Pine Scrub","Scrub","Low human modification","","Apoidea"
"537","HS-23","Shrubby False Buttonweed","Gentianales","Rubiaceae","Spermacoce","verticillata","Western Honey Bee","Hymenoptera","Apidae","Apis","mellifera","","","","Highlands Scrub","November",2025,"Apis mellifera","Spermacoce verticillata","Spermacoce verticillata | Apis mellifera","Sand Pine Scrub","Scrub","Low human modification","","Apoidea"
"538","HS-23","Feay's Palafox","Asterales","Asteraceae","Palafoxia","feayi","Western Honey Bee","Hymenoptera","Apidae","Apis","mellifera","","","","Highlands Scrub","November",2025,"Apis mellifera","Palafoxia feayi","Palafoxia feayi | Apis mellifera","Sand Pine Scrub","Scrub","Low human modification","","Apoidea"
"539","HS-24","Largeflower Mexican Clover","Gentianales","Rubiaceae","Richardia","grandiflora","Western Honey Bee","Hymenoptera","Apidae","Apis","mellifera","","","","Highlands Scrub","November",2025,"Apis mellifera","Richardia grandiflora","Richardia grandiflora | Apis mellifera","Disturbed Edge","Open Human Disturbed","Low human modification","","Apoidea"
"540","MK-46","Largeflower Mexican Clover","Gentianales","Rubiaceae","Richardia","grandiflora","White Peacock","Lepidoptera","Nymphalidae","Anartia","jatrophae","","","","Markham","December",2025,"Anartia jatrophae","Richardia grandiflora","Richardia grandiflora | Anartia jatrophae","Open Grassy","Open Human Disturbed","High human modification",NA,NA
"541","MK-46","Turkey Tangle Frogfruit","Lamiales","Verbenaceae","Phyla","nodiflora","White Peacock","Lepidoptera","Nymphalidae","Anartia","jatrophae","","","","Markham","December",2025,"Anartia jatrophae","Phyla nodiflora","Phyla nodiflora | Anartia jatrophae","Open Grassy","Open Human Disturbed","High human modification",NA,NA
"542","MK-47","Largeflower Mexican Clover","Gentianales","Rubiaceae","Richardia","grandiflora","Orange-spotted Flower Moth","Lepidoptera","Crambidae","Syngamia","florella","","","","Markham","December",2025,"Syngamia florella","Richardia grandiflora","Richardia grandiflora | Syngamia florella","Open Grassy","Open Human Disturbed","High human modification",NA,NA
"543","MK-47","Largeflower Mexican Clover","Gentianales","Rubiaceae","Richardia","grandiflora","White Peacock","Lepidoptera","Nymphalidae","Anartia","jatrophae","","","","Markham","December",2025,"Anartia jatrophae","Richardia grandiflora","Richardia grandiflora | Anartia jatrophae","Open Grassy","Open Human Disturbed","High human modification",NA,NA
"544","MK-47","Shrubby False Buttonweed","Gentianales","Rubiaceae","Spermacoce","verticillata","Western Honey Bee","Hymenoptera","Apidae","Apis","mellifera","","","","Markham","December",2025,"Apis mellifera","Spermacoce verticillata","Spermacoce verticillata | Apis mellifera","Open Grassy","Open Human Disturbed","High human modification","","Apoidea"
"545","MK-47","Shrubby False Buttonweed","Gentianales","Rubiaceae","Spermacoce","verticillata","Orange-spotted Flower Moth","Lepidoptera","Crambidae","Syngamia","florella","","","","Markham","December",2025,"Syngamia florella","Spermacoce verticillata","Spermacoce verticillata | Syngamia florella","Open Grassy","Open Human Disturbed","High human modification",NA,NA
"546","CB-33","Diacrodon compressus","Gentianales","Rubiaceae","Diacrodon","compressus","Western Honey Bee","Hymenoptera","Apidae","Apis","mellifera","","","","CB Smith","December",2025,"Apis mellifera","Diacrodon compressus","Diacrodon compressus | Apis mellifera","Open Grassy","Open Human Disturbed","High human modification","","Apoidea"
"547","CB-33","Largeflower Mexican Clover","Gentianales","Rubiaceae","Richardia","grandiflora","Fiery Skipper","Lepidoptera","Hesperiidae","Hylephila","phyleus","","","","CB Smith","December",2025,"Hylephila phyleus","Richardia grandiflora","Richardia grandiflora | Hylephila phyleus","Open Grassy","Open Human Disturbed","High human modification",NA,NA
"548","CB-33","Largeflower Mexican Clover","Gentianales","Rubiaceae","Richardia","grandiflora","White Peacock","Lepidoptera","Nymphalidae","Anartia","jatrophae","","","","CB Smith","December",2025,"Anartia jatrophae","Richardia grandiflora","Richardia grandiflora | Anartia jatrophae","Open Grassy","Open Human Disturbed","High human modification",NA,NA
"549","CB-33","Diacrodon compressus","Gentianales","Rubiaceae","Diacrodon","compressus","White Peacock","Lepidoptera","Nymphalidae","Anartia","jatrophae","","","","CB Smith","December",2025,"Anartia jatrophae","Diacrodon compressus","Diacrodon compressus | Anartia jatrophae","Open Grassy","Open Human Disturbed","High human modification",NA,NA
"550","CB-33","Diacrodon compressus","Gentianales","Rubiaceae","Diacrodon","compressus","Phaon Crescent ","Lepidoptera","Nymphalidae","Phyciodes","phaon","","","","CB Smith","December",2025,"Phyciodes phaon","Diacrodon compressus","Diacrodon compressus | Phyciodes phaon","Open Grassy","Open Human Disturbed","High human modification",NA,NA
"551","CB-33","Largeflower Mexican Clover","Gentianales","Rubiaceae","Richardia","grandiflora","Western Honey Bee","Hymenoptera","Apidae","Apis","mellifera","","","","CB Smith","December",2025,"Apis mellifera","Richardia grandiflora","Richardia grandiflora | Apis mellifera","Open Grassy","Open Human Disturbed","High human modification","","Apoidea"
"552","CB-33","Largeflower Mexican Clover","Gentianales","Rubiaceae","Richardia","grandiflora","Orange-spotted Flower Moth","Lepidoptera","Crambidae","Syngamia","florella","","","","CB Smith","December",2025,"Syngamia florella","Richardia grandiflora","Richardia grandiflora | Syngamia florella","Open Grassy","Open Human Disturbed","High human modification",NA,NA
"553","CB-34","Diacrodon compressus","Gentianales","Rubiaceae","Diacrodon","compressus","Western Honey Bee","Hymenoptera","Apidae","Apis","mellifera","","","","CB Smith","December",2025,"Apis mellifera","Diacrodon compressus","Diacrodon compressus | Apis mellifera","Open Grassy","Open Human Disturbed","High human modification","","Apoidea"
"554","CB-34","Sidebeak Pencilflower","Fabales","Fabaceae","Stylosanthes","biflora","Tropical Checkered-Skipper","Lepidoptera","Hesperiidae","Burnsius","oileus","","","","CB Smith","December",2025,"Burnsius oileus","Stylosanthes biflora","Stylosanthes biflora | Burnsius oileus","Open Grassy","Open Human Disturbed","High human modification",NA,NA
"555","CB-34","Diacrodon compressus","Gentianales","Rubiaceae","Diacrodon","compressus","Orange-spotted Flower Moth","Lepidoptera","Crambidae","Syngamia","florella","","","","CB Smith","December",2025,"Syngamia florella","Diacrodon compressus","Diacrodon compressus | Syngamia florella","Open Grassy","Open Human Disturbed","High human modification",NA,NA
"556","CB-34","Largeflower Mexican Clover","Gentianales","Rubiaceae","Richardia","grandiflora","Western Honey Bee","Hymenoptera","Apidae","Apis","mellifera","","","","CB Smith","December",2025,"Apis mellifera","Richardia grandiflora","Richardia grandiflora | Apis mellifera","Open Grassy","Open Human Disturbed","High human modification","","Apoidea"
"557","CB-35","Largeflower Mexican Clover","Gentianales","Rubiaceae","Richardia","grandiflora","Western Honey Bee","Hymenoptera","Apidae","Apis","mellifera","","","","CB Smith","December",2025,"Apis mellifera","Richardia grandiflora","Richardia grandiflora | Apis mellifera","Open Grassy","Open Human Disturbed","High human modification","","Apoidea"
"558","CB-35","Largeflower Mexican Clover","Gentianales","Rubiaceae","Richardia","grandiflora","Fiery Skipper","Lepidoptera","Hesperiidae","Hylephila","phyleus","","","","CB Smith","December",2025,"Hylephila phyleus","Richardia grandiflora","Richardia grandiflora | Hylephila phyleus","Open Grassy","Open Human Disturbed","High human modification",NA,NA
"559","CB-35","Diacrodon compressus","Gentianales","Rubiaceae","Diacrodon","compressus","Western Honey Bee","Hymenoptera","Apidae","Apis","mellifera","","","","CB Smith","December",2025,"Apis mellifera","Diacrodon compressus","Diacrodon compressus | Apis mellifera","Open Grassy","Open Human Disturbed","High human modification","","Apoidea"
"560","CB-35","Diacrodon compressus","Gentianales","Rubiaceae","Diacrodon","compressus","White Peacock","Lepidoptera","Nymphalidae","Anartia","jatrophae","","","","CB Smith","December",2025,"Anartia jatrophae","Diacrodon compressus","Diacrodon compressus | Anartia jatrophae","Open Grassy","Open Human Disturbed","High human modification",NA,NA
"561","CB-35","Largeflower Mexican Clover","Gentianales","Rubiaceae","Richardia","grandiflora","Phaon Crescent ","Lepidoptera","Nymphalidae","Phyciodes","phaon","","","","CB Smith","December",2025,"Phyciodes phaon","Richardia grandiflora","Richardia grandiflora | Phyciodes phaon","Open Grassy","Open Human Disturbed","High human modification",NA,NA
"562","CB-35","Largeflower Mexican Clover","Gentianales","Rubiaceae","Richardia","grandiflora","Ceraunus Blue","Lepidoptera","Lycaenidae","Hemiargus","ceraunus","","","","CB Smith","December",2025,"Hemiargus ceraunus","Richardia grandiflora","Richardia grandiflora | Hemiargus ceraunus","Open Grassy","Open Human Disturbed","High human modification",NA,NA
"563","CB-35","Diacrodon compressus","Gentianales","Rubiaceae","Diacrodon","compressus","Ceraunus Blue","Lepidoptera","Lycaenidae","Hemiargus","ceraunus","","","","CB Smith","December",2025,"Hemiargus ceraunus","Diacrodon compressus","Diacrodon compressus | Hemiargus ceraunus","Open Grassy","Open Human Disturbed","High human modification",NA,NA
"564","CB-36","Diacrodon compressus","Gentianales","Rubiaceae","Diacrodon","compressus","Western Honey Bee","Hymenoptera","Apidae","Apis","mellifera","","","","CB Smith","December",2025,"Apis mellifera","Diacrodon compressus","Diacrodon compressus | Apis mellifera","Open Grassy","Open Human Disturbed","High human modification","","Apoidea"
"565","VV-33","Diacrodon compressus","Gentianales","Rubiaceae","Diacrodon","compressus","Western Honey Bee","Hymenoptera","Apidae","Apis","mellifera","","","","Vista View","December",2025,"Apis mellifera","Diacrodon compressus","Diacrodon compressus | Apis mellifera","Open Grassy","Open Human Disturbed","High human modification","","Apoidea"
"566","VV-33","Largeflower Mexican Clover","Gentianales","Rubiaceae","Richardia","grandiflora","Western Honey Bee","Hymenoptera","Apidae","Apis","mellifera","","","","Vista View","December",2025,"Apis mellifera","Richardia grandiflora","Richardia grandiflora | Apis mellifera","Open Grassy","Open Human Disturbed","High human modification","","Apoidea"
"567","VV-34","Largeflower Mexican Clover","Gentianales","Rubiaceae","Richardia","grandiflora","Western Honey Bee","Hymenoptera","Apidae","Apis","mellifera","","","","Vista View","December",2025,"Apis mellifera","Richardia grandiflora","Richardia grandiflora | Apis mellifera","Open Grassy","Open Human Disturbed","High human modification","","Apoidea"
"568","VV-36","Diacrodon compressus","Gentianales","Rubiaceae","Diacrodon","compressus","Western Honey Bee","Hymenoptera","Apidae","Apis","mellifera","","","","Vista View","December",2025,"Apis mellifera","Diacrodon compressus","Diacrodon compressus | Apis mellifera","Open Grassy","Open Human Disturbed","High human modification","","Apoidea"
"569","VV-36","Largeflower Mexican Clover","Gentianales","Rubiaceae","Richardia","grandiflora","Western Honey Bee","Hymenoptera","Apidae","Apis","mellifera","","","","Vista View","December",2025,"Apis mellifera","Richardia grandiflora","Richardia grandiflora | Apis mellifera","Open Grassy","Open Human Disturbed","High human modification","","Apoidea"
"570","MT-27","American Beautyberry","Lamiales","Lamiaceae","Callicarpa","americana","Western Honey Bee","Hymenoptera","Apidae","Apis","mellifera","","","","Military Trail","December",2025,"Apis mellifera","Callicarpa americana","Callicarpa americana | Apis mellifera","Disturbed Edge","Open Human Disturbed","Low human modification","","Apoidea"
"571","HK-25","White Beggarticks","Asterales","Rubiaceae","Bidens","alba","Orange-spotted Flower Moth","Lepidoptera","Crambidae","Syngamia","florella","","","","Helene Klein","December",2025,"Syngamia florella","Bidens alba","Bidens alba | Syngamia florella","Pine Flatwoods","Flatwoods","Low human modification",NA,NA
"572","QW-37","Diacrodon compressus","Gentianales","Rubiaceae","Diacrodon","compressus","Western Honey Bee","Hymenoptera","Apidae","Apis","mellifera","","","","Quiet Waters","December",2025,"Apis mellifera","Diacrodon compressus","Diacrodon compressus | Apis mellifera","Open Grassy","Open Human Disturbed","High human modification","","Apoidea"
"573","QW-37","Largeflower Mexican Clover","Gentianales","Rubiaceae","Richardia","grandiflora","Western Honey Bee","Hymenoptera","Apidae","Apis","mellifera","","","","Quiet Waters","December",2025,"Apis mellifera","Richardia grandiflora","Richardia grandiflora | Apis mellifera","Open Grassy","Open Human Disturbed","High human modification","","Apoidea"
"574","QW-37","Trailing Daisy","Asterales","Asteraceae","Sphagneticola","trilobata","White Peacock","Lepidoptera","Nymphalidae","Anartia","jatrophae","","","","Quiet Waters","December",2025,"Anartia jatrophae","Sphagneticola trilobata","Sphagneticola trilobata | Anartia jatrophae","Open Grassy","Open Human Disturbed","High human modification",NA,NA
"575","QW-37","Caribbean Stylo","Fabales","Fabaceae","Stylosanthes","hamata","Ceraunus Blue","Lepidoptera","Lycaenidae","Hemiargus","ceraunus","","","","Quiet Waters","December",2025,"Hemiargus ceraunus","Stylosanthes hamata","Stylosanthes hamata | Hemiargus ceraunus","Open Grassy","Open Human Disturbed","High human modification",NA,NA
"576","QW-38","Largeflower Mexican Clover","Gentianales","Rubiaceae","Richardia","grandiflora","Three-spotted Skipper","Lepidoptera","Hesperiidae","Cymaenes","tripunctus","check id on iNat","https://www.inaturalist.org/observations/329625326","","Quiet Waters","December",2025,"Cymaenes tripunctus","Richardia grandiflora","Richardia grandiflora | Cymaenes tripunctus","Open Grassy","Open Human Disturbed","High human modification",NA,NA
"577","QW-38","Largeflower Mexican Clover","Gentianales","Rubiaceae","Richardia","grandiflora","Dorantes Longtail","Lepidoptera","Hesperiidae","Cecropterus","dorantes","","","","Quiet Waters","December",2025,"Cecropterus dorantes","Richardia grandiflora","Richardia grandiflora | Cecropterus dorantes","Open Grassy","Open Human Disturbed","High human modification",NA,NA
"578","QW-38","Largeflower Mexican Clover","Gentianales","Rubiaceae","Richardia","grandiflora","Tropical Checkered-Skipper","Lepidoptera","Hesperiidae","Burnsius","oileus","","","","Quiet Waters","December",2025,"Burnsius oileus","Richardia grandiflora","Richardia grandiflora | Burnsius oileus","Open Grassy","Open Human Disturbed","High human modification",NA,NA
"579","QW-38","Diacrodon compressus","Gentianales","Rubiaceae","Diacrodon","compressus","Cassius Blue","Lepidoptera","Lycaenidae","Leptotes","cassius","","","","Quiet Waters","December",2025,"Leptotes cassius","Diacrodon compressus","Diacrodon compressus | Leptotes cassius","Open Grassy","Open Human Disturbed","High human modification",NA,NA
"580","QW-38","Largeflower Mexican Clover","Gentianales","Rubiaceae","Richardia","grandiflora","Western Honey Bee","Hymenoptera","Apidae","Apis","mellifera","","","","Quiet Waters","December",2025,"Apis mellifera","Richardia grandiflora","Richardia grandiflora | Apis mellifera","Open Grassy","Open Human Disturbed","High human modification","","Apoidea"
"581","QW-38","Diacrodon compressus","Gentianales","Rubiaceae","Diacrodon","compressus","Western Honey Bee","Hymenoptera","Apidae","Apis","mellifera","","","","Quiet Waters","December",2025,"Apis mellifera","Diacrodon compressus","Diacrodon compressus | Apis mellifera","Open Grassy","Open Human Disturbed","High human modification","","Apoidea"
"582","QW-38","Common Fanpetals","Malvales","Malvaceae","Sida","ulmifolia","Tropical Checkered-Skipper","Lepidoptera","Hesperiidae","Burnsius","oileus","","","","Quiet Waters","December",2025,"Burnsius oileus","Sida ulmifolia","Sida ulmifolia | Burnsius oileus","Open Grassy","Open Human Disturbed","High human modification",NA,NA
"583","QW-38","Largeflower Mexican Clover","Gentianales","Rubiaceae","Richardia","grandiflora","Brown-winged Striped Sweat Bee","Hymenoptera","Halictidae","Agapostemon","splendens","check id on iNat","https://www.inaturalist.org/observations/329625338","","Quiet Waters","December",2025,"Agapostemon splendens","Richardia grandiflora","Richardia grandiflora | Agapostemon splendens","Open Grassy","Open Human Disturbed","High human modification","","Apoidea"
"584","QW-39","White Beggarticks","Asterales","Rubiaceae","Bidens","alba","Western Honey Bee","Hymenoptera","Apidae","Apis","mellifera","","","","Quiet Waters","December",2025,"Apis mellifera","Bidens alba","Bidens alba | Apis mellifera","Open Grassy","Open Human Disturbed","High human modification","","Apoidea"
"585","QW-39","Largeflower Mexican Clover","Gentianales","Rubiaceae","Richardia","grandiflora","Western Honey Bee","Hymenoptera","Apidae","Apis","mellifera","","","","Quiet Waters","December",2025,"Apis mellifera","Richardia grandiflora","Richardia grandiflora | Apis mellifera","Open Grassy","Open Human Disturbed","High human modification","","Apoidea"
"586","QW-39","Shrubby False Buttonweed","Gentianales","Rubiaceae","Spermacoce","verticillata","Western Honey Bee","Hymenoptera","Apidae","Apis","mellifera","","","","Quiet Waters","December",2025,"Apis mellifera","Spermacoce verticillata","Spermacoce verticillata | Apis mellifera","Open Grassy","Open Human Disturbed","High human modification","","Apoidea"
"587","QW-39","Diacrodon compressus","Gentianales","Rubiaceae","Diacrodon","compressus","Western Honey Bee","Hymenoptera","Apidae","Apis","mellifera","","","","Quiet Waters","December",2025,"Apis mellifera","Diacrodon compressus","Diacrodon compressus | Apis mellifera","Open Grassy","Open Human Disturbed","High human modification","","Apoidea"
"588","QW-39","Diacrodon compressus","Gentianales","Rubiaceae","Diacrodon","compressus","White Peacock","Lepidoptera","Nymphalidae","Anartia","jatrophae","","","","Quiet Waters","December",2025,"Anartia jatrophae","Diacrodon compressus","Diacrodon compressus | Anartia jatrophae","Open Grassy","Open Human Disturbed","High human modification",NA,NA
"589","QW-39","White Beggarticks","Asterales","Rubiaceae","Bidens","alba","White Peacock","Lepidoptera","Nymphalidae","Anartia","jatrophae","","","","Quiet Waters","December",2025,"Anartia jatrophae","Bidens alba","Bidens alba | Anartia jatrophae","Open Grassy","Open Human Disturbed","High human modification",NA,NA
"590","QW-39","Diacrodon compressus","Gentianales","Rubiaceae","Diacrodon","compressus","Orange-spotted Flower Moth","Lepidoptera","Crambidae","Syngamia","florella","","","","Quiet Waters","December",2025,"Syngamia florella","Diacrodon compressus","Diacrodon compressus | Syngamia florella","Open Grassy","Open Human Disturbed","High human modification",NA,NA
"591","QW-39","Shrubby False Buttonweed","Gentianales","Rubiaceae","Spermacoce","verticillata","Orange-spotted Flower Moth","Lepidoptera","Crambidae","Syngamia","florella","","","","Quiet Waters","December",2025,"Syngamia florella","Spermacoce verticillata","Spermacoce verticillata | Syngamia florella","Open Grassy","Open Human Disturbed","High human modification",NA,NA
"592","QW-39","Largeflower Mexican Clover","Gentianales","Rubiaceae","Richardia","grandiflora","White Peacock","Lepidoptera","Nymphalidae","Anartia","jatrophae","","","","Quiet Waters","December",2025,"Anartia jatrophae","Richardia grandiflora","Richardia grandiflora | Anartia jatrophae","Open Grassy","Open Human Disturbed","High human modification",NA,NA
"593","QW-39","Diacrodon compressus","Gentianales","Rubiaceae","Diacrodon","compressus","Tropical Checkered-Skipper","Lepidoptera","Hesperiidae","Burnsius","oileus","","","","Quiet Waters","December",2025,"Burnsius oileus","Diacrodon compressus","Diacrodon compressus | Burnsius oileus","Open Grassy","Open Human Disturbed","High human modification",NA,NA
"594","QW-39","White Beggarticks","Asterales","Rubiaceae","Bidens","alba","Tropical Checkered-Skipper","Lepidoptera","Hesperiidae","Burnsius","oileus","","","","Quiet Waters","December",2025,"Burnsius oileus","Bidens alba","Bidens alba | Burnsius oileus","Open Grassy","Open Human Disturbed","High human modification",NA,NA
"595","QW-39","White Beggarticks","Asterales","Rubiaceae","Bidens","alba","Poey's Furrow Bee ","Hymenoptera","Halictidae","Halictus","poeyi","","","","Quiet Waters","December",2025,"Halictus poeyi","Bidens alba","Bidens alba | Halictus poeyi","Open Grassy","Open Human Disturbed","High human modification","","Apoidea"
"596","QW-39","Largeflower Mexican Clover","Gentianales","Rubiaceae","Richardia","grandiflora","Fiery Skipper","Lepidoptera","Hesperiidae","Hylephila","phyleus","","","","Quiet Waters","December",2025,"Hylephila phyleus","Richardia grandiflora","Richardia grandiflora | Hylephila phyleus","Open Grassy","Open Human Disturbed","High human modification",NA,NA
"597","QW-40","Largeflower Mexican Clover","Gentianales","Rubiaceae","Richardia","grandiflora","Western Honey Bee","Hymenoptera","Apidae","Apis","mellifera","","","","Quiet Waters","December",2025,"Apis mellifera","Richardia grandiflora","Richardia grandiflora | Apis mellifera","Open Grassy","Open Human Disturbed","High human modification","","Apoidea"
"598","QW-40","Diacrodon compressus","Gentianales","Rubiaceae","Diacrodon","compressus","Western Honey Bee","Hymenoptera","Apidae","Apis","mellifera","","","","Quiet Waters","December",2025,"Apis mellifera","Diacrodon compressus","Diacrodon compressus | Apis mellifera","Open Grassy","Open Human Disturbed","High human modification","","Apoidea"
"599","QW-40","Largeflower Mexican Clover","Gentianales","Rubiaceae","Richardia","grandiflora","Brown-winged Striped Sweat Bee","Hymenoptera","Halictidae","Agapostemon","splendens","check id on iNat","https://www.inaturalist.org/observations/329625372","","Quiet Waters","December",2025,"Agapostemon splendens","Richardia grandiflora","Richardia grandiflora | Agapostemon splendens","Open Grassy","Open Human Disturbed","High human modification","","Apoidea"
"600","QW-40","Diacrodon compressus","Gentianales","Rubiaceae","Diacrodon","compressus","Orange-spotted Flower Moth","Lepidoptera","Crambidae","Syngamia","florella","","","","Quiet Waters","December",2025,"Syngamia florella","Diacrodon compressus","Diacrodon compressus | Syngamia florella","Open Grassy","Open Human Disturbed","High human modification",NA,NA
"601","QW-40","Diacrodon compressus","Gentianales","Rubiaceae","Diacrodon","compressus","Brown-winged Striped Sweat Bee","Hymenoptera","Halictidae","Agapostemon","splendens","check id on iNat","https://www.inaturalist.org/observations/329625380","","Quiet Waters","December",2025,"Agapostemon splendens","Diacrodon compressus","Diacrodon compressus | Agapostemon splendens","Open Grassy","Open Human Disturbed","High human modification","","Apoidea"
"602","LK-26","White Beggarticks","Asterales","Rubiaceae","Bidens","alba","Western Honey Bee","Hymenoptera","Apidae","Apis","mellifera","","","","Long Key","December",2025,"Apis mellifera","Bidens alba","Bidens alba | Apis mellifera","Open Grassy","Open Human Disturbed","Low human modification","","Apoidea"
"603","LK-26","Shrubby False Buttonweed","Gentianales","Rubiaceae","Spermacoce","verticillata","Western Honey Bee","Hymenoptera","Apidae","Apis","mellifera","","","","Long Key","December",2025,"Apis mellifera","Spermacoce verticillata","Spermacoce verticillata | Apis mellifera","Open Grassy","Open Human Disturbed","Low human modification","","Apoidea"
"604","LK-26","White Beggarticks","Asterales","Rubiaceae","Bidens","alba","Phaon Crescent ","Lepidoptera","Nymphalidae","Phyciodes","phaon","","","","Long Key","December",2025,"Phyciodes phaon","Bidens alba","Bidens alba | Phyciodes phaon","Open Grassy","Open Human Disturbed","Low human modification",NA,NA
"605","LK-26","Shrubby False Buttonweed","Gentianales","Rubiaceae","Spermacoce","verticillata","Orange-spotted Flower Moth","Lepidoptera","Crambidae","Syngamia","florella","","","","Long Key","December",2025,"Syngamia florella","Spermacoce verticillata","Spermacoce verticillata | Syngamia florella","Open Grassy","Open Human Disturbed","Low human modification",NA,NA
"606","HS-26","Largeflower Mexican Clover","Gentianales","Rubiaceae","Richardia","grandiflora","Western Honey Bee","Hymenoptera","Apidae","Apis","mellifera","","","","Highlands Scrub","December",2025,"Apis mellifera","Richardia grandiflora","Richardia grandiflora | Apis mellifera","Disturbed Edge","Open Human Disturbed","Low human modification","","Apoidea"
"607","HS-26","Diacrodon compressus","Gentianales","Rubiaceae","Diacrodon","compressus","Western Honey Bee","Hymenoptera","Apidae","Apis","mellifera","","","","Highlands Scrub","December",2025,"Apis mellifera","Diacrodon compressus","Diacrodon compressus | Apis mellifera","Disturbed Edge","Open Human Disturbed","Low human modification","","Apoidea"
"608","MK-51","White Beggarticks","Asterales","Rubiaceae","Bidens","alba","Western Honey Bee","Hymenoptera","Apidae","Apis","mellifera","","","","Markham","January",2026,"Apis mellifera","Bidens alba","Bidens alba | Apis mellifera","Open Grassy","Open Human Disturbed","High human modification","","Apoidea"
"609","MK-51","White Beggarticks","Asterales","Rubiaceae","Bidens","alba","White Peacock","Lepidoptera","Nymphalidae","Anartia","jatrophae","","","","Markham","January",2026,"Anartia jatrophae","Bidens alba","Bidens alba | Anartia jatrophae","Open Grassy","Open Human Disturbed","High human modification",NA,NA
"610","MK-51","Shrubby False Buttonweed","Gentianales","Rubiaceae","Spermacoce","verticillata","Western Honey Bee","Hymenoptera","Apidae","Apis","mellifera","","","","Markham","January",2026,"Apis mellifera","Spermacoce verticillata","Spermacoce verticillata | Apis mellifera","Open Grassy","Open Human Disturbed","High human modification","","Apoidea"
"611","CB-37","Diacrodon compressus","Gentianales","Rubiaceae","Diacrodon","compressus","Western Honey Bee","Hymenoptera","Apidae","Apis","mellifera","","","","CB Smith","January",2026,"Apis mellifera","Diacrodon compressus","Diacrodon compressus | Apis mellifera","Open Grassy","Open Human Disturbed","High human modification","","Apoidea"
"612","CB-37","Shrubby False Buttonweed","Gentianales","Rubiaceae","Spermacoce","verticillata","Orange-spotted Flower Moth","Lepidoptera","Crambidae","Syngamia","florella","","","","CB Smith","January",2026,"Syngamia florella","Spermacoce verticillata","Spermacoce verticillata | Syngamia florella","Open Grassy","Open Human Disturbed","High human modification",NA,NA
"613","CB-37","Shrubby False Buttonweed","Gentianales","Rubiaceae","Spermacoce","verticillata","Western Honey Bee","Hymenoptera","Apidae","Apis","mellifera","","","","CB Smith","January",2026,"Apis mellifera","Spermacoce verticillata","Spermacoce verticillata | Apis mellifera","Open Grassy","Open Human Disturbed","High human modification","","Apoidea"
"614","CB-37","Largeflower Mexican Clover","Gentianales","Rubiaceae","Richardia","grandiflora","Western Honey Bee","Hymenoptera","Apidae","Apis","mellifera","","","","CB Smith","January",2026,"Apis mellifera","Richardia grandiflora","Richardia grandiflora | Apis mellifera","Open Grassy","Open Human Disturbed","High human modification","","Apoidea"
"615","CB-39","Largeflower Mexican Clover","Gentianales","Rubiaceae","Richardia","grandiflora","Western Honey Bee","Hymenoptera","Apidae","Apis","mellifera","","","","CB Smith","January",2026,"Apis mellifera","Richardia grandiflora","Richardia grandiflora | Apis mellifera","Open Grassy","Open Human Disturbed","High human modification","","Apoidea"
"616","CB-39","Shrubby False Buttonweed","Gentianales","Rubiaceae","Spermacoce","verticillata","Western Honey Bee","Hymenoptera","Apidae","Apis","mellifera","","","","CB Smith","January",2026,"Apis mellifera","Spermacoce verticillata","Spermacoce verticillata | Apis mellifera","Open Grassy","Open Human Disturbed","High human modification","","Apoidea"
"617","CB-39","Diacrodon compressus","Gentianales","Rubiaceae","Diacrodon","compressus","Western Honey Bee","Hymenoptera","Apidae","Apis","mellifera","","","","CB Smith","January",2026,"Apis mellifera","Diacrodon compressus","Diacrodon compressus | Apis mellifera","Open Grassy","Open Human Disturbed","High human modification","","Apoidea"
"618","QW-43","Diacrodon compressus","Gentianales","Rubiaceae","Diacrodon","compressus","Western Honey Bee","Hymenoptera","Apidae","Apis","mellifera","","","","Quiet Waters","January",2026,"Apis mellifera","Diacrodon compressus","Diacrodon compressus | Apis mellifera","Open Grassy","Open Human Disturbed","High human modification","","Apoidea"
"619","QW-43","Diacrodon compressus","Gentianales","Rubiaceae","Diacrodon","compressus","Orange-spotted Flower Moth","Lepidoptera","Crambidae","Syngamia","florella","","","","Quiet Waters","January",2026,"Syngamia florella","Diacrodon compressus","Diacrodon compressus | Syngamia florella","Open Grassy","Open Human Disturbed","High human modification",NA,NA
"620","QW-43","Diacrodon compressus","Gentianales","Rubiaceae","Diacrodon","compressus","Ceraunus Blue","Lepidoptera","Lycaenidae","Hemiargus","ceraunus","","","","Quiet Waters","January",2026,"Hemiargus ceraunus","Diacrodon compressus","Diacrodon compressus | Hemiargus ceraunus","Open Grassy","Open Human Disturbed","High human modification",NA,NA
"621","QW-43","Largeflower Mexican Clover","Gentianales","Rubiaceae","Richardia","grandiflora","Western Honey Bee","Hymenoptera","Apidae","Apis","mellifera","","","","Quiet Waters","January",2026,"Apis mellifera","Richardia grandiflora","Richardia grandiflora | Apis mellifera","Open Grassy","Open Human Disturbed","High human modification","","Apoidea"
"622","MT-28","Red Tasselflower","Asterales","Asteraceae","Emilia","fosbergii","Western Honey Bee","Hymenoptera","Apidae","Apis","mellifera","","","","Military Trail","January",2026,"Apis mellifera","Emilia fosbergii","Emilia fosbergii | Apis mellifera","Scrubby Flatwoods","Scrub","Low human modification","","Apoidea"
"623","HS-30","White Beggarticks","Asterales","Rubiaceae","Bidens","alba","Western Honey Bee","Hymenoptera","Apidae","Apis","mellifera","","","","Highlands Scrub","January",2026,"Apis mellifera","Bidens alba","Bidens alba | Apis mellifera","Sand Pine Scrub","Scrub","Low human modification","","Apoidea"
"624","HS-30","White Beggarticks","Asterales","Rubiaceae","Bidens","alba","Mallow Scrub-Hairstreak","Lepidoptera","Lycaenidae","Strymon","istapa","","","","Highlands Scrub","January",2026,"Strymon istapa","Bidens alba","Bidens alba | Strymon istapa","Sand Pine Scrub","Scrub","Low human modification",NA,NA
"625","CB-42","Shrubby False Buttonweed","Gentianales","Rubiaceae","Spermacoce","verticillata","Coffee-loving Pyrausta Moth","Lepidoptera","Crambidae","Pyrausta","tyralis","","","","CB Smith","February",2026,"Pyrausta tyralis","Spermacoce verticillata","Spermacoce verticillata | Pyrausta tyralis","Open Grassy","Open Human Disturbed","High human modification",NA,NA
"626","VV-43","Diacrodon compressus","Gentianales","Rubiaceae","Diacrodon","compressus","Western Honey Bee","Hymenoptera","Apidae","Apis","mellifera","","","","Vista View","February",2026,"Apis mellifera","Diacrodon compressus","Diacrodon compressus | Apis mellifera","Open Grassy","Open Human Disturbed","High human modification","","Apoidea"
"627","VV-44","Shrubby False Buttonweed","Gentianales","Rubiaceae","Spermacoce","verticillata","Western Honey Bee","Hymenoptera","Apidae","Apis","mellifera","","","","Vista View","February",2026,"Apis mellifera","Spermacoce verticillata","Spermacoce verticillata | Apis mellifera","Open Grassy","Open Human Disturbed","High human modification","","Apoidea"
"628","VV-44","White Beggarticks","Asterales","Rubiaceae","Bidens","alba","Western Honey Bee","Hymenoptera","Apidae","Apis","mellifera","","","","Vista View","February",2026,"Apis mellifera","Bidens alba","Bidens alba | Apis mellifera","Open Grassy","Open Human Disturbed","High human modification","","Apoidea"
"629","QW-46","White Beggarticks","Asterales","Rubiaceae","Bidens","alba","Western Honey Bee","Hymenoptera","Apidae","Apis","mellifera","","","","Quiet Waters","February",2026,"Apis mellifera","Bidens alba","Bidens alba | Apis mellifera","Open Grassy","Open Human Disturbed","High human modification","","Apoidea"
"630","QW-46","Shrubby False Buttonweed","Gentianales","Rubiaceae","Spermacoce","verticillata","Barred Yellow","Lepidoptera","Pieridae","Eurema","daira","","","","Quiet Waters","February",2026,"Eurema daira","Spermacoce verticillata","Spermacoce verticillata | Eurema daira","Open Grassy","Open Human Disturbed","High human modification",NA,NA
"631","QW-46","Diacrodon compressus","Gentianales","Rubiaceae","Diacrodon","compressus","Western Honey Bee","Hymenoptera","Apidae","Apis","mellifera","","","","Quiet Waters","February",2026,"Apis mellifera","Diacrodon compressus","Diacrodon compressus | Apis mellifera","Open Grassy","Open Human Disturbed","High human modification","","Apoidea"
"632","QW-46","Shrubby False Buttonweed","Gentianales","Rubiaceae","Spermacoce","verticillata","Western Honey Bee","Hymenoptera","Apidae","Apis","mellifera","","","","Quiet Waters","February",2026,"Apis mellifera","Spermacoce verticillata","Spermacoce verticillata | Apis mellifera","Open Grassy","Open Human Disturbed","High human modification","","Apoidea"
"633","QW-46","White Beggarticks","Asterales","Rubiaceae","Bidens","alba","Mallow Scrub-Hairstreak","Lepidoptera","Lycaenidae","Strymon","istapa","","","","Quiet Waters","February",2026,"Strymon istapa","Bidens alba","Bidens alba | Strymon istapa","Open Grassy","Open Human Disturbed","High human modification",NA,NA
"634","QW-46","Largeflower Mexican Clover","Gentianales","Rubiaceae","Richardia","grandiflora","Gulf Fritillary","Lepidoptera","Nymphalidae","Dione ","vanillae","","","","Quiet Waters","February",2026,"Dione  vanillae","Richardia grandiflora","Richardia grandiflora | Dione  vanillae","Open Grassy","Open Human Disturbed","High human modification",NA,NA
"635","QW-46","White Beggarticks","Asterales","Rubiaceae","Bidens","alba","Barred Yellow","Lepidoptera","Pieridae","Eurema","daira","","","","Quiet Waters","February",2026,"Eurema daira","Bidens alba","Bidens alba | Eurema daira","Open Grassy","Open Human Disturbed","High human modification",NA,NA
"636","QW-46","Largeflower Mexican Clover","Gentianales","Rubiaceae","Richardia","grandiflora","Barred Yellow","Lepidoptera","Pieridae","Eurema","daira","","","","Quiet Waters","February",2026,"Eurema daira","Richardia grandiflora","Richardia grandiflora | Eurema daira","Open Grassy","Open Human Disturbed","High human modification",NA,NA
"637","QW-46","White Beggarticks","Asterales","Rubiaceae","Bidens","alba","Dainty Sulphur","Lepidoptera","Pieridae","Nathalis","iole","","","","Quiet Waters","February",2026,"Nathalis iole","Bidens alba","Bidens alba | Nathalis iole","Open Grassy","Open Human Disturbed","High human modification",NA,NA
"638","QW-46","White Beggarticks","Asterales","Rubiaceae","Bidens","alba","Horace's Duskywing","Lepidoptera","Hesperiidae","Erynnis","horatius","check id on iNat","https://www.inaturalist.org/observations/340173742","","Quiet Waters","February",2026,"Erynnis horatius","Bidens alba","Bidens alba | Erynnis horatius","Open Grassy","Open Human Disturbed","High human modification",NA,NA
"639","QW-47","Largeflower Mexican Clover","Gentianales","Rubiaceae","Richardia","grandiflora","Gulf Fritillary","Lepidoptera","Nymphalidae","Dione ","vanillae","","","","Quiet Waters","February",2026,"Dione  vanillae","Richardia grandiflora","Richardia grandiflora | Dione  vanillae","Open Grassy","Open Human Disturbed","High human modification",NA,NA
"640","QW-47","Shrubby False Buttonweed","Gentianales","Rubiaceae","Spermacoce","verticillata","White Peacock","Lepidoptera","Nymphalidae","Anartia","jatrophae","","","","Quiet Waters","February",2026,"Anartia jatrophae","Spermacoce verticillata","Spermacoce verticillata | Anartia jatrophae","Open Grassy","Open Human Disturbed","High human modification",NA,NA
"641","QW-48","Shrubby False Buttonweed","Gentianales","Rubiaceae","Spermacoce","verticillata","Orange-spotted Flower Moth","Lepidoptera","Crambidae","Syngamia","florella","","","","Quiet Waters","February",2026,"Syngamia florella","Spermacoce verticillata","Spermacoce verticillata | Syngamia florella","Pine Flatwoods","Flatwoods","High human modification",NA,NA
"642","QW-49","Largeflower Mexican Clover","Gentianales","Rubiaceae","Richardia","grandiflora","Villa lateralis","Diptera","Bombyliidae","Villa","lateralis","","https://www.inaturalist.org/observations/345033621","","Quiet Waters","March",2026,"Villa lateralis","Richardia grandiflora","Richardia grandiflora | Villa lateralis","Open Grassy","Open Human Disturbed","High human modification",NA,NA
"643","QW-49","Creeping Beggarweed","Fabales","Fabaceae","Desmodium","incanum","Ceraunus Blue","Lepidoptera","Lycaenidae","Hemiargus","ceraunus","","","","Quiet Waters","March",2026,"Hemiargus ceraunus","Desmodium incanum","Desmodium incanum | Hemiargus ceraunus","Open Grassy","Open Human Disturbed","High human modification",NA,NA
"644","QW-50","White Beggarticks","Asterales","Rubiaceae","Bidens","alba","Western Honey Bee","Hymenoptera","Apidae","Apis","mellifera","","","","Quiet Waters","March",2026,"Apis mellifera","Bidens alba","Bidens alba | Apis mellifera","Open Grassy","Open Human Disturbed","High human modification","","Apoidea"
"645","QW-50","White Beggarticks","Asterales","Rubiaceae","Bidens","alba","Dainty Sulphur","Lepidoptera","Pieridae","Nathalis","iole","","","","Quiet Waters","March",2026,"Nathalis iole","Bidens alba","Bidens alba | Nathalis iole","Open Grassy","Open Human Disturbed","High human modification",NA,NA
"646","MT-34","Saw Palmetto","Arecales","Arecaceae","Serenoa","repens","Western Honey Bee","Hymenoptera","Apidae","Apis","mellifera","","","","Military Trail","March",2026,"Apis mellifera","Serenoa repens","Serenoa repens | Apis mellifera","Scrubby Flatwoods","Scrub","Low human modification","","Apoidea"
"647","MT-34","Saw Palmetto","Arecales","Arecaceae","Serenoa","repens","Dark Flower Scarab","Coleoptera","Scarabaeidae","Euphoria","sepulcralis","","https://www.inaturalist.org/observations/345140480","","Military Trail","March",2026,"Euphoria sepulcralis","Serenoa repens","Serenoa repens | Euphoria sepulcralis","Scrubby Flatwoods","Scrub","Low human modification","Cetoniinae",""
"648","MT-35","Saw Palmetto","Arecales","Arecaceae","Serenoa","repens","Western Honey Bee","Hymenoptera","Apidae","Apis","mellifera","","","","Military Trail","March",2026,"Apis mellifera","Serenoa repens","Serenoa repens | Apis mellifera","Oak Dominated Scrub","Scrub","Low human modification","","Apoidea"
"649","MT-35","Saw Palmetto","Arecales","Arecaceae","Serenoa","repens","Dark Flower Scarab","Coleoptera","Scarabaeidae","Euphoria","sepulcralis","","https://www.inaturalist.org/observations/345033607","","Military Trail","March",2026,"Euphoria sepulcralis","Serenoa repens","Serenoa repens | Euphoria sepulcralis","Oak Dominated Scrub","Scrub","Low human modification","Cetoniinae",""
"650","MT-36","Saw Palmetto","Arecales","Arecaceae","Serenoa","repens","Western Honey Bee","Hymenoptera","Apidae","Apis","mellifera","","","","Military Trail","March",2026,"Apis mellifera","Serenoa repens","Serenoa repens | Apis mellifera","Oak Dominated Scrub","Scrub","Low human modification","","Apoidea"
"651","VV-45","Shrubby False Buttonweed","Gentianales","Rubiaceae","Spermacoce","verticillata","Western Honey Bee","Hymenoptera","Apidae","Apis","mellifera","","","","Vista View","March",2026,"Apis mellifera","Spermacoce verticillata","Spermacoce verticillata | Apis mellifera","Open Grassy","Open Human Disturbed","High human modification","","Apoidea"
"652","MK-63","Shrubby False Buttonweed","Gentianales","Rubiaceae","Spermacoce","verticillata","Western Honey Bee","Hymenoptera","Apidae","Apis","mellifera","","","","Markham","March",2026,"Apis mellifera","Spermacoce verticillata","Spermacoce verticillata | Apis mellifera","Open Grassy","Open Human Disturbed","High human modification","","Apoidea"
"653","MK-63","White Beggarticks","Asterales","Rubiaceae","Bidens","alba","Western Honey Bee","Hymenoptera","Apidae","Apis","mellifera","","","","Markham","March",2026,"Apis mellifera","Bidens alba","Bidens alba | Apis mellifera","Open Grassy","Open Human Disturbed","High human modification","","Apoidea"
"654","MK-63","Virginia Pepperweed","Brassicales","Brassicaceae","Lepidium","virginicum","Western Honey Bee","Hymenoptera","Apidae","Apis","mellifera","","","","Markham","March",2026,"Apis mellifera","Lepidium virginicum","Lepidium virginicum | Apis mellifera","Open Grassy","Open Human Disturbed","High human modification","","Apoidea"
"655","MK-63","White Beggarticks","Asterales","Rubiaceae","Bidens","alba","Poey's Furrow Bee ","Hymenoptera","Halictidae","Halictus","poeyi","","","","Markham","March",2026,"Halictus poeyi","Bidens alba","Bidens alba | Halictus poeyi","Open Grassy","Open Human Disturbed","High human modification","","Apoidea"
"656","MK-64","Shrubby False Buttonweed","Gentianales","Rubiaceae","Spermacoce","verticillata","Western Honey Bee","Hymenoptera","Apidae","Apis","mellifera","","","","Markham","March",2026,"Apis mellifera","Spermacoce verticillata","Spermacoce verticillata | Apis mellifera","Open Grassy","Open Human Disturbed","High human modification","","Apoidea"
"657","MK-69","Rattail","Lamiales","Verbenaceae","Stachytarpheta","cayennensis","Zebra Longwing","Lepidoptera","Nymphalidae","Heliconius","charithonia","","","","Markham","April",2026,"Heliconius charithonia","Stachytarpheta cayennensis","Stachytarpheta cayennensis | Heliconius charithonia","Hammock","Hammock","High human modification",NA,NA
"658","MK-69","Rattail","Lamiales","Verbenaceae","Stachytarpheta","cayennensis","Three-spotted Skipper","Lepidoptera","Hesperiidae","Cymaenes","tripunctus","","","","Markham","April",2026,"Cymaenes tripunctus","Stachytarpheta cayennensis","Stachytarpheta cayennensis | Cymaenes tripunctus","Hammock","Hammock","High human modification",NA,NA
"659","MK-69","Shiny-leaved Wild Coffee","Gentianales","Rubiaceae","Psychotria","nervosa","Zebra Longwing","Lepidoptera","Nymphalidae","Heliconius","charithonia","","","","Markham","April",2026,"Heliconius charithonia","Psychotria nervosa","Psychotria nervosa | Heliconius charithonia","Hammock","Hammock","High human modification",NA,NA
"660","MK-69","Shiny-leaved Wild Coffee","Gentianales","Rubiaceae","Psychotria","nervosa","Julia Heliconian","Lepidoptera","Nymphalidae","Dryas","iulia","","","","Markham","April",2026,"Dryas iulia","Psychotria nervosa","Psychotria nervosa | Dryas iulia","Hammock","Hammock","High human modification",NA,NA
"661","MK-69","Rattail","Lamiales","Verbenaceae","Stachytarpheta","cayennensis","Julia Heliconian","Lepidoptera","Nymphalidae","Dryas","iulia","","","","Markham","April",2026,"Dryas iulia","Stachytarpheta cayennensis","Stachytarpheta cayennensis | Dryas iulia","Hammock","Hammock","High human modification",NA,NA
"662","MK-69","White Beggarticks","Asterales","Rubiaceae","Bidens","alba","Zebra Longwing","Lepidoptera","Nymphalidae","Heliconius","charithonia","","","","Markham","April",2026,"Heliconius charithonia","Bidens alba","Bidens alba | Heliconius charithonia","Hammock","Hammock","High human modification",NA,NA
"663","MK-70","Inchplant","Commelinales","Commelinaceae","Tradescantia","zebrina","Western Honey Bee","Hymenoptera","Apidae","Apis","mellifera","","","","Markham","April",2026,"Apis mellifera","Tradescantia zebrina","Tradescantia zebrina | Apis mellifera","Hammock","Hammock","High human modification","","Apoidea"
"664","CB-50","White Beggarticks","Asterales","Rubiaceae","Bidens","alba","Dainty Sulphur","Lepidoptera","Pieridae","Nathalis","iole","","","","CB Smith","April",2026,"Nathalis iole","Bidens alba","Bidens alba | Nathalis iole","Open Grassy","Open Human Disturbed","High human modification",NA,NA
"665","CB-50","White Beggarticks","Asterales","Rubiaceae","Bidens","alba","Western Honey Bee","Hymenoptera","Apidae","Apis","mellifera","","","","CB Smith","April",2026,"Apis mellifera","Bidens alba","Bidens alba | Apis mellifera","Open Grassy","Open Human Disturbed","High human modification","","Apoidea"
"666","CB-50","White Beggarticks","Asterales","Rubiaceae","Bidens","alba","Fiery Skipper","Lepidoptera","Hesperiidae","Hylephila","phyleus","","","","CB Smith","April",2026,"Hylephila phyleus","Bidens alba","Bidens alba | Hylephila phyleus","Open Grassy","Open Human Disturbed","High human modification",NA,NA
"667","CB-50","White Beggarticks","Asterales","Rubiaceae","Bidens","alba","Mallow Scrub-Hairstreak","Lepidoptera","Lycaenidae","Strymon","istapa","","","","CB Smith","April",2026,"Strymon istapa","Bidens alba","Bidens alba | Strymon istapa","Open Grassy","Open Human Disturbed","High human modification",NA,NA
"668","CB-52","Shrubby False Buttonweed","Gentianales","Rubiaceae","Spermacoce","verticillata","Western Honey Bee","Hymenoptera","Apidae","Apis","mellifera","","","","CB Smith","April",2026,"Apis mellifera","Spermacoce verticillata","Spermacoce verticillata | Apis mellifera","Open Grassy","Open Human Disturbed","High human modification","","Apoidea"
"669","VV-49","Oakleaf Fleabane","Asterales","Asteraceae","Erigeron","quercifolius","Dainty Sulphur","Lepidoptera","Pieridae","Nathalis","iole","","","","Vista View","April",2026,"Nathalis iole","Erigeron quercifolius","Erigeron quercifolius | Nathalis iole","Open Grassy","Open Human Disturbed","High human modification",NA,NA
"670","VV-49","Oakleaf Fleabane","Asterales","Asteraceae","Erigeron","quercifolius","Ceraunus Blue","Lepidoptera","Lycaenidae","Hemiargus","ceraunus","","","","Vista View","April",2026,"Hemiargus ceraunus","Erigeron quercifolius","Erigeron quercifolius | Hemiargus ceraunus","Open Grassy","Open Human Disturbed","High human modification",NA,NA
"671","VV-49","Oakleaf Fleabane","Asterales","Asteraceae","Erigeron","quercifolius","Poey's Furrow Bee ","Hymenoptera","Halictidae","Halictus","poeyi","","","","Vista View","April",2026,"Halictus poeyi","Erigeron quercifolius","Erigeron quercifolius | Halictus poeyi","Open Grassy","Open Human Disturbed","High human modification","","Apoidea"
"672","VV-49","White Beggarticks","Asterales","Rubiaceae","Bidens","alba","Dainty Sulphur","Lepidoptera","Pieridae","Nathalis","iole","","","","Vista View","April",2026,"Nathalis iole","Bidens alba","Bidens alba | Nathalis iole","Open Grassy","Open Human Disturbed","High human modification",NA,NA
"673","VV-50","Shrubby False Buttonweed","Gentianales","Rubiaceae","Spermacoce","verticillata","Western Honey Bee","Hymenoptera","Apidae","Apis","mellifera","","","","Vista View","April",2026,"Apis mellifera","Spermacoce verticillata","Spermacoce verticillata | Apis mellifera","Open Grassy","Open Human Disturbed","High human modification","","Apoidea"
"674","VV-50","Diacrodon compressus","Gentianales","Rubiaceae","Diacrodon","compressus","Western Honey Bee","Hymenoptera","Apidae","Apis","mellifera","","","","Vista View","April",2026,"Apis mellifera","Diacrodon compressus","Diacrodon compressus | Apis mellifera","Open Grassy","Open Human Disturbed","High human modification","","Apoidea"
"675","VV-52","Shrubby False Buttonweed","Gentianales","Rubiaceae","Spermacoce","verticillata","Western Honey Bee","Hymenoptera","Apidae","Apis","mellifera","","","","Vista View","April",2026,"Apis mellifera","Spermacoce verticillata","Spermacoce verticillata | Apis mellifera","Open Grassy","Open Human Disturbed","High human modification","","Apoidea"
"676","VV-52","White Beggarticks","Asterales","Rubiaceae","Bidens","alba","Western Honey Bee","Hymenoptera","Apidae","Apis","mellifera","","","","Vista View","April",2026,"Apis mellifera","Bidens alba","Bidens alba | Apis mellifera","Open Grassy","Open Human Disturbed","High human modification","","Apoidea"
"677","VV-52","White Beggarticks","Asterales","Rubiaceae","Bidens","alba","Dainty Sulphur","Lepidoptera","Pieridae","Nathalis","iole","","","","Vista View","April",2026,"Nathalis iole","Bidens alba","Bidens alba | Nathalis iole","Open Grassy","Open Human Disturbed","High human modification",NA,NA
"678","VV-52","White Beggarticks","Asterales","Rubiaceae","Bidens","alba","Mallow Scrub-Hairstreak","Lepidoptera","Lycaenidae","Strymon","istapa","","","","Vista View","April",2026,"Strymon istapa","Bidens alba","Bidens alba | Strymon istapa","Open Grassy","Open Human Disturbed","High human modification",NA,NA
"679","MT-38","White Beggarticks","Asterales","Rubiaceae","Bidens","alba","Western Honey Bee","Hymenoptera","Apidae","Apis","mellifera","","","","Military Trail","April",2026,"Apis mellifera","Bidens alba","Bidens alba | Apis mellifera","Sand Pine Scrub","Scrub","Low human modification","","Apoidea"
"680","MT-38","White Beggarticks","Asterales","Rubiaceae","Bidens","alba","Eastern Giant Swallowtail","Lepidoptera","Papilionidae","Heraclides","cresphontes","","","","Military Trail","April",2026,"Heraclides cresphontes","Bidens alba","Bidens alba | Heraclides cresphontes","Sand Pine Scrub","Scrub","Low human modification",NA,NA
"681","MT-39","White Beggarticks","Asterales","Rubiaceae","Bidens","alba","Western Honey Bee","Hymenoptera","Apidae","Apis","mellifera","","","","Military Trail","April",2026,"Apis mellifera","Bidens alba","Bidens alba | Apis mellifera","Scrubby Flatwoods","Scrub","Low human modification","","Apoidea"
"682","MT-39","White Beggarticks","Asterales","Rubiaceae","Bidens","alba","Gulf Fritillary","Lepidoptera","Nymphalidae","Dione ","vanillae","","","","Military Trail","April",2026,"Dione  vanillae","Bidens alba","Bidens alba | Dione  vanillae","Scrubby Flatwoods","Scrub","Low human modification",NA,NA
"683","MT-39","White Beggarticks","Asterales","Rubiaceae","Bidens","alba","Coelioxys slossoni","Hymenoptera","Megachilidae","Coelioxys","slossoni","","https://www.inaturalist.org/observations/358461719","","Military Trail","April",2026,"Coelioxys slossoni","Bidens alba","Bidens alba | Coelioxys slossoni","Scrubby Flatwoods","Scrub","Low human modification","","Apoidea"
"684","MT-39","Saw Palmetto","Arecales","Arecaceae","Serenoa","repens","Western Honey Bee","Hymenoptera","Apidae","Apis","mellifera","","","","Military Trail","April",2026,"Apis mellifera","Serenoa repens","Serenoa repens | Apis mellifera","Scrubby Flatwoods","Scrub","Low human modification","","Apoidea"
"685","QW-53","Saw Palmetto","Arecales","Arecaceae","Serenoa","repens","Western Honey Bee","Hymenoptera","Apidae","Apis","mellifera","","","","Quiet Waters","April",2026,"Apis mellifera","Serenoa repens","Serenoa repens | Apis mellifera","Pine Flatwoods","Flatwoods","High human modification","","Apoidea"
"686","QW-55","Shrubby False Buttonweed","Gentianales","Rubiaceae","Spermacoce","verticillata","Western Honey Bee","Hymenoptera","Apidae","Apis","mellifera","","","","Quiet Waters","April",2026,"Apis mellifera","Spermacoce verticillata","Spermacoce verticillata | Apis mellifera","Open Grassy","Open Human Disturbed","High human modification","","Apoidea"
"687","QW-55","Common Fanpetals","Malvales","Malvaceae","Sida","ulmifolia","Dainty Sulphur","Lepidoptera","Pieridae","Nathalis","iole","","","","Quiet Waters","April",2026,"Nathalis iole","Sida ulmifolia","Sida ulmifolia | Nathalis iole","Open Grassy","Open Human Disturbed","High human modification",NA,NA
"688","QW-55","Creeping Indigo","Fabales","Fabaceae","Indigofera","spicata","Ceraunus Blue","Lepidoptera","Lycaenidae","Hemiargus","ceraunus","","","","Quiet Waters","April",2026,"Hemiargus ceraunus","Indigofera spicata","Indigofera spicata | Hemiargus ceraunus","Open Grassy","Open Human Disturbed","High human modification",NA,NA
"689","QW-56","Straggler Daisy","Asterales","Asteraceae","Calyptocarpus","vialis","Poecilanthrax lucifer","Diptera","Bombyliidae","Poecilanthrax","lucifer","","","","Quiet Waters","April",2026,"Poecilanthrax lucifer","Calyptocarpus vialis","Calyptocarpus vialis | Poecilanthrax lucifer","Open Grassy","Open Human Disturbed","High human modification",NA,NA
"690","QW-56","Spiny Amaranth","Caryophyllales","Amaranthaceae","Amaranthus","spinosus","Poecilanthrax lucifer","Diptera","Bombyliidae","Poecilanthrax","lucifer","","","","Quiet Waters","April",2026,"Poecilanthrax lucifer","Amaranthus spinosus","Amaranthus spinosus | Poecilanthrax lucifer","Open Grassy","Open Human Disturbed","High human modification",NA,NA
"691","HK-37","Saw Palmetto","Arecales","Arecaceae","Serenoa","repens","Western Honey Bee","Hymenoptera","Apidae","Apis","mellifera","","","","Helene Klein","April",2026,"Apis mellifera","Serenoa repens","Serenoa repens | Apis mellifera","Pine Flatwoods","Flatwoods","Low human modification","","Apoidea"
"692","HS-37","Saw Palmetto","Arecales","Arecaceae","Serenoa","repens","Western Honey Bee","Hymenoptera","Apidae","Apis","mellifera","","","","Highlands Scrub","April",2026,"Apis mellifera","Serenoa repens","Serenoa repens | Apis mellifera","Sand Pine Scrub","Scrub","Low human modification","","Apoidea"
"693","HS-39","Saw Palmetto","Arecales","Arecaceae","Serenoa","repens","Western Honey Bee","Hymenoptera","Apidae","Apis","mellifera","","","","Highlands Scrub","April",2026,"Apis mellifera","Serenoa repens","Serenoa repens | Apis mellifera","Sand Pine Scrub","Scrub","Low human modification","","Apoidea"
"694","LK-37","White Beggarticks","Asterales","Rubiaceae","Bidens","alba","Western Honey Bee","Hymenoptera","Apidae","Apis","mellifera","","","","Long Key","April",2026,"Apis mellifera","Bidens alba","Bidens alba | Apis mellifera","Open Grassy","Open Human Disturbed","Low human modification","","Apoidea"
"695","LK-37","White Beggarticks","Asterales","Rubiaceae","Bidens","alba","Poey's Furrow Bee ","Hymenoptera","Halictidae","Halictus","poeyi","","","","Long Key","April",2026,"Halictus poeyi","Bidens alba","Bidens alba | Halictus poeyi","Open Grassy","Open Human Disturbed","Low human modification","","Apoidea"
"696","LK-37","White Beggarticks","Asterales","Rubiaceae","Bidens","alba","Monarch","Lepidoptera","Nymphalidae","Danaus","plexippus","","","","Long Key","April",2026,"Danaus plexippus","Bidens alba","Bidens alba | Danaus plexippus","Open Grassy","Open Human Disturbed","Low human modification",NA,NA
"697","LK-37","White Beggarticks","Asterales","Rubiaceae","Bidens","alba","Horace's Duskywing","Lepidoptera","Hesperiidae","Erynnis","horatius","","","","Long Key","April",2026,"Erynnis horatius","Bidens alba","Bidens alba | Erynnis horatius","Open Grassy","Open Human Disturbed","Low human modification",NA,NA
"698","LK-37","River Sage","Lamiales","Lamiaceae","Salvia","misella","Western Honey Bee","Hymenoptera","Apidae","Apis","mellifera","","","","Long Key","April",2026,"Apis mellifera","Salvia misella","Salvia misella | Apis mellifera","Open Grassy","Open Human Disturbed","Low human modification","","Apoidea"
"699","LK-37","Wild Leadwort","Caryophyllales","Plumbaginaceae","Plumbago","zeylanica","Cassius Blue","Lepidoptera","Lycaenidae","Leptotes","cassius","","","","Long Key","April",2026,"Leptotes cassius","Plumbago zeylanica","Plumbago zeylanica | Leptotes cassius","Open Grassy","Open Human Disturbed","Low human modification",NA,NA
"700","LK-37","White Beggarticks","Asterales","Rubiaceae","Bidens","alba","Mallow Scrub-Hairstreak","Lepidoptera","Lycaenidae","Strymon","istapa","","","","Long Key","April",2026,"Strymon istapa","Bidens alba","Bidens alba | Strymon istapa","Open Grassy","Open Human Disturbed","Low human modification",NA,NA
"701","LK-37","White Beggarticks","Asterales","Rubiaceae","Bidens","alba","Cassius Blue","Lepidoptera","Lycaenidae","Leptotes","cassius","","","","Long Key","April",2026,"Leptotes cassius","Bidens alba","Bidens alba | Leptotes cassius","Open Grassy","Open Human Disturbed","Low human modification",NA,NA
"702","LK-39","Shiny-leaved Wild Coffee","Gentianales","Rubiaceae","Psychotria","nervosa","Western Honey Bee","Hymenoptera","Apidae","Apis","mellifera","","","","Long Key","April",2026,"Apis mellifera","Psychotria nervosa","Psychotria nervosa | Apis mellifera","Wetland","Wetland","Low human modification","","Apoidea"
"703","LK-39","White Beggarticks","Asterales","Rubiaceae","Bidens","alba","Western Honey Bee","Hymenoptera","Apidae","Apis","mellifera","","","","Long Key","April",2026,"Apis mellifera","Bidens alba","Bidens alba | Apis mellifera","Wetland","Wetland","Low human modification","","Apoidea"
"704","LK-39","White Beggarticks","Asterales","Rubiaceae","Bidens","alba","Zebra Longwing","Lepidoptera","Nymphalidae","Heliconius","charithonia","","","","Long Key","April",2026,"Heliconius charithonia","Bidens alba","Bidens alba | Heliconius charithonia","Wetland","Wetland","Low human modification",NA,NA
"705","LK-39","White Beggarticks","Asterales","Rubiaceae","Bidens","alba","Horace's Duskywing","Lepidoptera","Hesperiidae","Erynnis","horatius","","","","Long Key","April",2026,"Erynnis horatius","Bidens alba","Bidens alba | Erynnis horatius","Wetland","Wetland","Low human modification",NA,NA
"706","LK-39","White Beggarticks","Asterales","Rubiaceae","Bidens","alba","Ruddy Daggerwing","Lepidoptera","Nymphalidae","Marpesia","petreus","","","","Long Key","April",2026,"Marpesia petreus","Bidens alba","Bidens alba | Marpesia petreus","Wetland","Wetland","Low human modification",NA,NA
"707","LK-39","Shiny-leaved Wild Coffee","Gentianales","Rubiaceae","Psychotria","nervosa","Red Admiral","Lepidoptera","Nymphalidae","Vanessa","atalanta","","","","Long Key","April",2026,"Vanessa atalanta","Psychotria nervosa","Psychotria nervosa | Vanessa atalanta","Wetland","Wetland","Low human modification",NA,NA
"708","LK-39","White Beggarticks","Asterales","Rubiaceae","Bidens","alba","Red Admiral","Lepidoptera","Nymphalidae","Vanessa","atalanta","","","","Long Key","April",2026,"Vanessa atalanta","Bidens alba","Bidens alba | Vanessa atalanta","Wetland","Wetland","Low human modification",NA,NA
"709","LK-39","White Beggarticks","Asterales","Rubiaceae","Bidens","alba","Julia Heliconian","Lepidoptera","Nymphalidae","Dryas","iulia","","","","Long Key","April",2026,"Dryas iulia","Bidens alba","Bidens alba | Dryas iulia","Wetland","Wetland","Low human modification",NA,NA
"710","LK-39","Shiny-leaved Wild Coffee","Gentianales","Rubiaceae","Psychotria","nervosa","Ruddy Daggerwing","Lepidoptera","Nymphalidae","Marpesia","petreus","","","","Long Key","April",2026,"Marpesia petreus","Psychotria nervosa","Psychotria nervosa | Marpesia petreus","Wetland","Wetland","Low human modification",NA,NA
