Taxon.name,URL,Tagged.by,Flower_Genus,Flower_species,Flower_IDer,FLW_ID_Conf,project,id.y,uuid,field_id,datatype,name,name_ci,value,value_ci,updater_id,user_id,taxon_id,taxon.id,taxon.rank,taxon.rank_level,taxon.iconic_taxon_id,taxon.ancestor_ids,taxon.is_active,taxon.min_species_taxon_id,taxon.name,taxon.parent_id,taxon.ancestry,taxon.min_species_ancestry,taxon.extinct,taxon.provisional,taxon.created_at,taxon.taxon_changes_count,taxon.taxon_schemes_count,taxon.observations_count,taxon.photos_locked,taxon.universal_search_rank,taxon.current_synonymous_taxon_ids,taxon.atlas_id,taxon.complete_species_count,taxon.wikipedia_url,taxon.iconic_taxon_name,taxon.preferred_common_name,taxon.default_photo.id,taxon.default_photo.license_code,taxon.default_photo.attribution,taxon.default_photo.url,taxon.default_photo.flags,taxon.default_photo.attribution_name,taxon.default_photo.square_url,taxon.default_photo.medium_url,taxon.default_photo.original_dimensions.height,taxon.default_photo.original_dimensions.width,taxon.flag_counts.resolved,taxon.flag_counts.unresolved,user.id,user.login,user.spam,user.suspended,user.created_at,user.login_autocomplete,user.login_exact,user.name,user.name_autocomplete,user.orcid,user.icon,user.observations_count,user.identifications_count,user.journal_posts_count,user.activity_count,user.species_count,user.annotated_observations_count,user.universal_search_rank,user.roles,user.site_id,user.icon_url,taxon.conservation_status.id,taxon.conservation_status.place_id,taxon.conservation_status.source_id,taxon.conservation_status.user_id,taxon.conservation_status.authority,taxon.conservation_status.status,taxon.conservation_status.status_name,taxon.conservation_status.geoprivacy,taxon.conservation_status.iucn,Park.Name,Plant_ID,Interaction.ID
Heliconius charithonia,http://www.inaturalist.org/observations/11355,Tessa,Salvia,coccinea,Jake,100%,Thomas,NA,NA,NA,NA,NA,NA,NA,NA,NA,NA,NA,NA,NA,NA,NA,,NA,NA,NA,NA,NA,NA,NA,NA,NA,NA,NA,NA,NA,NA,NA,NA,NA,NA,NA,NA,NA,NA,NA,NA,,NA,NA,NA,NA,NA,NA,NA,NA,NA,NA,NA,NA,NA,NA,NA,NA,NA,NA,NA,NA,NA,NA,NA,NA,NA,,NA,NA,NA,NA,NA,NA,NA,NA,NA,NA,NA,Long Key,Salvia coccinea,Salvia coccinea | Heliconius charithonia
Papilio palamedes,http://www.inaturalist.org/observations/12747,Tessa,Salvia,coccinea,Jake,100%,Thomas,NA,NA,NA,NA,NA,NA,NA,NA,NA,NA,NA,NA,NA,NA,NA,,NA,NA,NA,NA,NA,NA,NA,NA,NA,NA,NA,NA,NA,NA,NA,NA,NA,NA,NA,NA,NA,NA,NA,NA,,NA,NA,NA,NA,NA,NA,NA,NA,NA,NA,NA,NA,NA,NA,NA,NA,NA,NA,NA,NA,NA,NA,NA,NA,NA,,NA,NA,NA,NA,NA,NA,NA,NA,NA,NA,NA,Long Key,Salvia coccinea,Salvia coccinea | Papilio palamedes
Papilio palamedes,http://www.inaturalist.org/observations/17051,Tessa,Salvia,coccinea,Jake,100%,Thomas,NA,NA,NA,NA,NA,NA,NA,NA,NA,NA,NA,NA,NA,NA,NA,,NA,NA,NA,NA,NA,NA,NA,NA,NA,NA,NA,NA,NA,NA,NA,NA,NA,NA,NA,NA,NA,NA,NA,NA,,NA,NA,NA,NA,NA,NA,NA,NA,NA,NA,NA,NA,NA,NA,NA,NA,NA,NA,NA,NA,NA,NA,NA,NA,NA,,NA,NA,NA,NA,NA,NA,NA,NA,NA,NA,NA,Long Key,Salvia coccinea,Salvia coccinea | Papilio palamedes
Pontia protodice,http://www.inaturalist.org/observations/17614,Tessa,Bidens,alba,Jake,100%,Thomas,NA,NA,NA,NA,NA,NA,NA,NA,NA,NA,NA,NA,NA,NA,NA,,NA,NA,NA,NA,NA,NA,NA,NA,NA,NA,NA,NA,NA,NA,NA,NA,NA,NA,NA,NA,NA,NA,NA,NA,,NA,NA,NA,NA,NA,NA,NA,NA,NA,NA,NA,NA,NA,NA,NA,NA,NA,NA,NA,NA,NA,NA,NA,NA,NA,,NA,NA,NA,NA,NA,NA,NA,NA,NA,NA,NA,Long Key,Bidens alba,Bidens alba | Pontia protodice
Pyrausta tyralis,http://www.inaturalist.org/observations/17879,Tessa,Bidens,alba,Jake,100%,Thomas,NA,NA,NA,NA,NA,NA,NA,NA,NA,NA,NA,NA,NA,NA,NA,,NA,NA,NA,NA,NA,NA,NA,NA,NA,NA,NA,NA,NA,NA,NA,NA,NA,NA,NA,NA,NA,NA,NA,NA,,NA,NA,NA,NA,NA,NA,NA,NA,NA,NA,NA,NA,NA,NA,NA,NA,NA,NA,NA,NA,NA,NA,NA,NA,NA,,NA,NA,NA,NA,NA,NA,NA,NA,NA,NA,NA,Long Key,Bidens alba,Bidens alba | Pyrausta tyralis
Thorybes dorantes,http://www.inaturalist.org/observations/523359,Noelle,Bidens,alba,Jake,100%,Thomas,NA,NA,NA,NA,NA,NA,NA,NA,NA,NA,NA,NA,NA,NA,NA,,NA,NA,NA,NA,NA,NA,NA,NA,NA,NA,NA,NA,NA,NA,NA,NA,NA,NA,NA,NA,NA,NA,NA,NA,,NA,NA,NA,NA,NA,NA,NA,NA,NA,NA,NA,NA,NA,NA,NA,NA,NA,NA,NA,NA,NA,NA,NA,NA,NA,,NA,NA,NA,NA,NA,NA,NA,NA,NA,NA,NA,Markham,Bidens alba,Bidens alba | Thorybes dorantes
Danaus plexippus,http://www.inaturalist.org/observations/523360,Noelle,Bidens,alba,Toni,100%,Thomas,NA,NA,NA,NA,NA,NA,NA,NA,NA,NA,NA,NA,NA,NA,NA,,NA,NA,NA,NA,NA,NA,NA,NA,NA,NA,NA,NA,NA,NA,NA,NA,NA,NA,NA,NA,NA,NA,NA,NA,,NA,NA,NA,NA,NA,NA,NA,NA,NA,NA,NA,NA,NA,NA,NA,NA,NA,NA,NA,NA,NA,NA,NA,NA,NA,,NA,NA,NA,NA,NA,NA,NA,NA,NA,NA,NA,Markham,Bidens alba,Bidens alba | Danaus plexippus
Strymon istapa,http://www.inaturalist.org/observations/523362,Noelle,Spermacoce,verticillata,Toni,100%,Thomas,NA,NA,NA,NA,NA,NA,NA,NA,NA,NA,NA,NA,NA,NA,NA,,NA,NA,NA,NA,NA,NA,NA,NA,NA,NA,NA,NA,NA,NA,NA,NA,NA,NA,NA,NA,NA,NA,NA,NA,,NA,NA,NA,NA,NA,NA,NA,NA,NA,NA,NA,NA,NA,NA,NA,NA,NA,NA,NA,NA,NA,NA,NA,NA,NA,,NA,NA,NA,NA,NA,NA,NA,NA,NA,NA,NA,Markham,Spermacoce verticillata,Spermacoce verticillata | Strymon istapa
Phoebis philea,http://www.inaturalist.org/observations/2615720,Noelle,Salvia,coccinea,Toni,100%,Thomas,NA,NA,NA,NA,NA,NA,NA,NA,NA,NA,NA,NA,NA,NA,NA,,NA,NA,NA,NA,NA,NA,NA,NA,NA,NA,NA,NA,NA,NA,NA,NA,NA,NA,NA,NA,NA,NA,NA,NA,,NA,NA,NA,NA,NA,NA,NA,NA,NA,NA,NA,NA,NA,NA,NA,NA,NA,NA,NA,NA,NA,NA,NA,NA,NA,,NA,NA,NA,NA,NA,NA,NA,NA,NA,NA,NA,Markham,Salvia coccinea,Salvia coccinea | Phoebis philea
Dione vanillae,http://www.inaturalist.org/observations/2615721,Noelle,Symphyotichum,simmondsii,Lange,100%,Thomas,NA,NA,NA,NA,NA,NA,NA,NA,NA,NA,NA,NA,NA,NA,NA,,NA,NA,NA,NA,NA,NA,NA,NA,NA,NA,NA,NA,NA,NA,NA,NA,NA,NA,NA,NA,NA,NA,NA,NA,,NA,NA,NA,NA,NA,NA,NA,NA,NA,NA,NA,NA,NA,NA,NA,NA,NA,NA,NA,NA,NA,NA,NA,NA,NA,,NA,NA,NA,NA,NA,NA,NA,NA,NA,NA,NA,Markham,Symphyotichum simmondsii,Symphyotichum simmondsii | Dione vanillae
Heliconius charithonia,http://www.inaturalist.org/observations/2615722,Noelle,Bidens,alba,Toni,100%,Thomas,NA,NA,NA,NA,NA,NA,NA,NA,NA,NA,NA,NA,NA,NA,NA,,NA,NA,NA,NA,NA,NA,NA,NA,NA,NA,NA,NA,NA,NA,NA,NA,NA,NA,NA,NA,NA,NA,NA,NA,,NA,NA,NA,NA,NA,NA,NA,NA,NA,NA,NA,NA,NA,NA,NA,NA,NA,NA,NA,NA,NA,NA,NA,NA,NA,,NA,NA,NA,NA,NA,NA,NA,NA,NA,NA,NA,Markham,Bidens alba,Bidens alba | Heliconius charithonia
Dryas iulia,http://www.inaturalist.org/observations/2615723,Noelle,Bidens,alba,Toni,100%,Thomas,NA,NA,NA,NA,NA,NA,NA,NA,NA,NA,NA,NA,NA,NA,NA,,NA,NA,NA,NA,NA,NA,NA,NA,NA,NA,NA,NA,NA,NA,NA,NA,NA,NA,NA,NA,NA,NA,NA,NA,,NA,NA,NA,NA,NA,NA,NA,NA,NA,NA,NA,NA,NA,NA,NA,NA,NA,NA,NA,NA,NA,NA,NA,NA,NA,,NA,NA,NA,NA,NA,NA,NA,NA,NA,NA,NA,Markham,Bidens alba,Bidens alba | Dryas iulia
Dryas iulia,http://www.inaturalist.org/observations/2615816,Thomas,Bidens,alba,Toni,100%,NA,NA,NA,NA,NA,NA,NA,NA,NA,NA,NA,NA,NA,NA,NA,NA,,NA,NA,NA,NA,NA,NA,NA,NA,NA,NA,NA,NA,NA,NA,NA,NA,NA,NA,NA,NA,NA,NA,NA,NA,,NA,NA,NA,NA,NA,NA,NA,NA,NA,NA,NA,NA,NA,NA,NA,NA,NA,NA,NA,NA,NA,NA,NA,NA,NA,,NA,NA,NA,NA,NA,NA,NA,NA,NA,NA,NA,Markham,Bidens alba,Bidens alba | Dryas iulia
Burnsius oileus,http://www.inaturalist.org/observations/2712040,Noelle,Ludwigia,octovalvis,Toni,100%,Thomas,NA,NA,NA,NA,NA,NA,NA,NA,NA,NA,NA,NA,NA,NA,NA,,NA,NA,NA,NA,NA,NA,NA,NA,NA,NA,NA,NA,NA,NA,NA,NA,NA,NA,NA,NA,NA,NA,NA,NA,,NA,NA,NA,NA,NA,NA,NA,NA,NA,NA,NA,NA,NA,NA,NA,NA,NA,NA,NA,NA,NA,NA,NA,NA,NA,,NA,NA,NA,NA,NA,NA,NA,NA,NA,NA,NA,Markham,Ludwigia octovalvis,Ludwigia octovalvis | Burnsius oileus
Phoebis sennae,http://www.inaturalist.org/observations/2712041,Noelle,Salvia,coccinea,Toni,100%,Thomas,NA,NA,NA,NA,NA,NA,NA,NA,NA,NA,NA,NA,NA,NA,NA,,NA,NA,NA,NA,NA,NA,NA,NA,NA,NA,NA,NA,NA,NA,NA,NA,NA,NA,NA,NA,NA,NA,NA,NA,,NA,NA,NA,NA,NA,NA,NA,NA,NA,NA,NA,NA,NA,NA,NA,NA,NA,NA,NA,NA,NA,NA,NA,NA,NA,,NA,NA,NA,NA,NA,NA,NA,NA,NA,NA,NA,Markham,Salvia coccinea,Salvia coccinea | Phoebis sennae
Dryas iulia,http://www.inaturalist.org/observations/3368030,Noelle,Bidens,alba,Toni,>80%,Thomas,NA,NA,NA,NA,NA,NA,NA,NA,NA,NA,NA,NA,NA,NA,NA,,NA,NA,NA,NA,NA,NA,NA,NA,NA,NA,NA,NA,NA,NA,NA,NA,NA,NA,NA,NA,NA,NA,NA,NA,,NA,NA,NA,NA,NA,NA,NA,NA,NA,NA,NA,NA,NA,NA,NA,NA,NA,NA,NA,NA,NA,NA,NA,NA,NA,,NA,NA,NA,NA,NA,NA,NA,NA,NA,NA,NA,Markham,Bidens alba,Bidens alba | Dryas iulia
Heliconius charithonia,http://www.inaturalist.org/observations/3370320,Noelle,Lantana,strigocamara,Toni,100%,Thomas,NA,NA,NA,NA,NA,NA,NA,NA,NA,NA,NA,NA,NA,NA,NA,,NA,NA,NA,NA,NA,NA,NA,NA,NA,NA,NA,NA,NA,NA,NA,NA,NA,NA,NA,NA,NA,NA,NA,NA,,NA,NA,NA,NA,NA,NA,NA,NA,NA,NA,NA,NA,NA,NA,NA,NA,NA,NA,NA,NA,NA,NA,NA,NA,NA,,NA,NA,NA,NA,NA,NA,NA,NA,NA,NA,NA,Markham,Lantana strigocamara,Lantana strigocamara | Heliconius charithonia
Thorybes dorantes,http://www.inaturalist.org/observations/3438365,Noelle,Waltheria,indica,Toni,100%,Thomas,NA,NA,NA,NA,NA,NA,NA,NA,NA,NA,NA,NA,NA,NA,NA,,NA,NA,NA,NA,NA,NA,NA,NA,NA,NA,NA,NA,NA,NA,NA,NA,NA,NA,NA,NA,NA,NA,NA,NA,,NA,NA,NA,NA,NA,NA,NA,NA,NA,NA,NA,NA,NA,NA,NA,NA,NA,NA,NA,NA,NA,NA,NA,NA,NA,,NA,NA,NA,NA,NA,NA,NA,NA,NA,NA,NA,Markham,Waltheria indica,Waltheria indica | Thorybes dorantes
Leptotes cassius,http://www.inaturalist.org/observations/3776414,Noelle,Bidens,alba,Toni,100%,Thomas,NA,NA,NA,NA,NA,NA,NA,NA,NA,NA,NA,NA,NA,NA,NA,,NA,NA,NA,NA,NA,NA,NA,NA,NA,NA,NA,NA,NA,NA,NA,NA,NA,NA,NA,NA,NA,NA,NA,NA,,NA,NA,NA,NA,NA,NA,NA,NA,NA,NA,NA,NA,NA,NA,NA,NA,NA,NA,NA,NA,NA,NA,NA,NA,NA,,NA,NA,NA,NA,NA,NA,NA,NA,NA,NA,NA,Markham,Bidens alba,Bidens alba | Leptotes cassius
Danaus plexippus,http://www.inaturalist.org/observations/4048106,Noelle,Bidens,alba,Jake,100%,Thomas,20161942,06e56377-6599-4bb3-949d-13d0b2f4601b,1711,taxon,Associated species with names lookup,Associated species with names lookup,1095846,1095846,NA,1174034,1095846,1095846,species,10,47126,,TRUE,1095846,Bidens alba,50204,48460/47126/211194/47125/47124/47605/47604/632790/568277/50204,"48460,47126,211194,47125,47124,47605,47604,632790,568277,50204,1095846",FALSE,FALSE,2020-06-05T17:31:55+00:00,4,2,91756,FALSE,91756,NA,30122,NA,https://en.wikipedia.org/wiki/Bidens_alba,Plantae,White beggarticks,86500140,cc0,"no rights reserved, uploaded by 葉子",https://inaturalist-open-data.s3.amazonaws.com/photos/86500140/square.jpeg,,葉子,https://inaturalist-open-data.s3.amazonaws.com/photos/86500140/square.jpeg,https://inaturalist-open-data.s3.amazonaws.com/photos/86500140/medium.jpeg,1536,2048,3,0,1174034,natev,FALSE,FALSE,2018-08-30T19:47:46+00:00,natev,natev,Nate Venarske,Nate Venarske,NA,https://static.inaturalist.org/attachments/users/icons/1174034/thumb.jpg?1535765110,10926,424239,8,435173,3524,133797,10926,,1,https://static.inaturalist.org/attachments/users/icons/1174034/medium.jpg?1535765110,NA,NA,NA,NA,NA,NA,NA,NA,NA,Markham,Bidens alba,Bidens alba | Danaus plexippus
Syntomeida epilais,http://www.inaturalist.org/observations/4126513,Noelle,Cestrum,diurnum,Toni,100%,Thomas,NA,NA,NA,NA,NA,NA,NA,NA,NA,NA,NA,NA,NA,NA,NA,,NA,NA,NA,NA,NA,NA,NA,NA,NA,NA,NA,NA,NA,NA,NA,NA,NA,NA,NA,NA,NA,NA,NA,NA,,NA,NA,NA,NA,NA,NA,NA,NA,NA,NA,NA,NA,NA,NA,NA,NA,NA,NA,NA,NA,NA,NA,NA,NA,NA,,NA,NA,NA,NA,NA,NA,NA,NA,NA,NA,NA,Markham,Cestrum diurnum,Cestrum diurnum | Syntomeida epilais
Pontia protodice,https://www.inaturalist.org/observations/6230767,Noelle,Bidens,alba,Toni,100%,Thomas,NA,NA,NA,NA,NA,NA,NA,NA,NA,NA,NA,NA,NA,NA,NA,,NA,NA,NA,NA,NA,NA,NA,NA,NA,NA,NA,NA,NA,NA,NA,NA,NA,NA,NA,NA,NA,NA,NA,NA,,NA,NA,NA,NA,NA,NA,NA,NA,NA,NA,NA,NA,NA,NA,NA,NA,NA,NA,NA,NA,NA,NA,NA,NA,NA,,NA,NA,NA,NA,NA,NA,NA,NA,NA,NA,NA,Markham,Bidens alba,Bidens alba | Pontia protodice
Leptotes cassius,https://www.inaturalist.org/observations/8887801,Thomas,Bidens,alba,Toni,100%,NA,NA,NA,NA,NA,NA,NA,NA,NA,NA,NA,NA,NA,NA,NA,NA,,NA,NA,NA,NA,NA,NA,NA,NA,NA,NA,NA,NA,NA,NA,NA,NA,NA,NA,NA,NA,NA,NA,NA,NA,,NA,NA,NA,NA,NA,NA,NA,NA,NA,NA,NA,NA,NA,NA,NA,NA,NA,NA,NA,NA,NA,NA,NA,NA,NA,,NA,NA,NA,NA,NA,NA,NA,NA,NA,NA,NA,Highlands Scrub,Bidens alba,Bidens alba | Leptotes cassius
Danaus gilippus,https://www.inaturalist.org/observations/9633228,Tessa,Bidens,alba,Jake,100%,Thomas,NA,NA,NA,NA,NA,NA,NA,NA,NA,NA,NA,NA,NA,NA,NA,,NA,NA,NA,NA,NA,NA,NA,NA,NA,NA,NA,NA,NA,NA,NA,NA,NA,NA,NA,NA,NA,NA,NA,NA,,NA,NA,NA,NA,NA,NA,NA,NA,NA,NA,NA,NA,NA,NA,NA,NA,NA,NA,NA,NA,NA,NA,NA,NA,NA,,NA,NA,NA,NA,NA,NA,NA,NA,NA,NA,NA,Long Key,Bidens alba,Bidens alba | Danaus gilippus
Danaus gilippus,https://www.inaturalist.org/observations/9633612,Tessa,Richardia,grandiflora,Jake,100%,Thomas,NA,NA,NA,NA,NA,NA,NA,NA,NA,NA,NA,NA,NA,NA,NA,,NA,NA,NA,NA,NA,NA,NA,NA,NA,NA,NA,NA,NA,NA,NA,NA,NA,NA,NA,NA,NA,NA,NA,NA,,NA,NA,NA,NA,NA,NA,NA,NA,NA,NA,NA,NA,NA,NA,NA,NA,NA,NA,NA,NA,NA,NA,NA,NA,NA,,NA,NA,NA,NA,NA,NA,NA,NA,NA,NA,NA,Long Key,Richardia grandiflora,Richardia grandiflora | Danaus gilippus
Papilio palamedes,https://www.inaturalist.org/observations/9919906,Tessa,Richardia,grandiflora,Jake,100%,Thomas,NA,NA,NA,NA,NA,NA,NA,NA,NA,NA,NA,NA,NA,NA,NA,,NA,NA,NA,NA,NA,NA,NA,NA,NA,NA,NA,NA,NA,NA,NA,NA,NA,NA,NA,NA,NA,NA,NA,NA,,NA,NA,NA,NA,NA,NA,NA,NA,NA,NA,NA,NA,NA,NA,NA,NA,NA,NA,NA,NA,NA,NA,NA,NA,NA,,NA,NA,NA,NA,NA,NA,NA,NA,NA,NA,NA,Long Key,Richardia grandiflora,Richardia grandiflora | Papilio palamedes
Eurema daira,https://www.inaturalist.org/observations/10072295,Thomas,Spermacoce,verticillata,Toni,100%,NA,NA,NA,NA,NA,NA,NA,NA,NA,NA,NA,NA,NA,NA,NA,NA,,NA,NA,NA,NA,NA,NA,NA,NA,NA,NA,NA,NA,NA,NA,NA,NA,NA,NA,NA,NA,NA,NA,NA,NA,,NA,NA,NA,NA,NA,NA,NA,NA,NA,NA,NA,NA,NA,NA,NA,NA,NA,NA,NA,NA,NA,NA,NA,NA,NA,,NA,NA,NA,NA,NA,NA,NA,NA,NA,NA,NA,CB Smith,Spermacoce verticillata,Spermacoce verticillata | Eurema daira
Apis mellifera,https://www.inaturalist.org/observations/10073733,Thomas,Spermacoce,verticillata,Toni,100%,NA,NA,NA,NA,NA,NA,NA,NA,NA,NA,NA,NA,NA,NA,NA,NA,,NA,NA,NA,NA,NA,NA,NA,NA,NA,NA,NA,NA,NA,NA,NA,NA,NA,NA,NA,NA,NA,NA,NA,NA,,NA,NA,NA,NA,NA,NA,NA,NA,NA,NA,NA,NA,NA,NA,NA,NA,NA,NA,NA,NA,NA,NA,NA,NA,NA,,NA,NA,NA,NA,NA,NA,NA,NA,NA,NA,NA,CB Smith,Spermacoce verticillata,Spermacoce verticillata | Apis mellifera
Epipagis forsythae,https://www.inaturalist.org/observations/10073873,Thomas,Spermacoce,verticillata,Toni,100%,NA,NA,NA,NA,NA,NA,NA,NA,NA,NA,NA,NA,NA,NA,NA,NA,,NA,NA,NA,NA,NA,NA,NA,NA,NA,NA,NA,NA,NA,NA,NA,NA,NA,NA,NA,NA,NA,NA,NA,NA,,NA,NA,NA,NA,NA,NA,NA,NA,NA,NA,NA,NA,NA,NA,NA,NA,NA,NA,NA,NA,NA,NA,NA,NA,NA,,NA,NA,NA,NA,NA,NA,NA,NA,NA,NA,NA,CB Smith,Spermacoce verticillata,Spermacoce verticillata | Epipagis forsythae
Dryas iulia,https://www.inaturalist.org/observations/13285757,Noelle,Bidens,alba,Toni,100%,Thomas,NA,NA,NA,NA,NA,NA,NA,NA,NA,NA,NA,NA,NA,NA,NA,,NA,NA,NA,NA,NA,NA,NA,NA,NA,NA,NA,NA,NA,NA,NA,NA,NA,NA,NA,NA,NA,NA,NA,NA,,NA,NA,NA,NA,NA,NA,NA,NA,NA,NA,NA,NA,NA,NA,NA,NA,NA,NA,NA,NA,NA,NA,NA,NA,NA,,NA,NA,NA,NA,NA,NA,NA,NA,NA,NA,NA,Markham,Bidens alba,Bidens alba | Dryas iulia
Hylephila phyleus,https://www.inaturalist.org/observations/15120320,Thomas,Bidens,alba,Toni,100%,NA,NA,NA,NA,NA,NA,NA,NA,NA,NA,NA,NA,NA,NA,NA,NA,,NA,NA,NA,NA,NA,NA,NA,NA,NA,NA,NA,NA,NA,NA,NA,NA,NA,NA,NA,NA,NA,NA,NA,NA,,NA,NA,NA,NA,NA,NA,NA,NA,NA,NA,NA,NA,NA,NA,NA,NA,NA,NA,NA,NA,NA,NA,NA,NA,NA,,NA,NA,NA,NA,NA,NA,NA,NA,NA,NA,NA,Quiet Waters,Bidens alba,Bidens alba | Hylephila phyleus
Syngamia florella,https://www.inaturalist.org/observations/15125340,Noelle,Bidens,alba,Toni,100%,Thomas,NA,NA,NA,NA,NA,NA,NA,NA,NA,NA,NA,NA,NA,NA,NA,,NA,NA,NA,NA,NA,NA,NA,NA,NA,NA,NA,NA,NA,NA,NA,NA,NA,NA,NA,NA,NA,NA,NA,NA,,NA,NA,NA,NA,NA,NA,NA,NA,NA,NA,NA,NA,NA,NA,NA,NA,NA,NA,NA,NA,NA,NA,NA,NA,NA,,NA,NA,NA,NA,NA,NA,NA,NA,NA,NA,NA,Markham,Bidens alba,Bidens alba | Syngamia florella
Syngamia florella,https://www.inaturalist.org/observations/15353129,Thomas,Bidens,alba,Toni,100%,NA,NA,NA,NA,NA,NA,NA,NA,NA,NA,NA,NA,NA,NA,NA,NA,,NA,NA,NA,NA,NA,NA,NA,NA,NA,NA,NA,NA,NA,NA,NA,NA,NA,NA,NA,NA,NA,NA,NA,NA,,NA,NA,NA,NA,NA,NA,NA,NA,NA,NA,NA,NA,NA,NA,NA,NA,NA,NA,NA,NA,NA,NA,NA,NA,NA,,NA,NA,NA,NA,NA,NA,NA,NA,NA,NA,NA,Quiet Waters,Bidens alba,Bidens alba | Syngamia florella
Danaus gilippus,https://www.inaturalist.org/observations/15702381,Noelle,Bidens,alba,Toni,100%,Thomas,NA,NA,NA,NA,NA,NA,NA,NA,NA,NA,NA,NA,NA,NA,NA,,NA,NA,NA,NA,NA,NA,NA,NA,NA,NA,NA,NA,NA,NA,NA,NA,NA,NA,NA,NA,NA,NA,NA,NA,,NA,NA,NA,NA,NA,NA,NA,NA,NA,NA,NA,NA,NA,NA,NA,NA,NA,NA,NA,NA,NA,NA,NA,NA,NA,,NA,NA,NA,NA,NA,NA,NA,NA,NA,NA,NA,Markham,Bidens alba,Bidens alba | Danaus gilippus
Heliconius charithonia,https://www.inaturalist.org/observations/15702385,Noelle,Hamelia,patens,Toni,100%,Thomas,NA,NA,NA,NA,NA,NA,NA,NA,NA,NA,NA,NA,NA,NA,NA,,NA,NA,NA,NA,NA,NA,NA,NA,NA,NA,NA,NA,NA,NA,NA,NA,NA,NA,NA,NA,NA,NA,NA,NA,,NA,NA,NA,NA,NA,NA,NA,NA,NA,NA,NA,NA,NA,NA,NA,NA,NA,NA,NA,NA,NA,NA,NA,NA,NA,,NA,NA,NA,NA,NA,NA,NA,NA,NA,NA,NA,Markham,Hamelia patens,Hamelia patens | Heliconius charithonia
Anartia jatrophae,https://www.inaturalist.org/observations/15702391,Noelle,Cuphea,strigulosa,Toni,100%,Thomas,NA,NA,NA,NA,NA,NA,NA,NA,NA,NA,NA,NA,NA,NA,NA,,NA,NA,NA,NA,NA,NA,NA,NA,NA,NA,NA,NA,NA,NA,NA,NA,NA,NA,NA,NA,NA,NA,NA,NA,,NA,NA,NA,NA,NA,NA,NA,NA,NA,NA,NA,NA,NA,NA,NA,NA,NA,NA,NA,NA,NA,NA,NA,NA,NA,,NA,NA,NA,NA,NA,NA,NA,NA,NA,NA,NA,Markham,Cuphea strigulosa,Cuphea strigulosa | Anartia jatrophae
Cymaenes tripunctus,https://www.inaturalist.org/observations/16947054,Tessa,Bidens,alba,Jake,100%,Thomas,NA,NA,NA,NA,NA,NA,NA,NA,NA,NA,NA,NA,NA,NA,NA,,NA,NA,NA,NA,NA,NA,NA,NA,NA,NA,NA,NA,NA,NA,NA,NA,NA,NA,NA,NA,NA,NA,NA,NA,,NA,NA,NA,NA,NA,NA,NA,NA,NA,NA,NA,NA,NA,NA,NA,NA,NA,NA,NA,NA,NA,NA,NA,NA,NA,,NA,NA,NA,NA,NA,NA,NA,NA,NA,NA,NA,Long Key,Bidens alba,Bidens alba | Cymaenes tripunctus
Apis mellifera,https://www.inaturalist.org/observations/20059623,Thomas,Spermacoce,verticillata,Toni,100%,NA,NA,NA,NA,NA,NA,NA,NA,NA,NA,NA,NA,NA,NA,NA,NA,,NA,NA,NA,NA,NA,NA,NA,NA,NA,NA,NA,NA,NA,NA,NA,NA,NA,NA,NA,NA,NA,NA,NA,NA,,NA,NA,NA,NA,NA,NA,NA,NA,NA,NA,NA,NA,NA,NA,NA,NA,NA,NA,NA,NA,NA,NA,NA,NA,NA,,NA,NA,NA,NA,NA,NA,NA,NA,NA,NA,NA,CB Smith,Spermacoce verticillata,Spermacoce verticillata | Apis mellifera
Apis mellifera,https://www.inaturalist.org/observations/21780390,MaryJo,Bidens,alba,Toni,100%,Thomas,NA,NA,NA,NA,NA,NA,NA,NA,NA,NA,NA,NA,NA,NA,NA,,NA,NA,NA,NA,NA,NA,NA,NA,NA,NA,NA,NA,NA,NA,NA,NA,NA,NA,NA,NA,NA,NA,NA,NA,,NA,NA,NA,NA,NA,NA,NA,NA,NA,NA,NA,NA,NA,NA,NA,NA,NA,NA,NA,NA,NA,NA,NA,NA,NA,,NA,NA,NA,NA,NA,NA,NA,NA,NA,NA,NA,Quiet Waters,Bidens alba,Bidens alba | Apis mellifera
Strymon istapa,https://www.inaturalist.org/observations/21786098,MaryJo,Bidens,alba,Toni,100%,Thomas,NA,NA,NA,NA,NA,NA,NA,NA,NA,NA,NA,NA,NA,NA,NA,,NA,NA,NA,NA,NA,NA,NA,NA,NA,NA,NA,NA,NA,NA,NA,NA,NA,NA,NA,NA,NA,NA,NA,NA,,NA,NA,NA,NA,NA,NA,NA,NA,NA,NA,NA,NA,NA,NA,NA,NA,NA,NA,NA,NA,NA,NA,NA,NA,NA,,NA,NA,NA,NA,NA,NA,NA,NA,NA,NA,NA,Quiet Waters,Bidens alba,Bidens alba | Strymon istapa
Strymon istapa,https://www.inaturalist.org/observations/21786231,MaryJo,Bidens,alba,Toni,100%,Thomas,NA,NA,NA,NA,NA,NA,NA,NA,NA,NA,NA,NA,NA,NA,NA,,NA,NA,NA,NA,NA,NA,NA,NA,NA,NA,NA,NA,NA,NA,NA,NA,NA,NA,NA,NA,NA,NA,NA,NA,,NA,NA,NA,NA,NA,NA,NA,NA,NA,NA,NA,NA,NA,NA,NA,NA,NA,NA,NA,NA,NA,NA,NA,NA,NA,,NA,NA,NA,NA,NA,NA,NA,NA,NA,NA,NA,Quiet Waters,Bidens alba,Bidens alba | Strymon istapa
Danaus plexippus,https://www.inaturalist.org/observations/21786537,Thomas,Bidens,alba,Toni,100%,NA,NA,NA,NA,NA,NA,NA,NA,NA,NA,NA,NA,NA,NA,NA,NA,,NA,NA,NA,NA,NA,NA,NA,NA,NA,NA,NA,NA,NA,NA,NA,NA,NA,NA,NA,NA,NA,NA,NA,NA,,NA,NA,NA,NA,NA,NA,NA,NA,NA,NA,NA,NA,NA,NA,NA,NA,NA,NA,NA,NA,NA,NA,NA,NA,NA,,NA,NA,NA,NA,NA,NA,NA,NA,NA,NA,NA,Quiet Waters,Bidens alba,Bidens alba | Danaus plexippus
Euphoria sepulcralis,https://www.inaturalist.org/observations/21786582,MaryJo,Bidens,alba,Toni,100%,Thomas,NA,NA,NA,NA,NA,NA,NA,NA,NA,NA,NA,NA,NA,NA,NA,,NA,NA,NA,NA,NA,NA,NA,NA,NA,NA,NA,NA,NA,NA,NA,NA,NA,NA,NA,NA,NA,NA,NA,NA,,NA,NA,NA,NA,NA,NA,NA,NA,NA,NA,NA,NA,NA,NA,NA,NA,NA,NA,NA,NA,NA,NA,NA,NA,NA,,NA,NA,NA,NA,NA,NA,NA,NA,NA,NA,NA,Quiet Waters,Bidens alba,Bidens alba | Euphoria sepulcralis
Dione vanillae,https://www.inaturalist.org/observations/21786622,MaryJo,Richardia,grandiflora,Toni,100%,Thomas,NA,NA,NA,NA,NA,NA,NA,NA,NA,NA,NA,NA,NA,NA,NA,,NA,NA,NA,NA,NA,NA,NA,NA,NA,NA,NA,NA,NA,NA,NA,NA,NA,NA,NA,NA,NA,NA,NA,NA,,NA,NA,NA,NA,NA,NA,NA,NA,NA,NA,NA,NA,NA,NA,NA,NA,NA,NA,NA,NA,NA,NA,NA,NA,NA,,NA,NA,NA,NA,NA,NA,NA,NA,NA,NA,NA,Quiet Waters,Richardia grandiflora,Richardia grandiflora | Dione vanillae
Asbolis capucinus,https://www.inaturalist.org/observations/21786826,MaryJo,Salvia,coccinea,Toni,100%,Thomas,NA,NA,NA,NA,NA,NA,NA,NA,NA,NA,NA,NA,NA,NA,NA,,NA,NA,NA,NA,NA,NA,NA,NA,NA,NA,NA,NA,NA,NA,NA,NA,NA,NA,NA,NA,NA,NA,NA,NA,,NA,NA,NA,NA,NA,NA,NA,NA,NA,NA,NA,NA,NA,NA,NA,NA,NA,NA,NA,NA,NA,NA,NA,NA,NA,,NA,NA,NA,NA,NA,NA,NA,NA,NA,NA,NA,Quiet Waters,Salvia coccinea,Salvia coccinea | Asbolis capucinus
Strymon istapa,https://www.inaturalist.org/observations/21787159,MaryJo,Bidens,alba,Toni,100%,Thomas,NA,NA,NA,NA,NA,NA,NA,NA,NA,NA,NA,NA,NA,NA,NA,,NA,NA,NA,NA,NA,NA,NA,NA,NA,NA,NA,NA,NA,NA,NA,NA,NA,NA,NA,NA,NA,NA,NA,NA,,NA,NA,NA,NA,NA,NA,NA,NA,NA,NA,NA,NA,NA,NA,NA,NA,NA,NA,NA,NA,NA,NA,NA,NA,NA,,NA,NA,NA,NA,NA,NA,NA,NA,NA,NA,NA,Quiet Waters,Bidens alba,Bidens alba | Strymon istapa
Asbolis capucinus,https://www.inaturalist.org/observations/21787161,MaryJo,Salvia,coccinea,Toni,100%,Thomas,NA,NA,NA,NA,NA,NA,NA,NA,NA,NA,NA,NA,NA,NA,NA,,NA,NA,NA,NA,NA,NA,NA,NA,NA,NA,NA,NA,NA,NA,NA,NA,NA,NA,NA,NA,NA,NA,NA,NA,,NA,NA,NA,NA,NA,NA,NA,NA,NA,NA,NA,NA,NA,NA,NA,NA,NA,NA,NA,NA,NA,NA,NA,NA,NA,,NA,NA,NA,NA,NA,NA,NA,NA,NA,NA,NA,Quiet Waters,Salvia coccinea,Salvia coccinea | Asbolis capucinus
Anartia jatrophae,https://www.inaturalist.org/observations/21787873,MaryJo,Richardia,grandiflora,Toni,100%,Thomas,NA,NA,NA,NA,NA,NA,NA,NA,NA,NA,NA,NA,NA,NA,NA,,NA,NA,NA,NA,NA,NA,NA,NA,NA,NA,NA,NA,NA,NA,NA,NA,NA,NA,NA,NA,NA,NA,NA,NA,,NA,NA,NA,NA,NA,NA,NA,NA,NA,NA,NA,NA,NA,NA,NA,NA,NA,NA,NA,NA,NA,NA,NA,NA,NA,,NA,NA,NA,NA,NA,NA,NA,NA,NA,NA,NA,Quiet Waters,Richardia grandiflora,Richardia grandiflora | Anartia jatrophae
Strymon istapa,https://www.inaturalist.org/observations/21787884,MaryJo,Varronia,bullata,Toni,100%,Thomas,NA,NA,NA,NA,NA,NA,NA,NA,NA,NA,NA,NA,NA,NA,NA,,NA,NA,NA,NA,NA,NA,NA,NA,NA,NA,NA,NA,NA,NA,NA,NA,NA,NA,NA,NA,NA,NA,NA,NA,,NA,NA,NA,NA,NA,NA,NA,NA,NA,NA,NA,NA,NA,NA,NA,NA,NA,NA,NA,NA,NA,NA,NA,NA,NA,,NA,NA,NA,NA,NA,NA,NA,NA,NA,NA,NA,Quiet Waters,Varronia bullata,Varronia bullata | Strymon istapa
Strymon istapa,https://www.inaturalist.org/observations/21787997,MaryJo,Varronia,bullata,Toni,100%,Thomas,NA,NA,NA,NA,NA,NA,NA,NA,NA,NA,NA,NA,NA,NA,NA,,NA,NA,NA,NA,NA,NA,NA,NA,NA,NA,NA,NA,NA,NA,NA,NA,NA,NA,NA,NA,NA,NA,NA,NA,,NA,NA,NA,NA,NA,NA,NA,NA,NA,NA,NA,NA,NA,NA,NA,NA,NA,NA,NA,NA,NA,NA,NA,NA,NA,,NA,NA,NA,NA,NA,NA,NA,NA,NA,NA,NA,Quiet Waters,Varronia bullata,Varronia bullata | Strymon istapa
Erynnis horatius,https://www.inaturalist.org/observations/21792106,MaryJo,Stachytarpheta,jamaicensis,Toni,100%,Thomas,NA,NA,NA,NA,NA,NA,NA,NA,NA,NA,NA,NA,NA,NA,NA,,NA,NA,NA,NA,NA,NA,NA,NA,NA,NA,NA,NA,NA,NA,NA,NA,NA,NA,NA,NA,NA,NA,NA,NA,,NA,NA,NA,NA,NA,NA,NA,NA,NA,NA,NA,NA,NA,NA,NA,NA,NA,NA,NA,NA,NA,NA,NA,NA,NA,,NA,NA,NA,NA,NA,NA,NA,NA,NA,NA,NA,Quiet Waters,Stachytarpheta jamaicensis,Stachytarpheta jamaicensis | Erynnis horatius
Strymon istapa,https://www.inaturalist.org/observations/21859716,MaryJo,Varronia,bullata,Toni,100%,Thomas,NA,NA,NA,NA,NA,NA,NA,NA,NA,NA,NA,NA,NA,NA,NA,,NA,NA,NA,NA,NA,NA,NA,NA,NA,NA,NA,NA,NA,NA,NA,NA,NA,NA,NA,NA,NA,NA,NA,NA,,NA,NA,NA,NA,NA,NA,NA,NA,NA,NA,NA,NA,NA,NA,NA,NA,NA,NA,NA,NA,NA,NA,NA,NA,NA,,NA,NA,NA,NA,NA,NA,NA,NA,NA,NA,NA,Quiet Waters,Varronia bullata,Varronia bullata | Strymon istapa
Dione vanillae,https://www.inaturalist.org/observations/21947672,MaryJo,Salvia,coccinea,Toni,100%,Thomas,NA,NA,NA,NA,NA,NA,NA,NA,NA,NA,NA,NA,NA,NA,NA,,NA,NA,NA,NA,NA,NA,NA,NA,NA,NA,NA,NA,NA,NA,NA,NA,NA,NA,NA,NA,NA,NA,NA,NA,,NA,NA,NA,NA,NA,NA,NA,NA,NA,NA,NA,NA,NA,NA,NA,NA,NA,NA,NA,NA,NA,NA,NA,NA,NA,,NA,NA,NA,NA,NA,NA,NA,NA,NA,NA,NA,Quiet Waters,Salvia coccinea,Salvia coccinea | Dione vanillae
Hylephila phyleus,https://www.inaturalist.org/observations/22121029,MaryJo,Bidens,alba,Toni,100%,Thomas,NA,NA,NA,NA,NA,NA,NA,NA,NA,NA,NA,NA,NA,NA,NA,,NA,NA,NA,NA,NA,NA,NA,NA,NA,NA,NA,NA,NA,NA,NA,NA,NA,NA,NA,NA,NA,NA,NA,NA,,NA,NA,NA,NA,NA,NA,NA,NA,NA,NA,NA,NA,NA,NA,NA,NA,NA,NA,NA,NA,NA,NA,NA,NA,NA,,NA,NA,NA,NA,NA,NA,NA,NA,NA,NA,NA,Quiet Waters,Bidens alba,Bidens alba | Hylephila phyleus
Syngamia florella,https://www.inaturalist.org/observations/22121032,MaryJo,Bidens,alba,Toni,100%,Thomas,NA,NA,NA,NA,NA,NA,NA,NA,NA,NA,NA,NA,NA,NA,NA,,NA,NA,NA,NA,NA,NA,NA,NA,NA,NA,NA,NA,NA,NA,NA,NA,NA,NA,NA,NA,NA,NA,NA,NA,,NA,NA,NA,NA,NA,NA,NA,NA,NA,NA,NA,NA,NA,NA,NA,NA,NA,NA,NA,NA,NA,NA,NA,NA,NA,,NA,NA,NA,NA,NA,NA,NA,NA,NA,NA,NA,Quiet Waters,Bidens alba,Bidens alba | Syngamia florella
Burnsius oileus,https://www.inaturalist.org/observations/22121036,MaryJo,Richardia,grandiflora,Toni,100%,Thomas,NA,NA,NA,NA,NA,NA,NA,NA,NA,NA,NA,NA,NA,NA,NA,,NA,NA,NA,NA,NA,NA,NA,NA,NA,NA,NA,NA,NA,NA,NA,NA,NA,NA,NA,NA,NA,NA,NA,NA,,NA,NA,NA,NA,NA,NA,NA,NA,NA,NA,NA,NA,NA,NA,NA,NA,NA,NA,NA,NA,NA,NA,NA,NA,NA,,NA,NA,NA,NA,NA,NA,NA,NA,NA,NA,NA,Quiet Waters,Richardia grandiflora,Richardia grandiflora | Burnsius oileus
Heliconius charithonia,https://www.inaturalist.org/observations/22121037,MaryJo,Bidens,alba,Toni,100%,Thomas,NA,NA,NA,NA,NA,NA,NA,NA,NA,NA,NA,NA,NA,NA,NA,,NA,NA,NA,NA,NA,NA,NA,NA,NA,NA,NA,NA,NA,NA,NA,NA,NA,NA,NA,NA,NA,NA,NA,NA,,NA,NA,NA,NA,NA,NA,NA,NA,NA,NA,NA,NA,NA,NA,NA,NA,NA,NA,NA,NA,NA,NA,NA,NA,NA,,NA,NA,NA,NA,NA,NA,NA,NA,NA,NA,NA,Quiet Waters,Bidens alba,Bidens alba | Heliconius charithonia
Erynnis horatius,https://www.inaturalist.org/observations/22121039,MaryJo,Bidens,alba,Toni,100%,Thomas,NA,NA,NA,NA,NA,NA,NA,NA,NA,NA,NA,NA,NA,NA,NA,,NA,NA,NA,NA,NA,NA,NA,NA,NA,NA,NA,NA,NA,NA,NA,NA,NA,NA,NA,NA,NA,NA,NA,NA,,NA,NA,NA,NA,NA,NA,NA,NA,NA,NA,NA,NA,NA,NA,NA,NA,NA,NA,NA,NA,NA,NA,NA,NA,NA,,NA,NA,NA,NA,NA,NA,NA,NA,NA,NA,NA,Quiet Waters,Bidens alba,Bidens alba | Erynnis horatius
Apis mellifera,https://www.inaturalist.org/observations/22121042,MaryJo,Bidens,alba,Toni,100%,Thomas,NA,NA,NA,NA,NA,NA,NA,NA,NA,NA,NA,NA,NA,NA,NA,,NA,NA,NA,NA,NA,NA,NA,NA,NA,NA,NA,NA,NA,NA,NA,NA,NA,NA,NA,NA,NA,NA,NA,NA,,NA,NA,NA,NA,NA,NA,NA,NA,NA,NA,NA,NA,NA,NA,NA,NA,NA,NA,NA,NA,NA,NA,NA,NA,NA,,NA,NA,NA,NA,NA,NA,NA,NA,NA,NA,NA,Quiet Waters,Bidens alba,Bidens alba | Apis mellifera
Anartia jatrophae,https://www.inaturalist.org/observations/22121043,MaryJo,Bidens,alba,Toni,100%,Thomas,NA,NA,NA,NA,NA,NA,NA,NA,NA,NA,NA,NA,NA,NA,NA,,NA,NA,NA,NA,NA,NA,NA,NA,NA,NA,NA,NA,NA,NA,NA,NA,NA,NA,NA,NA,NA,NA,NA,NA,,NA,NA,NA,NA,NA,NA,NA,NA,NA,NA,NA,NA,NA,NA,NA,NA,NA,NA,NA,NA,NA,NA,NA,NA,NA,,NA,NA,NA,NA,NA,NA,NA,NA,NA,NA,NA,Quiet Waters,Bidens alba,Bidens alba | Anartia jatrophae
Eurema daira,https://www.inaturalist.org/observations/22121053,MaryJo,Richardia,grandiflora,Toni,100%,Thomas,NA,NA,NA,NA,NA,NA,NA,NA,NA,NA,NA,NA,NA,NA,NA,,NA,NA,NA,NA,NA,NA,NA,NA,NA,NA,NA,NA,NA,NA,NA,NA,NA,NA,NA,NA,NA,NA,NA,NA,,NA,NA,NA,NA,NA,NA,NA,NA,NA,NA,NA,NA,NA,NA,NA,NA,NA,NA,NA,NA,NA,NA,NA,NA,NA,,NA,NA,NA,NA,NA,NA,NA,NA,NA,NA,NA,Quiet Waters,Richardia grandiflora,Richardia grandiflora | Eurema daira
Thorybes dorantes,https://www.inaturalist.org/observations/22137230,MaryJo,Richardia,grandiflora,Toni,100%,Thomas,NA,NA,NA,NA,NA,NA,NA,NA,NA,NA,NA,NA,NA,NA,NA,,NA,NA,NA,NA,NA,NA,NA,NA,NA,NA,NA,NA,NA,NA,NA,NA,NA,NA,NA,NA,NA,NA,NA,NA,,NA,NA,NA,NA,NA,NA,NA,NA,NA,NA,NA,NA,NA,NA,NA,NA,NA,NA,NA,NA,NA,NA,NA,NA,NA,,NA,NA,NA,NA,NA,NA,NA,NA,NA,NA,NA,Quiet Waters,Richardia grandiflora,Richardia grandiflora | Thorybes dorantes
Urbanus proteus,https://www.inaturalist.org/observations/22137279,MaryJo,Varronia,bullata,Toni,100%,Thomas,NA,NA,NA,NA,NA,NA,NA,NA,NA,NA,NA,NA,NA,NA,NA,,NA,NA,NA,NA,NA,NA,NA,NA,NA,NA,NA,NA,NA,NA,NA,NA,NA,NA,NA,NA,NA,NA,NA,NA,,NA,NA,NA,NA,NA,NA,NA,NA,NA,NA,NA,NA,NA,NA,NA,NA,NA,NA,NA,NA,NA,NA,NA,NA,NA,,NA,NA,NA,NA,NA,NA,NA,NA,NA,NA,NA,Quiet Waters,Varronia bullata,Varronia bullata | Urbanus proteus
Heliconius charithonia,https://www.inaturalist.org/observations/22935997,Noelle,Bidens,alba,Toni,100%,Thomas,NA,NA,NA,NA,NA,NA,NA,NA,NA,NA,NA,NA,NA,NA,NA,,NA,NA,NA,NA,NA,NA,NA,NA,NA,NA,NA,NA,NA,NA,NA,NA,NA,NA,NA,NA,NA,NA,NA,NA,,NA,NA,NA,NA,NA,NA,NA,NA,NA,NA,NA,NA,NA,NA,NA,NA,NA,NA,NA,NA,NA,NA,NA,NA,NA,,NA,NA,NA,NA,NA,NA,NA,NA,NA,NA,NA,Markham,Bidens alba,Bidens alba | Heliconius charithonia
Heraclides cresphontes,https://www.inaturalist.org/observations/23956448,Tessa,Psychotria,nervosa,Jake,100%,Thomas,NA,NA,NA,NA,NA,NA,NA,NA,NA,NA,NA,NA,NA,NA,NA,,NA,NA,NA,NA,NA,NA,NA,NA,NA,NA,NA,NA,NA,NA,NA,NA,NA,NA,NA,NA,NA,NA,NA,NA,,NA,NA,NA,NA,NA,NA,NA,NA,NA,NA,NA,NA,NA,NA,NA,NA,NA,NA,NA,NA,NA,NA,NA,NA,NA,,NA,NA,NA,NA,NA,NA,NA,NA,NA,NA,NA,Long Key,Psychotria nervosa,Psychotria nervosa | Heraclides cresphontes
Dryas iulia,https://www.inaturalist.org/observations/23961864,Tessa,Bidens,alba,Jake,100%,Thomas,NA,NA,NA,NA,NA,NA,NA,NA,NA,NA,NA,NA,NA,NA,NA,,NA,NA,NA,NA,NA,NA,NA,NA,NA,NA,NA,NA,NA,NA,NA,NA,NA,NA,NA,NA,NA,NA,NA,NA,,NA,NA,NA,NA,NA,NA,NA,NA,NA,NA,NA,NA,NA,NA,NA,NA,NA,NA,NA,NA,NA,NA,NA,NA,NA,,NA,NA,NA,NA,NA,NA,NA,NA,NA,NA,NA,Long Key,Bidens alba,Bidens alba | Dryas iulia
Marpesia petreus,https://www.inaturalist.org/observations/23962595,Tessa,Bidens,alba,Jake,100%,Thomas,NA,NA,NA,NA,NA,NA,NA,NA,NA,NA,NA,NA,NA,NA,NA,,NA,NA,NA,NA,NA,NA,NA,NA,NA,NA,NA,NA,NA,NA,NA,NA,NA,NA,NA,NA,NA,NA,NA,NA,,NA,NA,NA,NA,NA,NA,NA,NA,NA,NA,NA,NA,NA,NA,NA,NA,NA,NA,NA,NA,NA,NA,NA,NA,NA,,NA,NA,NA,NA,NA,NA,NA,NA,NA,NA,NA,Long Key,Bidens alba,Bidens alba | Marpesia petreus
Hylephila phyleus,https://www.inaturalist.org/observations/23969981,Tessa,Richardia,grandiflora,Jake,100%,Thomas,NA,NA,NA,NA,NA,NA,NA,NA,NA,NA,NA,NA,NA,NA,NA,,NA,NA,NA,NA,NA,NA,NA,NA,NA,NA,NA,NA,NA,NA,NA,NA,NA,NA,NA,NA,NA,NA,NA,NA,,NA,NA,NA,NA,NA,NA,NA,NA,NA,NA,NA,NA,NA,NA,NA,NA,NA,NA,NA,NA,NA,NA,NA,NA,NA,,NA,NA,NA,NA,NA,NA,NA,NA,NA,NA,NA,Long Key,Richardia grandiflora,Richardia grandiflora | Hylephila phyleus
Erynnis horatius,https://www.inaturalist.org/observations/26161676,Noelle,Bidens,alba,Toni,100%,Thomas,NA,NA,NA,NA,NA,NA,NA,NA,NA,NA,NA,NA,NA,NA,NA,,NA,NA,NA,NA,NA,NA,NA,NA,NA,NA,NA,NA,NA,NA,NA,NA,NA,NA,NA,NA,NA,NA,NA,NA,,NA,NA,NA,NA,NA,NA,NA,NA,NA,NA,NA,NA,NA,NA,NA,NA,NA,NA,NA,NA,NA,NA,NA,NA,NA,,NA,NA,NA,NA,NA,NA,NA,NA,NA,NA,NA,Markham,Bidens alba,Bidens alba | Erynnis horatius
Pyrausta tyralis,https://www.inaturalist.org/observations/27278964,Thomas,Richardia,grandiflora,Toni,100%,NA,NA,NA,NA,NA,NA,NA,NA,NA,NA,NA,NA,NA,NA,NA,NA,,NA,NA,NA,NA,NA,NA,NA,NA,NA,NA,NA,NA,NA,NA,NA,NA,NA,NA,NA,NA,NA,NA,NA,NA,,NA,NA,NA,NA,NA,NA,NA,NA,NA,NA,NA,NA,NA,NA,NA,NA,NA,NA,NA,NA,NA,NA,NA,NA,NA,,NA,NA,NA,NA,NA,NA,NA,NA,NA,NA,NA,Vista View,Richardia grandiflora,Richardia grandiflora | Pyrausta tyralis
Heliconius charithonia,https://www.inaturalist.org/observations/28394078,Noelle,Hamelia,patens,Toni,100%,Thomas,NA,NA,NA,NA,NA,NA,NA,NA,NA,NA,NA,NA,NA,NA,NA,,NA,NA,NA,NA,NA,NA,NA,NA,NA,NA,NA,NA,NA,NA,NA,NA,NA,NA,NA,NA,NA,NA,NA,NA,,NA,NA,NA,NA,NA,NA,NA,NA,NA,NA,NA,NA,NA,NA,NA,NA,NA,NA,NA,NA,NA,NA,NA,NA,NA,,NA,NA,NA,NA,NA,NA,NA,NA,NA,NA,NA,Markham,Hamelia patens,Hamelia patens | Heliconius charithonia
Danaus gilippus,https://www.inaturalist.org/observations/28394452,Noelle,Spermacoce,verticillata,Toni,100%,Thomas,NA,NA,NA,NA,NA,NA,NA,NA,NA,NA,NA,NA,NA,NA,NA,,NA,NA,NA,NA,NA,NA,NA,NA,NA,NA,NA,NA,NA,NA,NA,NA,NA,NA,NA,NA,NA,NA,NA,NA,,NA,NA,NA,NA,NA,NA,NA,NA,NA,NA,NA,NA,NA,NA,NA,NA,NA,NA,NA,NA,NA,NA,NA,NA,NA,,NA,NA,NA,NA,NA,NA,NA,NA,NA,NA,NA,Markham,Spermacoce verticillata,Spermacoce verticillata | Danaus gilippus
Danaus gilippus,https://www.inaturalist.org/observations/28394653,Noelle,Bidens,alba,Toni,100%,Thomas,NA,NA,NA,NA,NA,NA,NA,NA,NA,NA,NA,NA,NA,NA,NA,,NA,NA,NA,NA,NA,NA,NA,NA,NA,NA,NA,NA,NA,NA,NA,NA,NA,NA,NA,NA,NA,NA,NA,NA,,NA,NA,NA,NA,NA,NA,NA,NA,NA,NA,NA,NA,NA,NA,NA,NA,NA,NA,NA,NA,NA,NA,NA,NA,NA,,NA,NA,NA,NA,NA,NA,NA,NA,NA,NA,NA,Markham,Bidens alba,Bidens alba | Danaus gilippus
Lerodea eufala,https://www.inaturalist.org/observations/28395545,Noelle,Richardia,grandiflora,Toni,100%,Thomas,NA,NA,NA,NA,NA,NA,NA,NA,NA,NA,NA,NA,NA,NA,NA,,NA,NA,NA,NA,NA,NA,NA,NA,NA,NA,NA,NA,NA,NA,NA,NA,NA,NA,NA,NA,NA,NA,NA,NA,,NA,NA,NA,NA,NA,NA,NA,NA,NA,NA,NA,NA,NA,NA,NA,NA,NA,NA,NA,NA,NA,NA,NA,NA,NA,,NA,NA,NA,NA,NA,NA,NA,NA,NA,NA,NA,Markham,Richardia grandiflora,Richardia grandiflora | Lerodea eufala
Hylephila phyleus,https://www.inaturalist.org/observations/28396532,Noelle,Spermacoce,verticillata,Toni,100%,Thomas,NA,NA,NA,NA,NA,NA,NA,NA,NA,NA,NA,NA,NA,NA,NA,,NA,NA,NA,NA,NA,NA,NA,NA,NA,NA,NA,NA,NA,NA,NA,NA,NA,NA,NA,NA,NA,NA,NA,NA,,NA,NA,NA,NA,NA,NA,NA,NA,NA,NA,NA,NA,NA,NA,NA,NA,NA,NA,NA,NA,NA,NA,NA,NA,NA,,NA,NA,NA,NA,NA,NA,NA,NA,NA,NA,NA,Markham,Spermacoce verticillata,Spermacoce verticillata | Hylephila phyleus
Atalopedes huron,https://www.inaturalist.org/observations/28396660,Noelle,Bidens,alba,Toni,100%,Thomas,NA,NA,NA,NA,NA,NA,NA,NA,NA,NA,NA,NA,NA,NA,NA,,NA,NA,NA,NA,NA,NA,NA,NA,NA,NA,NA,NA,NA,NA,NA,NA,NA,NA,NA,NA,NA,NA,NA,NA,,NA,NA,NA,NA,NA,NA,NA,NA,NA,NA,NA,NA,NA,NA,NA,NA,NA,NA,NA,NA,NA,NA,NA,NA,NA,,NA,NA,NA,NA,NA,NA,NA,NA,NA,NA,NA,Markham,Bidens alba,Bidens alba | Atalopedes huron
Thorybes dorantes,https://www.inaturalist.org/observations/28397085,Noelle,Cestrum,diurnum,Toni,100%,Thomas,NA,NA,NA,NA,NA,NA,NA,NA,NA,NA,NA,NA,NA,NA,NA,,NA,NA,NA,NA,NA,NA,NA,NA,NA,NA,NA,NA,NA,NA,NA,NA,NA,NA,NA,NA,NA,NA,NA,NA,,NA,NA,NA,NA,NA,NA,NA,NA,NA,NA,NA,NA,NA,NA,NA,NA,NA,NA,NA,NA,NA,NA,NA,NA,NA,,NA,NA,NA,NA,NA,NA,NA,NA,NA,NA,NA,Markham,Cestrum diurnum,Cestrum diurnum | Thorybes dorantes
Cymaenes tripunctus,https://www.inaturalist.org/observations/28397713,Noelle,Phyla,nodiflora,Toni,100%,Thomas,NA,NA,NA,NA,NA,NA,NA,NA,NA,NA,NA,NA,NA,NA,NA,,NA,NA,NA,NA,NA,NA,NA,NA,NA,NA,NA,NA,NA,NA,NA,NA,NA,NA,NA,NA,NA,NA,NA,NA,,NA,NA,NA,NA,NA,NA,NA,NA,NA,NA,NA,NA,NA,NA,NA,NA,NA,NA,NA,NA,NA,NA,NA,NA,NA,,NA,NA,NA,NA,NA,NA,NA,NA,NA,NA,NA,Markham,Phyla nodiflora,Phyla nodiflora | Cymaenes tripunctus
Dione vanillae,https://www.inaturalist.org/observations/28397857,Noelle,Cestrum,diurnum,Toni,100%,Thomas,NA,NA,NA,NA,NA,NA,NA,NA,NA,NA,NA,NA,NA,NA,NA,,NA,NA,NA,NA,NA,NA,NA,NA,NA,NA,NA,NA,NA,NA,NA,NA,NA,NA,NA,NA,NA,NA,NA,NA,,NA,NA,NA,NA,NA,NA,NA,NA,NA,NA,NA,NA,NA,NA,NA,NA,NA,NA,NA,NA,NA,NA,NA,NA,NA,,NA,NA,NA,NA,NA,NA,NA,NA,NA,NA,NA,Markham,Cestrum diurnum,Cestrum diurnum | Dione vanillae
Apis mellifera,https://www.inaturalist.org/observations/28399303,MaryJo,Callicarpa,americana,Toni,100%,Thomas,NA,NA,NA,NA,NA,NA,NA,NA,NA,NA,NA,NA,NA,NA,NA,,NA,NA,NA,NA,NA,NA,NA,NA,NA,NA,NA,NA,NA,NA,NA,NA,NA,NA,NA,NA,NA,NA,NA,NA,,NA,NA,NA,NA,NA,NA,NA,NA,NA,NA,NA,NA,NA,NA,NA,NA,NA,NA,NA,NA,NA,NA,NA,NA,NA,,NA,NA,NA,NA,NA,NA,NA,NA,NA,NA,NA,Markham,Callicarpa americana,Callicarpa americana | Apis mellifera
Danaus plexippus,https://www.inaturalist.org/observations/30648012,MaryJo,Lantana,depressa,Toni,100%,Thomas,NA,NA,NA,NA,NA,NA,NA,NA,NA,NA,NA,NA,NA,NA,NA,,NA,NA,NA,NA,NA,NA,NA,NA,NA,NA,NA,NA,NA,NA,NA,NA,NA,NA,NA,NA,NA,NA,NA,NA,,NA,NA,NA,NA,NA,NA,NA,NA,NA,NA,NA,NA,NA,NA,NA,NA,NA,NA,NA,NA,NA,NA,NA,NA,NA,,NA,NA,NA,NA,NA,NA,NA,NA,NA,NA,NA,Markham,Lantana depressa,Lantana depressa | Danaus plexippus
Heliconius charithonia,https://www.inaturalist.org/observations/30648013,MaryJo,Jatropha,integerrima,Toni,100%,Thomas,NA,NA,NA,NA,NA,NA,NA,NA,NA,NA,NA,NA,NA,NA,NA,,NA,NA,NA,NA,NA,NA,NA,NA,NA,NA,NA,NA,NA,NA,NA,NA,NA,NA,NA,NA,NA,NA,NA,NA,,NA,NA,NA,NA,NA,NA,NA,NA,NA,NA,NA,NA,NA,NA,NA,NA,NA,NA,NA,NA,NA,NA,NA,NA,NA,,NA,NA,NA,NA,NA,NA,NA,NA,NA,NA,NA,Markham,Jatropha integerrima,Jatropha integerrima | Heliconius charithonia
Panoquina ocola,https://www.inaturalist.org/observations/32502248,MaryJo,Bidens,alba,Toni,100%,Thomas,NA,NA,NA,NA,NA,NA,NA,NA,NA,NA,NA,NA,NA,NA,NA,,NA,NA,NA,NA,NA,NA,NA,NA,NA,NA,NA,NA,NA,NA,NA,NA,NA,NA,NA,NA,NA,NA,NA,NA,,NA,NA,NA,NA,NA,NA,NA,NA,NA,NA,NA,NA,NA,NA,NA,NA,NA,NA,NA,NA,NA,NA,NA,NA,NA,,NA,NA,NA,NA,NA,NA,NA,NA,NA,NA,NA,Markham,Bidens alba,Bidens alba | Panoquina ocola
Heliconius charithonia,https://www.inaturalist.org/observations/32502377,MaryJo,Jatropha,integerrima,Toni,>80%,Thomas,NA,NA,NA,NA,NA,NA,NA,NA,NA,NA,NA,NA,NA,NA,NA,,NA,NA,NA,NA,NA,NA,NA,NA,NA,NA,NA,NA,NA,NA,NA,NA,NA,NA,NA,NA,NA,NA,NA,NA,,NA,NA,NA,NA,NA,NA,NA,NA,NA,NA,NA,NA,NA,NA,NA,NA,NA,NA,NA,NA,NA,NA,NA,NA,NA,,NA,NA,NA,NA,NA,NA,NA,NA,NA,NA,NA,Markham,Jatropha integerrima,Jatropha integerrima | Heliconius charithonia
Erynnis horatius,https://www.inaturalist.org/observations/32639638,Thomas,Bidens,alba,Toni,100%,NA,NA,NA,NA,NA,NA,NA,NA,NA,NA,NA,NA,NA,NA,NA,NA,,NA,NA,NA,NA,NA,NA,NA,NA,NA,NA,NA,NA,NA,NA,NA,NA,NA,NA,NA,NA,NA,NA,NA,NA,,NA,NA,NA,NA,NA,NA,NA,NA,NA,NA,NA,NA,NA,NA,NA,NA,NA,NA,NA,NA,NA,NA,NA,NA,NA,,NA,NA,NA,NA,NA,NA,NA,NA,NA,NA,NA,Vista View,Bidens alba,Bidens alba | Erynnis horatius
Burnsius albezens,https://www.inaturalist.org/observations/32793805,MaryJo,Fimbristylis,dichotoma,Lange,100%,Thomas,NA,NA,NA,NA,NA,NA,NA,NA,NA,NA,NA,NA,NA,NA,NA,,NA,NA,NA,NA,NA,NA,NA,NA,NA,NA,NA,NA,NA,NA,NA,NA,NA,NA,NA,NA,NA,NA,NA,NA,,NA,NA,NA,NA,NA,NA,NA,NA,NA,NA,NA,NA,NA,NA,NA,NA,NA,NA,NA,NA,NA,NA,NA,NA,NA,,NA,NA,NA,NA,NA,NA,NA,NA,NA,NA,NA,Markham,Fimbristylis dichotoma,Fimbristylis dichotoma | Burnsius albezens
Eurema daira,https://www.inaturalist.org/observations/32794147,MaryJo,Spermacoce,verticillata,Lange,100%,Thomas,NA,NA,NA,NA,NA,NA,NA,NA,NA,NA,NA,NA,NA,NA,NA,,NA,NA,NA,NA,NA,NA,NA,NA,NA,NA,NA,NA,NA,NA,NA,NA,NA,NA,NA,NA,NA,NA,NA,NA,,NA,NA,NA,NA,NA,NA,NA,NA,NA,NA,NA,NA,NA,NA,NA,NA,NA,NA,NA,NA,NA,NA,NA,NA,NA,,NA,NA,NA,NA,NA,NA,NA,NA,NA,NA,NA,Markham,Spermacoce verticillata,Spermacoce verticillata | Eurema daira
Burnsius albezens,https://www.inaturalist.org/observations/32794244,MaryJo,Bidens,alba,Toni,100%,Thomas,NA,NA,NA,NA,NA,NA,NA,NA,NA,NA,NA,NA,NA,NA,NA,,NA,NA,NA,NA,NA,NA,NA,NA,NA,NA,NA,NA,NA,NA,NA,NA,NA,NA,NA,NA,NA,NA,NA,NA,,NA,NA,NA,NA,NA,NA,NA,NA,NA,NA,NA,NA,NA,NA,NA,NA,NA,NA,NA,NA,NA,NA,NA,NA,NA,,NA,NA,NA,NA,NA,NA,NA,NA,NA,NA,NA,Markham,Bidens alba,Bidens alba | Burnsius albezens
Lerema accius,https://www.inaturalist.org/observations/32801753,MaryJo,Stachytarpheta,jamaicensis,Toni,100%,Thomas,NA,NA,NA,NA,NA,NA,NA,NA,NA,NA,NA,NA,NA,NA,NA,,NA,NA,NA,NA,NA,NA,NA,NA,NA,NA,NA,NA,NA,NA,NA,NA,NA,NA,NA,NA,NA,NA,NA,NA,,NA,NA,NA,NA,NA,NA,NA,NA,NA,NA,NA,NA,NA,NA,NA,NA,NA,NA,NA,NA,NA,NA,NA,NA,NA,,NA,NA,NA,NA,NA,NA,NA,NA,NA,NA,NA,Markham,Stachytarpheta jamaicensis,Stachytarpheta jamaicensis | Lerema accius
Hylephila phyleus,https://www.inaturalist.org/observations/32802220,MaryJo,Cuphea,strigulosa,Toni,100%,Thomas,NA,NA,NA,NA,NA,NA,NA,NA,NA,NA,NA,NA,NA,NA,NA,,NA,NA,NA,NA,NA,NA,NA,NA,NA,NA,NA,NA,NA,NA,NA,NA,NA,NA,NA,NA,NA,NA,NA,NA,,NA,NA,NA,NA,NA,NA,NA,NA,NA,NA,NA,NA,NA,NA,NA,NA,NA,NA,NA,NA,NA,NA,NA,NA,NA,,NA,NA,NA,NA,NA,NA,NA,NA,NA,NA,NA,Markham,Cuphea strigulosa,Cuphea strigulosa | Hylephila phyleus
Heliconius charithonia,https://www.inaturalist.org/observations/34133466,Thomas,Bidens,alba,Toni,100%,NA,NA,NA,NA,NA,NA,NA,NA,NA,NA,NA,NA,NA,NA,NA,NA,,NA,NA,NA,NA,NA,NA,NA,NA,NA,NA,NA,NA,NA,NA,NA,NA,NA,NA,NA,NA,NA,NA,NA,NA,,NA,NA,NA,NA,NA,NA,NA,NA,NA,NA,NA,NA,NA,NA,NA,NA,NA,NA,NA,NA,NA,NA,NA,NA,NA,,NA,NA,NA,NA,NA,NA,NA,NA,NA,NA,NA,Quiet Waters,Bidens alba,Bidens alba | Heliconius charithonia
Danaus plexippus,https://www.inaturalist.org/observations/35775157,MaryJo,Stachytarpheta,jamaicensis,Toni,100%,Thomas,NA,NA,NA,NA,NA,NA,NA,NA,NA,NA,NA,NA,NA,NA,NA,,NA,NA,NA,NA,NA,NA,NA,NA,NA,NA,NA,NA,NA,NA,NA,NA,NA,NA,NA,NA,NA,NA,NA,NA,,NA,NA,NA,NA,NA,NA,NA,NA,NA,NA,NA,NA,NA,NA,NA,NA,NA,NA,NA,NA,NA,NA,NA,NA,NA,,NA,NA,NA,NA,NA,NA,NA,NA,NA,NA,NA,Markham,Stachytarpheta jamaicensis,Stachytarpheta jamaicensis | Danaus plexippus
Phoebis sennae,https://www.inaturalist.org/observations/35775372,MaryJo,Calliandra,surinamensis,Toni,>80%,Thomas,NA,NA,NA,NA,NA,NA,NA,NA,NA,NA,NA,NA,NA,NA,NA,,NA,NA,NA,NA,NA,NA,NA,NA,NA,NA,NA,NA,NA,NA,NA,NA,NA,NA,NA,NA,NA,NA,NA,NA,,NA,NA,NA,NA,NA,NA,NA,NA,NA,NA,NA,NA,NA,NA,NA,NA,NA,NA,NA,NA,NA,NA,NA,NA,NA,,NA,NA,NA,NA,NA,NA,NA,NA,NA,NA,NA,Markham,Calliandra surinamensis,Calliandra surinamensis | Phoebis sennae
Danaus gilippus,https://www.inaturalist.org/observations/36172598,MaryJo,Asclepias,curassavica,Toni,100%,Thomas,NA,NA,NA,NA,NA,NA,NA,NA,NA,NA,NA,NA,NA,NA,NA,,NA,NA,NA,NA,NA,NA,NA,NA,NA,NA,NA,NA,NA,NA,NA,NA,NA,NA,NA,NA,NA,NA,NA,NA,,NA,NA,NA,NA,NA,NA,NA,NA,NA,NA,NA,NA,NA,NA,NA,NA,NA,NA,NA,NA,NA,NA,NA,NA,NA,,NA,NA,NA,NA,NA,NA,NA,NA,NA,NA,NA,Markham,Asclepias curassavica,Asclepias curassavica | Danaus gilippus
Heliconius charithonia,https://www.inaturalist.org/observations/36172741,MaryJo,Lantana,strigocamara,Toni,100%,Thomas,NA,NA,NA,NA,NA,NA,NA,NA,NA,NA,NA,NA,NA,NA,NA,,NA,NA,NA,NA,NA,NA,NA,NA,NA,NA,NA,NA,NA,NA,NA,NA,NA,NA,NA,NA,NA,NA,NA,NA,,NA,NA,NA,NA,NA,NA,NA,NA,NA,NA,NA,NA,NA,NA,NA,NA,NA,NA,NA,NA,NA,NA,NA,NA,NA,,NA,NA,NA,NA,NA,NA,NA,NA,NA,NA,NA,Markham,Lantana strigocamara,Lantana strigocamara | Heliconius charithonia
Leptotes cassius,https://www.inaturalist.org/observations/36172944,MaryJo,Malvastrum,coromandelianum,Lange,100%,Thomas,NA,NA,NA,NA,NA,NA,NA,NA,NA,NA,NA,NA,NA,NA,NA,,NA,NA,NA,NA,NA,NA,NA,NA,NA,NA,NA,NA,NA,NA,NA,NA,NA,NA,NA,NA,NA,NA,NA,NA,,NA,NA,NA,NA,NA,NA,NA,NA,NA,NA,NA,NA,NA,NA,NA,NA,NA,NA,NA,NA,NA,NA,NA,NA,NA,,NA,NA,NA,NA,NA,NA,NA,NA,NA,NA,NA,Markham,Malvastrum coromandelianum,Malvastrum coromandelianum | Leptotes cassius
Phoebis philea,https://www.inaturalist.org/observations/36923802,MaryJo,Cuphea,micropetala,Toni,100%,Thomas,NA,NA,NA,NA,NA,NA,NA,NA,NA,NA,NA,NA,NA,NA,NA,,NA,NA,NA,NA,NA,NA,NA,NA,NA,NA,NA,NA,NA,NA,NA,NA,NA,NA,NA,NA,NA,NA,NA,NA,,NA,NA,NA,NA,NA,NA,NA,NA,NA,NA,NA,NA,NA,NA,NA,NA,NA,NA,NA,NA,NA,NA,NA,NA,NA,,NA,NA,NA,NA,NA,NA,NA,NA,NA,NA,NA,Markham,Cuphea micropetala,Cuphea micropetala | Phoebis philea
Danaus gilippus,https://www.inaturalist.org/observations/36923875,MaryJo,Bidens,alba,Toni,100%,Thomas,NA,NA,NA,NA,NA,NA,NA,NA,NA,NA,NA,NA,NA,NA,NA,,NA,NA,NA,NA,NA,NA,NA,NA,NA,NA,NA,NA,NA,NA,NA,NA,NA,NA,NA,NA,NA,NA,NA,NA,,NA,NA,NA,NA,NA,NA,NA,NA,NA,NA,NA,NA,NA,NA,NA,NA,NA,NA,NA,NA,NA,NA,NA,NA,NA,,NA,NA,NA,NA,NA,NA,NA,NA,NA,NA,NA,Markham,Bidens alba,Bidens alba | Danaus gilippus
Heliconius charithonia,https://www.inaturalist.org/observations/36924087,MaryJo,Chromolaena,odorata,Toni,100%,Thomas,NA,NA,NA,NA,NA,NA,NA,NA,NA,NA,NA,NA,NA,NA,NA,,NA,NA,NA,NA,NA,NA,NA,NA,NA,NA,NA,NA,NA,NA,NA,NA,NA,NA,NA,NA,NA,NA,NA,NA,,NA,NA,NA,NA,NA,NA,NA,NA,NA,NA,NA,NA,NA,NA,NA,NA,NA,NA,NA,NA,NA,NA,NA,NA,NA,,NA,NA,NA,NA,NA,NA,NA,NA,NA,NA,NA,Markham,Chromolaena odorata,Chromolaena odorata | Heliconius charithonia
Urbanus proteus,https://www.inaturalist.org/observations/36924158,MaryJo,Chromolaena,odorata,Toni,100%,Thomas,NA,NA,NA,NA,NA,NA,NA,NA,NA,NA,NA,NA,NA,NA,NA,,NA,NA,NA,NA,NA,NA,NA,NA,NA,NA,NA,NA,NA,NA,NA,NA,NA,NA,NA,NA,NA,NA,NA,NA,,NA,NA,NA,NA,NA,NA,NA,NA,NA,NA,NA,NA,NA,NA,NA,NA,NA,NA,NA,NA,NA,NA,NA,NA,NA,,NA,NA,NA,NA,NA,NA,NA,NA,NA,NA,NA,Markham,Chromolaena odorata,Chromolaena odorata | Urbanus proteus
Marpesia petreus,https://www.inaturalist.org/observations/37000506,Tessa,Chromolaena,odorata,Toni,100%,Thomas,12185425,f537f190-821d-414d-a4db-eb3e85512f3a,3126,taxon,Interaction->Visited flower of,Interaction->Visited flower of,153419,153419,NA,349183,153419,153419,tribe,25,47126,,TRUE,153419,Eupatorieae,632790,48460/47126/211194/47125/47124/47605/47604/632790,"48460,47126,211194,47125,47124,47605,47604,632790,153419",FALSE,FALSE,2012-09-22T08:40:45+00:00,0,1,878048,FALSE,878048,NA,NA,NA,http://en.wikipedia.org/wiki/Eupatorieae,Plantae,"bonesets, blazingstars, and allies",50317047,cc-by-nc,"(c) Jacob Dittel, some rights reserved (CC BY-NC), uploaded by Jacob Dittel",https://inaturalist-open-data.s3.amazonaws.com/photos/50317047/square.jpg,,Jacob Dittel,https://inaturalist-open-data.s3.amazonaws.com/photos/50317047/square.jpg,https://inaturalist-open-data.s3.amazonaws.com/photos/50317047/medium.jpg,1536,2048,4,0,349183,joemdo,FALSE,FALSE,2016-10-12T00:08:13+00:00,joemdo,joemdo,Joe MDO,Joe MDO,NA,https://static.inaturalist.org/attachments/users/icons/349183/thumb.jpg?1662070326,126435,249147,9,375591,11568,63401,126435,,1,https://static.inaturalist.org/attachments/users/icons/349183/medium.jpg?1662070326,NA,NA,NA,NA,NA,NA,NA,NA,NA,Long Key,Chromolaena odorata,Chromolaena odorata | Marpesia petreus
Heliconius charithonia,https://www.inaturalist.org/observations/37000563,Tessa,Chromolaena,odorata,Toni,100%,Thomas,NA,NA,NA,NA,NA,NA,NA,NA,NA,NA,NA,NA,NA,NA,NA,,NA,NA,NA,NA,NA,NA,NA,NA,NA,NA,NA,NA,NA,NA,NA,NA,NA,NA,NA,NA,NA,NA,NA,NA,,NA,NA,NA,NA,NA,NA,NA,NA,NA,NA,NA,NA,NA,NA,NA,NA,NA,NA,NA,NA,NA,NA,NA,NA,NA,,NA,NA,NA,NA,NA,NA,NA,NA,NA,NA,NA,Long Key,Chromolaena odorata,Chromolaena odorata | Heliconius charithonia
Marpesia petreus,https://www.inaturalist.org/observations/37166358,MaryJo,Chromolaena,odorata,Toni,100%,Thomas,12185424,062195f7-e003-4d67-8032-72b4aff7cd04,3126,taxon,Interaction->Visited flower of,Interaction->Visited flower of,153419,153419,NA,349183,153419,153419,tribe,25,47126,,TRUE,153419,Eupatorieae,632790,48460/47126/211194/47125/47124/47605/47604/632790,"48460,47126,211194,47125,47124,47605,47604,632790,153419",FALSE,FALSE,2012-09-22T08:40:45+00:00,0,1,878048,FALSE,878048,NA,NA,NA,http://en.wikipedia.org/wiki/Eupatorieae,Plantae,"bonesets, blazingstars, and allies",50317047,cc-by-nc,"(c) Jacob Dittel, some rights reserved (CC BY-NC), uploaded by Jacob Dittel",https://inaturalist-open-data.s3.amazonaws.com/photos/50317047/square.jpg,,Jacob Dittel,https://inaturalist-open-data.s3.amazonaws.com/photos/50317047/square.jpg,https://inaturalist-open-data.s3.amazonaws.com/photos/50317047/medium.jpg,1536,2048,4,0,349183,joemdo,FALSE,FALSE,2016-10-12T00:08:13+00:00,joemdo,joemdo,Joe MDO,Joe MDO,NA,https://static.inaturalist.org/attachments/users/icons/349183/thumb.jpg?1662070326,126435,249147,9,375591,11568,63401,126435,,1,https://static.inaturalist.org/attachments/users/icons/349183/medium.jpg?1662070326,NA,NA,NA,NA,NA,NA,NA,NA,NA,Long Key,Chromolaena odorata,Chromolaena odorata | Marpesia petreus
Heliconius charithonia,https://www.inaturalist.org/observations/37166390,MaryJo,Chromolaena,odorata,Jake,100%,Thomas,NA,NA,NA,NA,NA,NA,NA,NA,NA,NA,NA,NA,NA,NA,NA,,NA,NA,NA,NA,NA,NA,NA,NA,NA,NA,NA,NA,NA,NA,NA,NA,NA,NA,NA,NA,NA,NA,NA,NA,,NA,NA,NA,NA,NA,NA,NA,NA,NA,NA,NA,NA,NA,NA,NA,NA,NA,NA,NA,NA,NA,NA,NA,NA,NA,,NA,NA,NA,NA,NA,NA,NA,NA,NA,NA,NA,Long Key,Chromolaena odorata,Chromolaena odorata | Heliconius charithonia
Danaus gilippus,https://www.inaturalist.org/observations/37282188,MaryJo,Ageratum,conyzoides,Toni,>80%,Thomas,NA,NA,NA,NA,NA,NA,NA,NA,NA,NA,NA,NA,NA,NA,NA,,NA,NA,NA,NA,NA,NA,NA,NA,NA,NA,NA,NA,NA,NA,NA,NA,NA,NA,NA,NA,NA,NA,NA,NA,,NA,NA,NA,NA,NA,NA,NA,NA,NA,NA,NA,NA,NA,NA,NA,NA,NA,NA,NA,NA,NA,NA,NA,NA,NA,,NA,NA,NA,NA,NA,NA,NA,NA,NA,NA,NA,Markham,Ageratum conyzoides,Ageratum conyzoides | Danaus gilippus
Danaus gilippus,https://www.inaturalist.org/observations/37533402,MaryJo,Asclepias,curassavica,Toni,100%,Thomas,NA,NA,NA,NA,NA,NA,NA,NA,NA,NA,NA,NA,NA,NA,NA,,NA,NA,NA,NA,NA,NA,NA,NA,NA,NA,NA,NA,NA,NA,NA,NA,NA,NA,NA,NA,NA,NA,NA,NA,,NA,NA,NA,NA,NA,NA,NA,NA,NA,NA,NA,NA,NA,NA,NA,NA,NA,NA,NA,NA,NA,NA,NA,NA,NA,,NA,NA,NA,NA,NA,NA,NA,NA,NA,NA,NA,Markham,Asclepias curassavica,Asclepias curassavica | Danaus gilippus
Heliconius charithonia,https://www.inaturalist.org/observations/37726713,MaryJo,Bidens,alba,Jake,100%,Thomas,NA,NA,NA,NA,NA,NA,NA,NA,NA,NA,NA,NA,NA,NA,NA,,NA,NA,NA,NA,NA,NA,NA,NA,NA,NA,NA,NA,NA,NA,NA,NA,NA,NA,NA,NA,NA,NA,NA,NA,,NA,NA,NA,NA,NA,NA,NA,NA,NA,NA,NA,NA,NA,NA,NA,NA,NA,NA,NA,NA,NA,NA,NA,NA,NA,,NA,NA,NA,NA,NA,NA,NA,NA,NA,NA,NA,Long Key,Bidens alba,Bidens alba | Heliconius charithonia
Thorybes dorantes,https://www.inaturalist.org/observations/37726946,MaryJo,Richardia,grandiflora,Jake,100%,Thomas,NA,NA,NA,NA,NA,NA,NA,NA,NA,NA,NA,NA,NA,NA,NA,,NA,NA,NA,NA,NA,NA,NA,NA,NA,NA,NA,NA,NA,NA,NA,NA,NA,NA,NA,NA,NA,NA,NA,NA,,NA,NA,NA,NA,NA,NA,NA,NA,NA,NA,NA,NA,NA,NA,NA,NA,NA,NA,NA,NA,NA,NA,NA,NA,NA,,NA,NA,NA,NA,NA,NA,NA,NA,NA,NA,NA,Long Key,Richardia grandiflora,Richardia grandiflora | Thorybes dorantes
Erynnis horatius,https://www.inaturalist.org/observations/37727262,MaryJo,Richardia,grandiflora,Jake,100%,Thomas,NA,NA,NA,NA,NA,NA,NA,NA,NA,NA,NA,NA,NA,NA,NA,,NA,NA,NA,NA,NA,NA,NA,NA,NA,NA,NA,NA,NA,NA,NA,NA,NA,NA,NA,NA,NA,NA,NA,NA,,NA,NA,NA,NA,NA,NA,NA,NA,NA,NA,NA,NA,NA,NA,NA,NA,NA,NA,NA,NA,NA,NA,NA,NA,NA,,NA,NA,NA,NA,NA,NA,NA,NA,NA,NA,NA,Long Key,Richardia grandiflora,Richardia grandiflora | Erynnis horatius
Anartia jatrophae,https://www.inaturalist.org/observations/37727527,MaryJo,Richardia,grandiflora,Jake,100%,Thomas,NA,NA,NA,NA,NA,NA,NA,NA,NA,NA,NA,NA,NA,NA,NA,,NA,NA,NA,NA,NA,NA,NA,NA,NA,NA,NA,NA,NA,NA,NA,NA,NA,NA,NA,NA,NA,NA,NA,NA,,NA,NA,NA,NA,NA,NA,NA,NA,NA,NA,NA,NA,NA,NA,NA,NA,NA,NA,NA,NA,NA,NA,NA,NA,NA,,NA,NA,NA,NA,NA,NA,NA,NA,NA,NA,NA,Long Key,Richardia grandiflora,Richardia grandiflora | Anartia jatrophae
Danaus gilippus,https://www.inaturalist.org/observations/38025754,MaryJo,Jatropha,integerrima,Toni,100%,Thomas,NA,NA,NA,NA,NA,NA,NA,NA,NA,NA,NA,NA,NA,NA,NA,,NA,NA,NA,NA,NA,NA,NA,NA,NA,NA,NA,NA,NA,NA,NA,NA,NA,NA,NA,NA,NA,NA,NA,NA,,NA,NA,NA,NA,NA,NA,NA,NA,NA,NA,NA,NA,NA,NA,NA,NA,NA,NA,NA,NA,NA,NA,NA,NA,NA,,NA,NA,NA,NA,NA,NA,NA,NA,NA,NA,NA,Markham,Jatropha integerrima,Jatropha integerrima | Danaus gilippus
Oligoria maculata,https://www.inaturalist.org/observations/38026072,MaryJo,Dianthus,barbatus,Toni,>80%,Thomas,NA,NA,NA,NA,NA,NA,NA,NA,NA,NA,NA,NA,NA,NA,NA,,NA,NA,NA,NA,NA,NA,NA,NA,NA,NA,NA,NA,NA,NA,NA,NA,NA,NA,NA,NA,NA,NA,NA,NA,,NA,NA,NA,NA,NA,NA,NA,NA,NA,NA,NA,NA,NA,NA,NA,NA,NA,NA,NA,NA,NA,NA,NA,NA,NA,,NA,NA,NA,NA,NA,NA,NA,NA,NA,NA,NA,Markham,Dianthus barbatus,Dianthus barbatus | Oligoria maculata
Phoebis sennae,https://www.inaturalist.org/observations/38733011,MaryJo,Salvia,coccinea,Toni,100%,Thomas,37677008,6ccd4ff6-e7c2-4727-8c3b-944897cb1f42,10524,taxon,Plant association,Plant association,128652,128652,395895,395895,128652,128652,species,10,47126,,TRUE,128652,Salvia coccinea,1471011,48460/47126/211194/47125/47124/48151/48623/520502/918917/919182/50644/1470981/1471011,"48460,47126,211194,47125,47124,48151,48623,520502,918917,919182,50644,1470981,1471011,128652",FALSE,FALSE,2012-05-19T17:11:04+00:00,2,5,21812,FALSE,21812,NA,131123,NA,http://en.wikipedia.org/wiki/Salvia_coccinea,Plantae,Tropical sage,14351934,cc0,"no rights reserved, uploaded by Brady Reed",https://inaturalist-open-data.s3.amazonaws.com/photos/14351934/square.jpg,,Brady Reed,https://inaturalist-open-data.s3.amazonaws.com/photos/14351934/square.jpg,https://inaturalist-open-data.s3.amazonaws.com/photos/14351934/medium.jpg,2048,1365,3,0,395895,wildlander,FALSE,FALSE,2017-01-27T05:07:18+00:00,wildlander,wildlander,Jared Gorrell,Jared Gorrell,NA,https://static.inaturalist.org/attachments/users/icons/395895/thumb.jpg?1689032258,134015,182987,14,317016,13490,316,134015,,1,https://static.inaturalist.org/attachments/users/icons/395895/medium.jpg?1689032258,NA,NA,NA,NA,NA,NA,NA,NA,NA,Markham,Salvia coccinea,Salvia coccinea | Phoebis sennae
Dryas iulia,https://www.inaturalist.org/observations/38733017,MaryJo,Jatropha,integerrima,Toni,100%,Thomas,NA,NA,NA,NA,NA,NA,NA,NA,NA,NA,NA,NA,NA,NA,NA,,NA,NA,NA,NA,NA,NA,NA,NA,NA,NA,NA,NA,NA,NA,NA,NA,NA,NA,NA,NA,NA,NA,NA,NA,,NA,NA,NA,NA,NA,NA,NA,NA,NA,NA,NA,NA,NA,NA,NA,NA,NA,NA,NA,NA,NA,NA,NA,NA,NA,,NA,NA,NA,NA,NA,NA,NA,NA,NA,NA,NA,Markham,Jatropha integerrima,Jatropha integerrima | Dryas iulia
Heliconius charithonia,https://www.inaturalist.org/observations/38733018,MaryJo,Heliotropium,angioermum,Toni,100%,Thomas,37677005,4a34074a-3988-4b6c-91f1-83d64f0431c4,10524,taxon,Plant association,Plant association,795679,795679,395895,395895,795679,795679,subfamily,27,47126,,TRUE,795679,Heliotropioideae,48150,48460/47126/211194/47125/47124/523723/48150,"48460,47126,211194,47125,47124,523723,48150,795679",FALSE,FALSE,2018-11-14T10:41:15+00:00,0,0,116870,FALSE,116870,NA,NA,NA,http://en.wikipedia.org/wiki/Heliotropioideae,Plantae,NA,2156400,cc-by-nc-sa,"(c) Mr. Greenjeans, some rights reserved (CC BY-NC-SA)",https://inaturalist-open-data.s3.amazonaws.com/photos/2156400/square.jpg,,Mr. Greenjeans,https://inaturalist-open-data.s3.amazonaws.com/photos/2156400/square.jpg,https://inaturalist-open-data.s3.amazonaws.com/photos/2156400/medium.jpg,1184,1600,0,0,395895,wildlander,FALSE,FALSE,2017-01-27T05:07:18+00:00,wildlander,wildlander,Jared Gorrell,Jared Gorrell,NA,https://static.inaturalist.org/attachments/users/icons/395895/thumb.jpg?1689032258,134015,182987,14,317016,13490,316,134015,,1,https://static.inaturalist.org/attachments/users/icons/395895/medium.jpg?1689032258,NA,NA,NA,NA,NA,NA,NA,NA,NA,Markham,Heliotropium angioermum,Heliotropium angioermum | Heliconius charithonia
Dryas iulia,https://www.inaturalist.org/observations/38733019,MaryJo,Jatropha,integerrima,Toni,100%,Thomas,NA,NA,NA,NA,NA,NA,NA,NA,NA,NA,NA,NA,NA,NA,NA,,NA,NA,NA,NA,NA,NA,NA,NA,NA,NA,NA,NA,NA,NA,NA,NA,NA,NA,NA,NA,NA,NA,NA,NA,,NA,NA,NA,NA,NA,NA,NA,NA,NA,NA,NA,NA,NA,NA,NA,NA,NA,NA,NA,NA,NA,NA,NA,NA,NA,,NA,NA,NA,NA,NA,NA,NA,NA,NA,NA,NA,Markham,Jatropha integerrima,Jatropha integerrima | Dryas iulia
Danaus gilippus,https://www.inaturalist.org/observations/38733026,MaryJo,Bidens,alba,Toni,100%,Thomas,37676911,b6afd3c2-5344-482b-8964-07ff00828d6e,10524,taxon,Plant association,Plant association,1095846,1095846,395895,395895,1095846,1095846,species,10,47126,,TRUE,1095846,Bidens alba,50204,48460/47126/211194/47125/47124/47605/47604/632790/568277/50204,"48460,47126,211194,47125,47124,47605,47604,632790,568277,50204,1095846",FALSE,FALSE,2020-06-05T17:31:55+00:00,4,2,91756,FALSE,91756,NA,30122,NA,https://en.wikipedia.org/wiki/Bidens_alba,Plantae,White beggarticks,86500140,cc0,"no rights reserved, uploaded by 葉子",https://inaturalist-open-data.s3.amazonaws.com/photos/86500140/square.jpeg,,葉子,https://inaturalist-open-data.s3.amazonaws.com/photos/86500140/square.jpeg,https://inaturalist-open-data.s3.amazonaws.com/photos/86500140/medium.jpeg,1536,2048,3,0,395895,wildlander,FALSE,FALSE,2017-01-27T05:07:18+00:00,wildlander,wildlander,Jared Gorrell,Jared Gorrell,NA,https://static.inaturalist.org/attachments/users/icons/395895/thumb.jpg?1689032258,134015,182987,14,317016,13490,316,134015,,1,https://static.inaturalist.org/attachments/users/icons/395895/medium.jpg?1689032258,NA,NA,NA,NA,NA,NA,NA,NA,NA,Markham,Bidens alba,Bidens alba | Danaus gilippus
Danaus gilippus,https://www.inaturalist.org/observations/38733033,MaryJo,Bidens,alba,Toni,100%,Thomas,NA,NA,NA,NA,NA,NA,NA,NA,NA,NA,NA,NA,NA,NA,NA,,NA,NA,NA,NA,NA,NA,NA,NA,NA,NA,NA,NA,NA,NA,NA,NA,NA,NA,NA,NA,NA,NA,NA,NA,,NA,NA,NA,NA,NA,NA,NA,NA,NA,NA,NA,NA,NA,NA,NA,NA,NA,NA,NA,NA,NA,NA,NA,NA,NA,,NA,NA,NA,NA,NA,NA,NA,NA,NA,NA,NA,Markham,Bidens alba,Bidens alba | Danaus gilippus
Danaus gilippus,https://www.inaturalist.org/observations/38733037,MaryJo,Bidens,alba,Toni,100%,Thomas,37676914,f88b7ff3-fdf2-4733-b5d3-3c8e21ba73af,10524,taxon,Plant association,Plant association,1095846,1095846,395895,395895,1095846,1095846,species,10,47126,,TRUE,1095846,Bidens alba,50204,48460/47126/211194/47125/47124/47605/47604/632790/568277/50204,"48460,47126,211194,47125,47124,47605,47604,632790,568277,50204,1095846",FALSE,FALSE,2020-06-05T17:31:55+00:00,4,2,91756,FALSE,91756,NA,30122,NA,https://en.wikipedia.org/wiki/Bidens_alba,Plantae,White beggarticks,86500140,cc0,"no rights reserved, uploaded by 葉子",https://inaturalist-open-data.s3.amazonaws.com/photos/86500140/square.jpeg,,葉子,https://inaturalist-open-data.s3.amazonaws.com/photos/86500140/square.jpeg,https://inaturalist-open-data.s3.amazonaws.com/photos/86500140/medium.jpeg,1536,2048,3,0,395895,wildlander,FALSE,FALSE,2017-01-27T05:07:18+00:00,wildlander,wildlander,Jared Gorrell,Jared Gorrell,NA,https://static.inaturalist.org/attachments/users/icons/395895/thumb.jpg?1689032258,134015,182987,14,317016,13490,316,134015,,1,https://static.inaturalist.org/attachments/users/icons/395895/medium.jpg?1689032258,NA,NA,NA,NA,NA,NA,NA,NA,NA,Markham,Bidens alba,Bidens alba | Danaus gilippus
Thorybes dorantes,https://www.inaturalist.org/observations/38733052,MaryJo,Pseudogynoxys,chenopodioides,Toni,100%,Thomas,12185383,be501ba6-abf5-4d7b-bc8c-34d5bb50ea58,3126,taxon,Interaction->Visited flower of,Interaction->Visited flower of,47604,47604,349183,349183,47604,47604,family,30,47126,,TRUE,47604,Asteraceae,47605,48460/47126/211194/47125/47124/47605,"48460,47126,211194,47125,47124,47605,47604",FALSE,FALSE,2008-06-03T13:52:08+00:00,2,2,17926181,FALSE,17926181,NA,NA,NA,https://en.wikipedia.org/wiki/Asteraceae,Plantae,"Sunflowers, Daisies, Asters, and Allies",72961012,cc-by-sa,"(c) Ram-Man, some rights reserved (CC BY-SA)",https://inaturalist-open-data.s3.amazonaws.com/photos/72961012/square.jpg,,Ram-Man,https://inaturalist-open-data.s3.amazonaws.com/photos/72961012/square.jpg,https://inaturalist-open-data.s3.amazonaws.com/photos/72961012/medium.jpg,1862,2048,5,0,349183,joemdo,FALSE,FALSE,2016-10-12T00:08:13+00:00,joemdo,joemdo,Joe MDO,Joe MDO,NA,https://static.inaturalist.org/attachments/users/icons/349183/thumb.jpg?1662070326,126435,249147,9,375591,11568,63401,126435,,1,https://static.inaturalist.org/attachments/users/icons/349183/medium.jpg?1662070326,NA,NA,NA,NA,NA,NA,NA,NA,NA,Markham,Pseudogynoxys chenopodioides,Pseudogynoxys chenopodioides | Thorybes dorantes
Marpesia petreus,https://www.inaturalist.org/observations/38733053,MaryJo,Pseudogynoxys,chenopodioides,Toni,100%,Thomas,12185398,28c557eb-276f-420c-90df-8ab7fa66fdac,3126,taxon,Interaction->Visited flower of,Interaction->Visited flower of,132452,132452,395895,349183,132452,132452,genus,20,47126,,TRUE,132452,Tithonia,901801,48460/47126/211194/47125/47124/47605/47604/632790/605446/901801,"48460,47126,211194,47125,47124,47605,47604,632790,605446,901801,132452",FALSE,FALSE,2012-06-27T03:18:13+00:00,0,2,30860,FALSE,30860,NA,NA,NA,http://en.wikipedia.org/wiki/Tithonia,Plantae,Mexican Sunflowers,517847,NA,"(c) Michele Roman, all rights reserved, uploaded by Michele Roman",https://static.inaturalist.org/photos/517847/square.jpg,,Michele Roman,https://static.inaturalist.org/photos/517847/square.jpg,https://static.inaturalist.org/photos/517847/medium.jpg,1360,2048,0,0,349183,joemdo,FALSE,FALSE,2016-10-12T00:08:13+00:00,joemdo,joemdo,Joe MDO,Joe MDO,NA,https://static.inaturalist.org/attachments/users/icons/349183/thumb.jpg?1662070326,126435,249147,9,375591,11568,63401,126435,,1,https://static.inaturalist.org/attachments/users/icons/349183/medium.jpg?1662070326,NA,NA,NA,NA,NA,NA,NA,NA,NA,Markham,Pseudogynoxys chenopodioides,Pseudogynoxys chenopodioides | Marpesia petreus
Heliconius charithonia,https://www.inaturalist.org/observations/38733060,MaryJo,Pseudogynoxys,chenopodioides,Toni,100%,Thomas,12185380,24664760-1c50-4571-965f-b2770dd82ba1,3126,taxon,Interaction->Visited flower of,Interaction->Visited flower of,132452,132452,395895,349183,132452,132452,genus,20,47126,,TRUE,132452,Tithonia,901801,48460/47126/211194/47125/47124/47605/47604/632790/605446/901801,"48460,47126,211194,47125,47124,47605,47604,632790,605446,901801,132452",FALSE,FALSE,2012-06-27T03:18:13+00:00,0,2,30860,FALSE,30860,NA,NA,NA,http://en.wikipedia.org/wiki/Tithonia,Plantae,Mexican Sunflowers,517847,NA,"(c) Michele Roman, all rights reserved, uploaded by Michele Roman",https://static.inaturalist.org/photos/517847/square.jpg,,Michele Roman,https://static.inaturalist.org/photos/517847/square.jpg,https://static.inaturalist.org/photos/517847/medium.jpg,1360,2048,0,0,349183,joemdo,FALSE,FALSE,2016-10-12T00:08:13+00:00,joemdo,joemdo,Joe MDO,Joe MDO,NA,https://static.inaturalist.org/attachments/users/icons/349183/thumb.jpg?1662070326,126435,249147,9,375591,11568,63401,126435,,1,https://static.inaturalist.org/attachments/users/icons/349183/medium.jpg?1662070326,NA,NA,NA,NA,NA,NA,NA,NA,NA,Markham,Pseudogynoxys chenopodioides,Pseudogynoxys chenopodioides | Heliconius charithonia
Phoebis philea,https://www.inaturalist.org/observations/38733066,MaryJo,Salvia,coccinea,Toni,100%,Thomas,37676952,a1806e87-82f1-4c4a-87a3-a50191e7168a,10524,taxon,Plant association,Plant association,128652,128652,395895,395895,128652,128652,species,10,47126,,TRUE,128652,Salvia coccinea,1471011,48460/47126/211194/47125/47124/48151/48623/520502/918917/919182/50644/1470981/1471011,"48460,47126,211194,47125,47124,48151,48623,520502,918917,919182,50644,1470981,1471011,128652",FALSE,FALSE,2012-05-19T17:11:04+00:00,2,5,21812,FALSE,21812,NA,131123,NA,http://en.wikipedia.org/wiki/Salvia_coccinea,Plantae,Tropical sage,14351934,cc0,"no rights reserved, uploaded by Brady Reed",https://inaturalist-open-data.s3.amazonaws.com/photos/14351934/square.jpg,,Brady Reed,https://inaturalist-open-data.s3.amazonaws.com/photos/14351934/square.jpg,https://inaturalist-open-data.s3.amazonaws.com/photos/14351934/medium.jpg,2048,1365,3,0,395895,wildlander,FALSE,FALSE,2017-01-27T05:07:18+00:00,wildlander,wildlander,Jared Gorrell,Jared Gorrell,NA,https://static.inaturalist.org/attachments/users/icons/395895/thumb.jpg?1689032258,134015,182987,14,317016,13490,316,134015,,1,https://static.inaturalist.org/attachments/users/icons/395895/medium.jpg?1689032258,NA,NA,NA,NA,NA,NA,NA,NA,NA,Markham,Salvia coccinea,Salvia coccinea | Phoebis philea
Burnsius albezens,https://www.inaturalist.org/observations/38733071,MaryJo,Bidens,alba,Toni,100%,Thomas,37676962,e2ddaf8a-3afe-49e0-a4a9-22351d1e15e8,10524,taxon,Plant association,Plant association,1095846,1095846,395895,395895,1095846,1095846,species,10,47126,,TRUE,1095846,Bidens alba,50204,48460/47126/211194/47125/47124/47605/47604/632790/568277/50204,"48460,47126,211194,47125,47124,47605,47604,632790,568277,50204,1095846",FALSE,FALSE,2020-06-05T17:31:55+00:00,4,2,91756,FALSE,91756,NA,30122,NA,https://en.wikipedia.org/wiki/Bidens_alba,Plantae,White beggarticks,86500140,cc0,"no rights reserved, uploaded by 葉子",https://inaturalist-open-data.s3.amazonaws.com/photos/86500140/square.jpeg,,葉子,https://inaturalist-open-data.s3.amazonaws.com/photos/86500140/square.jpeg,https://inaturalist-open-data.s3.amazonaws.com/photos/86500140/medium.jpeg,1536,2048,3,0,395895,wildlander,FALSE,FALSE,2017-01-27T05:07:18+00:00,wildlander,wildlander,Jared Gorrell,Jared Gorrell,NA,https://static.inaturalist.org/attachments/users/icons/395895/thumb.jpg?1689032258,134015,182987,14,317016,13490,316,134015,,1,https://static.inaturalist.org/attachments/users/icons/395895/medium.jpg?1689032258,NA,NA,NA,NA,NA,NA,NA,NA,NA,Markham,Bidens alba,Bidens alba | Burnsius albezens
Phoebis philea,https://www.inaturalist.org/observations/38799424,MaryJo,Pseudogynoxys,chenopodioides,Toni,100%,Thomas,NA,NA,NA,NA,NA,NA,NA,NA,NA,NA,NA,NA,NA,NA,NA,,NA,NA,NA,NA,NA,NA,NA,NA,NA,NA,NA,NA,NA,NA,NA,NA,NA,NA,NA,NA,NA,NA,NA,NA,,NA,NA,NA,NA,NA,NA,NA,NA,NA,NA,NA,NA,NA,NA,NA,NA,NA,NA,NA,NA,NA,NA,NA,NA,NA,,NA,NA,NA,NA,NA,NA,NA,NA,NA,NA,NA,Markham,Pseudogynoxys chenopodioides,Pseudogynoxys chenopodioides | Phoebis philea
Phoebis statira,https://www.inaturalist.org/observations/38799614,MaryJo,Salvia,coccinea,Toni,100%,Thomas,NA,NA,NA,NA,NA,NA,NA,NA,NA,NA,NA,NA,NA,NA,NA,,NA,NA,NA,NA,NA,NA,NA,NA,NA,NA,NA,NA,NA,NA,NA,NA,NA,NA,NA,NA,NA,NA,NA,NA,,NA,NA,NA,NA,NA,NA,NA,NA,NA,NA,NA,NA,NA,NA,NA,NA,NA,NA,NA,NA,NA,NA,NA,NA,NA,,NA,NA,NA,NA,NA,NA,NA,NA,NA,NA,NA,Markham,Salvia coccinea,Salvia coccinea | Phoebis statira
Leptotes cassius,https://www.inaturalist.org/observations/39262079,MaryJo,Ludwigia,octovalvis,Toni,>80%,Thomas,NA,NA,NA,NA,NA,NA,NA,NA,NA,NA,NA,NA,NA,NA,NA,,NA,NA,NA,NA,NA,NA,NA,NA,NA,NA,NA,NA,NA,NA,NA,NA,NA,NA,NA,NA,NA,NA,NA,NA,,NA,NA,NA,NA,NA,NA,NA,NA,NA,NA,NA,NA,NA,NA,NA,NA,NA,NA,NA,NA,NA,NA,NA,NA,NA,,NA,NA,NA,NA,NA,NA,NA,NA,NA,NA,NA,Markham,Ludwigia octovalvis,Ludwigia octovalvis | Leptotes cassius
Danaus gilippus,https://www.inaturalist.org/observations/39262084,MaryJo,Conoclinium,coelestinum,Toni,>80%,Thomas,NA,NA,NA,NA,NA,NA,NA,NA,NA,NA,NA,NA,NA,NA,NA,,NA,NA,NA,NA,NA,NA,NA,NA,NA,NA,NA,NA,NA,NA,NA,NA,NA,NA,NA,NA,NA,NA,NA,NA,,NA,NA,NA,NA,NA,NA,NA,NA,NA,NA,NA,NA,NA,NA,NA,NA,NA,NA,NA,NA,NA,NA,NA,NA,NA,,NA,NA,NA,NA,NA,NA,NA,NA,NA,NA,NA,Markham,Conoclinium coelestinum,Conoclinium coelestinum | Danaus gilippus
Nathalis iole,https://www.inaturalist.org/observations/39280066,MaryJo,Phyla,nodiflora,Toni,100%,Thomas,NA,NA,NA,NA,NA,NA,NA,NA,NA,NA,NA,NA,NA,NA,NA,,NA,NA,NA,NA,NA,NA,NA,NA,NA,NA,NA,NA,NA,NA,NA,NA,NA,NA,NA,NA,NA,NA,NA,NA,,NA,NA,NA,NA,NA,NA,NA,NA,NA,NA,NA,NA,NA,NA,NA,NA,NA,NA,NA,NA,NA,NA,NA,NA,NA,,NA,NA,NA,NA,NA,NA,NA,NA,NA,NA,NA,Markham,Phyla nodiflora,Phyla nodiflora | Nathalis iole
Cymaenes tripunctus,https://www.inaturalist.org/observations/39280067,MaryJo,Lantana,strigocamara,Toni,100%,Thomas,12049063,a79928f0-e16b-4bcd-8623-439b520b0619,3126,taxon,Interaction->Visited flower of,Interaction->Visited flower of,50334,50334,349183,349183,50334,50334,genus,20,47126,,TRUE,50334,Lantana,936164,48460/47126/211194/47125/47124/48151/49194/936164,"48460,47126,211194,47125,47124,48151,49194,936164,50334",FALSE,FALSE,2009-03-16T04:29:37+00:00,0,2,262809,FALSE,262809,NA,NA,NA,https://en.wikipedia.org/wiki/Lantana,Plantae,Lantanas,56710180,cc-by-nc,"(c) Alberto, some rights reserved (CC BY-NC), uploaded by Alberto",https://inaturalist-open-data.s3.amazonaws.com/photos/56710180/square.jpeg,,Alberto,https://inaturalist-open-data.s3.amazonaws.com/photos/56710180/square.jpeg,https://inaturalist-open-data.s3.amazonaws.com/photos/56710180/medium.jpeg,2048,1536,12,0,349183,joemdo,FALSE,FALSE,2016-10-12T00:08:13+00:00,joemdo,joemdo,Joe MDO,Joe MDO,NA,https://static.inaturalist.org/attachments/users/icons/349183/thumb.jpg?1662070326,126435,249147,9,375591,11568,63401,126435,,1,https://static.inaturalist.org/attachments/users/icons/349183/medium.jpg?1662070326,NA,NA,NA,NA,NA,NA,NA,NA,NA,Markham,Lantana strigocamara,Lantana strigocamara | Cymaenes tripunctus
Erynnis horatius,https://www.inaturalist.org/observations/39280068,MaryJo,Bidens,alba,Toni,100%,Thomas,NA,NA,NA,NA,NA,NA,NA,NA,NA,NA,NA,NA,NA,NA,NA,,NA,NA,NA,NA,NA,NA,NA,NA,NA,NA,NA,NA,NA,NA,NA,NA,NA,NA,NA,NA,NA,NA,NA,NA,,NA,NA,NA,NA,NA,NA,NA,NA,NA,NA,NA,NA,NA,NA,NA,NA,NA,NA,NA,NA,NA,NA,NA,NA,NA,,NA,NA,NA,NA,NA,NA,NA,NA,NA,NA,NA,Markham,Bidens alba,Bidens alba | Erynnis horatius
Thorybes dorantes,https://www.inaturalist.org/observations/39918162,MaryJo,Chromolaena,odorata,Toni,100%,Thomas,NA,NA,NA,NA,NA,NA,NA,NA,NA,NA,NA,NA,NA,NA,NA,,NA,NA,NA,NA,NA,NA,NA,NA,NA,NA,NA,NA,NA,NA,NA,NA,NA,NA,NA,NA,NA,NA,NA,NA,,NA,NA,NA,NA,NA,NA,NA,NA,NA,NA,NA,NA,NA,NA,NA,NA,NA,NA,NA,NA,NA,NA,NA,NA,NA,,NA,NA,NA,NA,NA,NA,NA,NA,NA,NA,NA,Markham,Chromolaena odorata,Chromolaena odorata | Thorybes dorantes
Lerema accius,https://www.inaturalist.org/observations/46278662,MaryJo,Stachytarpheta,jamaicensis,Toni,100%,Thomas,NA,NA,NA,NA,NA,NA,NA,NA,NA,NA,NA,NA,NA,NA,NA,,NA,NA,NA,NA,NA,NA,NA,NA,NA,NA,NA,NA,NA,NA,NA,NA,NA,NA,NA,NA,NA,NA,NA,NA,,NA,NA,NA,NA,NA,NA,NA,NA,NA,NA,NA,NA,NA,NA,NA,NA,NA,NA,NA,NA,NA,NA,NA,NA,NA,,NA,NA,NA,NA,NA,NA,NA,NA,NA,NA,NA,Markham,Stachytarpheta jamaicensis,Stachytarpheta jamaicensis | Lerema accius
Heliconius charithonia,https://www.inaturalist.org/observations/46546865,MaryJo,Hamelia,patens,Toni,100%,Thomas,NA,NA,NA,NA,NA,NA,NA,NA,NA,NA,NA,NA,NA,NA,NA,,NA,NA,NA,NA,NA,NA,NA,NA,NA,NA,NA,NA,NA,NA,NA,NA,NA,NA,NA,NA,NA,NA,NA,NA,,NA,NA,NA,NA,NA,NA,NA,NA,NA,NA,NA,NA,NA,NA,NA,NA,NA,NA,NA,NA,NA,NA,NA,NA,NA,,NA,NA,NA,NA,NA,NA,NA,NA,NA,NA,NA,Markham,Hamelia patens,Hamelia patens | Heliconius charithonia
Asbolis capucinus,https://www.inaturalist.org/observations/46547127,MaryJo,Bidens,alba,Lange,100%,Thomas,NA,NA,NA,NA,NA,NA,NA,NA,NA,NA,NA,NA,NA,NA,NA,,NA,NA,NA,NA,NA,NA,NA,NA,NA,NA,NA,NA,NA,NA,NA,NA,NA,NA,NA,NA,NA,NA,NA,NA,,NA,NA,NA,NA,NA,NA,NA,NA,NA,NA,NA,NA,NA,NA,NA,NA,NA,NA,NA,NA,NA,NA,NA,NA,NA,,NA,NA,NA,NA,NA,NA,NA,NA,NA,NA,NA,Markham,Bidens alba,Bidens alba | Asbolis capucinus
Leptotes cassius,https://www.inaturalist.org/observations/46548841,MaryJo,Bidens,alba,Toni,100%,Thomas,12014011,f8d01b94-038e-493b-b9df-17ad1641ba9c,3126,taxon,Interaction->Visited flower of,Interaction->Visited flower of,1095846,1095846,NA,349183,1095846,1095846,species,10,47126,,TRUE,1095846,Bidens alba,50204,48460/47126/211194/47125/47124/47605/47604/632790/568277/50204,"48460,47126,211194,47125,47124,47605,47604,632790,568277,50204,1095846",FALSE,FALSE,2020-06-05T17:31:55+00:00,4,2,91756,FALSE,91756,NA,30122,NA,https://en.wikipedia.org/wiki/Bidens_alba,Plantae,White beggarticks,86500140,cc0,"no rights reserved, uploaded by 葉子",https://inaturalist-open-data.s3.amazonaws.com/photos/86500140/square.jpeg,,葉子,https://inaturalist-open-data.s3.amazonaws.com/photos/86500140/square.jpeg,https://inaturalist-open-data.s3.amazonaws.com/photos/86500140/medium.jpeg,1536,2048,3,0,349183,joemdo,FALSE,FALSE,2016-10-12T00:08:13+00:00,joemdo,joemdo,Joe MDO,Joe MDO,NA,https://static.inaturalist.org/attachments/users/icons/349183/thumb.jpg?1662070326,126435,249147,9,375591,11568,63401,126435,,1,https://static.inaturalist.org/attachments/users/icons/349183/medium.jpg?1662070326,NA,NA,NA,NA,NA,NA,NA,NA,NA,Markham,Bidens alba,Bidens alba | Leptotes cassius
Danaus gilippus,https://www.inaturalist.org/observations/46549379,MaryJo,Bidens,alba,Toni,100%,Thomas,NA,NA,NA,NA,NA,NA,NA,NA,NA,NA,NA,NA,NA,NA,NA,,NA,NA,NA,NA,NA,NA,NA,NA,NA,NA,NA,NA,NA,NA,NA,NA,NA,NA,NA,NA,NA,NA,NA,NA,,NA,NA,NA,NA,NA,NA,NA,NA,NA,NA,NA,NA,NA,NA,NA,NA,NA,NA,NA,NA,NA,NA,NA,NA,NA,,NA,NA,NA,NA,NA,NA,NA,NA,NA,NA,NA,Markham,Bidens alba,Bidens alba | Danaus gilippus
Danaus plexippus,https://www.inaturalist.org/observations/46550563,MaryJo,Bidens,alba,Toni,100%,Thomas,NA,NA,NA,NA,NA,NA,NA,NA,NA,NA,NA,NA,NA,NA,NA,,NA,NA,NA,NA,NA,NA,NA,NA,NA,NA,NA,NA,NA,NA,NA,NA,NA,NA,NA,NA,NA,NA,NA,NA,,NA,NA,NA,NA,NA,NA,NA,NA,NA,NA,NA,NA,NA,NA,NA,NA,NA,NA,NA,NA,NA,NA,NA,NA,NA,,NA,NA,NA,NA,NA,NA,NA,NA,NA,NA,NA,Markham,Bidens alba,Bidens alba | Danaus plexippus
Trigonopeltastes delta,https://www.inaturalist.org/observations/47044390,Thomas,Psychotria,nervosa,Toni,100%,NA,NA,NA,NA,NA,NA,NA,NA,NA,NA,NA,NA,NA,NA,NA,NA,,NA,NA,NA,NA,NA,NA,NA,NA,NA,NA,NA,NA,NA,NA,NA,NA,NA,NA,NA,NA,NA,NA,NA,NA,,NA,NA,NA,NA,NA,NA,NA,NA,NA,NA,NA,NA,NA,NA,NA,NA,NA,NA,NA,NA,NA,NA,NA,NA,NA,,NA,NA,NA,NA,NA,NA,NA,NA,NA,NA,NA,Quiet Waters,Psychotria nervosa,Psychotria nervosa | Trigonopeltastes delta
Eumaeus atala,https://www.inaturalist.org/observations/47044535,Thomas,Psychotria,nervosa,Adam,100%,NA,NA,NA,NA,NA,NA,NA,NA,NA,NA,NA,NA,NA,NA,NA,NA,,NA,NA,NA,NA,NA,NA,NA,NA,NA,NA,NA,NA,NA,NA,NA,NA,NA,NA,NA,NA,NA,NA,NA,NA,,NA,NA,NA,NA,NA,NA,NA,NA,NA,NA,NA,NA,NA,NA,NA,NA,NA,NA,NA,NA,NA,NA,NA,NA,NA,,NA,NA,NA,NA,NA,NA,NA,NA,NA,NA,NA,Quiet Waters,Psychotria nervosa,Psychotria nervosa | Eumaeus atala
Heliconius charithonia,https://www.inaturalist.org/observations/47044537,Thomas,Psychotria,nervosa,Toni,100%,NA,NA,NA,NA,NA,NA,NA,NA,NA,NA,NA,NA,NA,NA,NA,NA,,NA,NA,NA,NA,NA,NA,NA,NA,NA,NA,NA,NA,NA,NA,NA,NA,NA,NA,NA,NA,NA,NA,NA,NA,,NA,NA,NA,NA,NA,NA,NA,NA,NA,NA,NA,NA,NA,NA,NA,NA,NA,NA,NA,NA,NA,NA,NA,NA,NA,,NA,NA,NA,NA,NA,NA,NA,NA,NA,NA,NA,Quiet Waters,Psychotria nervosa,Psychotria nervosa | Heliconius charithonia
Augochlora pura,https://www.inaturalist.org/observations/47892720,Thomas,Tribulus,cistoides,Lange,100%,NA,15296703,44f37bbf-3733-44af-bbc3-42f0dfb82f0f,3126,taxon,Interaction->Visited flower of,Interaction->Visited flower of,47125,47125,NA,363007,47125,47125,subphylum,57,47126,,TRUE,47125,Angiospermae,211194,48460/47126/211194,"48460,47126,211194,47125",FALSE,FALSE,2008-04-02T01:59:35+00:00,5,2,138102920,FALSE,138102920,NA,NA,NA,https://en.wikipedia.org/wiki/Flowering_plant,Plantae,flowering plants,6943609,cc-by-nc,"(c) Amy, some rights reserved (CC BY-NC), uploaded by Amy",https://inaturalist-open-data.s3.amazonaws.com/photos/6943609/square.jpg,,Amy,https://inaturalist-open-data.s3.amazonaws.com/photos/6943609/square.jpg,https://inaturalist-open-data.s3.amazonaws.com/photos/6943609/medium.jpg,2048,2048,15,0,363007,eridanxharahi,FALSE,FALSE,2016-11-03T16:32:02+00:00,eridanxharahi,eridanxharahi,Eridan Xharahi,Eridan Xharahi,NA,https://static.inaturalist.org/attachments/users/icons/363007/thumb.jpg?1616685587,5014,3500,0,8514,1712,21,5014,,1,https://static.inaturalist.org/attachments/users/icons/363007/medium.jpg?1616685587,NA,NA,NA,NA,NA,NA,NA,NA,NA,Quiet Waters,Tribulus cistoides,Tribulus cistoides | Augochlora pura
Strymon istapa,https://www.inaturalist.org/observations/47892746,Thomas,Bidens,alba,Toni,100%,NA,12013936,dc3c262e-3733-4302-9cd0-1456bb2ee7dd,3126,taxon,Interaction->Visited flower of,Interaction->Visited flower of,1095846,1095846,349183,349183,1095846,1095846,species,10,47126,,TRUE,1095846,Bidens alba,50204,48460/47126/211194/47125/47124/47605/47604/632790/568277/50204,"48460,47126,211194,47125,47124,47605,47604,632790,568277,50204,1095846",FALSE,FALSE,2020-06-05T17:31:55+00:00,4,2,91756,FALSE,91756,NA,30122,NA,https://en.wikipedia.org/wiki/Bidens_alba,Plantae,White beggarticks,86500140,cc0,"no rights reserved, uploaded by 葉子",https://inaturalist-open-data.s3.amazonaws.com/photos/86500140/square.jpeg,,葉子,https://inaturalist-open-data.s3.amazonaws.com/photos/86500140/square.jpeg,https://inaturalist-open-data.s3.amazonaws.com/photos/86500140/medium.jpeg,1536,2048,3,0,349183,joemdo,FALSE,FALSE,2016-10-12T00:08:13+00:00,joemdo,joemdo,Joe MDO,Joe MDO,NA,https://static.inaturalist.org/attachments/users/icons/349183/thumb.jpg?1662070326,126435,249147,9,375591,11568,63401,126435,,1,https://static.inaturalist.org/attachments/users/icons/349183/medium.jpg?1662070326,NA,NA,NA,NA,NA,NA,NA,NA,NA,Quiet Waters,Bidens alba,Bidens alba | Strymon istapa
Megachile parallela,https://www.inaturalist.org/observations/47893541,Thomas,Bidens,alba,Toni,100%,NA,12602993,961e29ed-7bc8-44ca-b308-ef8639cc2b0a,3126,taxon,Interaction->Visited flower of,Interaction->Visited flower of,1095846,1095846,NA,349183,1095846,1095846,species,10,47126,,TRUE,1095846,Bidens alba,50204,48460/47126/211194/47125/47124/47605/47604/632790/568277/50204,"48460,47126,211194,47125,47124,47605,47604,632790,568277,50204,1095846",FALSE,FALSE,2020-06-05T17:31:55+00:00,4,2,91756,FALSE,91756,NA,30122,NA,https://en.wikipedia.org/wiki/Bidens_alba,Plantae,White beggarticks,86500140,cc0,"no rights reserved, uploaded by 葉子",https://inaturalist-open-data.s3.amazonaws.com/photos/86500140/square.jpeg,,葉子,https://inaturalist-open-data.s3.amazonaws.com/photos/86500140/square.jpeg,https://inaturalist-open-data.s3.amazonaws.com/photos/86500140/medium.jpeg,1536,2048,3,0,349183,joemdo,FALSE,FALSE,2016-10-12T00:08:13+00:00,joemdo,joemdo,Joe MDO,Joe MDO,NA,https://static.inaturalist.org/attachments/users/icons/349183/thumb.jpg?1662070326,126435,249147,9,375591,11568,63401,126435,,1,https://static.inaturalist.org/attachments/users/icons/349183/medium.jpg?1662070326,NA,NA,NA,NA,NA,NA,NA,NA,NA,Quiet Waters,Bidens alba,Bidens alba | Megachile parallela
Heliconius charithonia,https://www.inaturalist.org/observations/48259927,MaryJo,Lantana,strigocamara,Toni,100%,Thomas,NA,NA,NA,NA,NA,NA,NA,NA,NA,NA,NA,NA,NA,NA,NA,,NA,NA,NA,NA,NA,NA,NA,NA,NA,NA,NA,NA,NA,NA,NA,NA,NA,NA,NA,NA,NA,NA,NA,NA,,NA,NA,NA,NA,NA,NA,NA,NA,NA,NA,NA,NA,NA,NA,NA,NA,NA,NA,NA,NA,NA,NA,NA,NA,NA,,NA,NA,NA,NA,NA,NA,NA,NA,NA,NA,NA,Markham,Lantana strigocamara,Lantana strigocamara | Heliconius charithonia
Danaus plexippus,https://www.inaturalist.org/observations/48260081,MaryJo,Bidens,alba,Toni,100%,Thomas,NA,NA,NA,NA,NA,NA,NA,NA,NA,NA,NA,NA,NA,NA,NA,,NA,NA,NA,NA,NA,NA,NA,NA,NA,NA,NA,NA,NA,NA,NA,NA,NA,NA,NA,NA,NA,NA,NA,NA,,NA,NA,NA,NA,NA,NA,NA,NA,NA,NA,NA,NA,NA,NA,NA,NA,NA,NA,NA,NA,NA,NA,NA,NA,NA,,NA,NA,NA,NA,NA,NA,NA,NA,NA,NA,NA,Markham,Bidens alba,Bidens alba | Danaus plexippus
Leptotes cassius,https://www.inaturalist.org/observations/48260842,Tessa,Rivina,humilis,Toni,>80%,Thomas,NA,NA,NA,NA,NA,NA,NA,NA,NA,NA,NA,NA,NA,NA,NA,,NA,NA,NA,NA,NA,NA,NA,NA,NA,NA,NA,NA,NA,NA,NA,NA,NA,NA,NA,NA,NA,NA,NA,NA,,NA,NA,NA,NA,NA,NA,NA,NA,NA,NA,NA,NA,NA,NA,NA,NA,NA,NA,NA,NA,NA,NA,NA,NA,NA,,NA,NA,NA,NA,NA,NA,NA,NA,NA,NA,NA,Markham,Rivina humilis,Rivina humilis | Leptotes cassius
Anartia jatrophae,https://www.inaturalist.org/observations/50591202,Thomas,Bidens,alba,Toni,100%,NA,NA,NA,NA,NA,NA,NA,NA,NA,NA,NA,NA,NA,NA,NA,NA,,NA,NA,NA,NA,NA,NA,NA,NA,NA,NA,NA,NA,NA,NA,NA,NA,NA,NA,NA,NA,NA,NA,NA,NA,,NA,NA,NA,NA,NA,NA,NA,NA,NA,NA,NA,NA,NA,NA,NA,NA,NA,NA,NA,NA,NA,NA,NA,NA,NA,,NA,NA,NA,NA,NA,NA,NA,NA,NA,NA,NA,Vista View,Bidens alba,Bidens alba | Anartia jatrophae
Hylephila phyleus,https://www.inaturalist.org/observations/50591768,Thomas,Bidens,alba,Toni,100%,NA,NA,NA,NA,NA,NA,NA,NA,NA,NA,NA,NA,NA,NA,NA,NA,,NA,NA,NA,NA,NA,NA,NA,NA,NA,NA,NA,NA,NA,NA,NA,NA,NA,NA,NA,NA,NA,NA,NA,NA,,NA,NA,NA,NA,NA,NA,NA,NA,NA,NA,NA,NA,NA,NA,NA,NA,NA,NA,NA,NA,NA,NA,NA,NA,NA,,NA,NA,NA,NA,NA,NA,NA,NA,NA,NA,NA,Vista View,Bidens alba,Bidens alba | Hylephila phyleus
Eumaeus atala,https://www.inaturalist.org/observations/51283925,MaryJo,Bidens,alba,Toni,100%,Thomas,12013901,3284beb2-b9e1-4845-826e-5b72ee23093c,3126,taxon,Interaction->Visited flower of,Interaction->Visited flower of,1095846,1095846,NA,349183,1095846,1095846,species,10,47126,,TRUE,1095846,Bidens alba,50204,48460/47126/211194/47125/47124/47605/47604/632790/568277/50204,"48460,47126,211194,47125,47124,47605,47604,632790,568277,50204,1095846",FALSE,FALSE,2020-06-05T17:31:55+00:00,4,2,91756,FALSE,91756,NA,30122,NA,https://en.wikipedia.org/wiki/Bidens_alba,Plantae,White beggarticks,86500140,cc0,"no rights reserved, uploaded by 葉子",https://inaturalist-open-data.s3.amazonaws.com/photos/86500140/square.jpeg,,葉子,https://inaturalist-open-data.s3.amazonaws.com/photos/86500140/square.jpeg,https://inaturalist-open-data.s3.amazonaws.com/photos/86500140/medium.jpeg,1536,2048,3,0,349183,joemdo,FALSE,FALSE,2016-10-12T00:08:13+00:00,joemdo,joemdo,Joe MDO,Joe MDO,NA,https://static.inaturalist.org/attachments/users/icons/349183/thumb.jpg?1662070326,126435,249147,9,375591,11568,63401,126435,,1,https://static.inaturalist.org/attachments/users/icons/349183/medium.jpg?1662070326,NA,NA,NA,NA,NA,NA,NA,NA,NA,Quiet Waters,Bidens alba,Bidens alba | Eumaeus atala
Anartia jatrophae,https://www.inaturalist.org/observations/54653901,Tessa,Sphagneticola,trilobata,Toni,100%,Thomas,NA,NA,NA,NA,NA,NA,NA,NA,NA,NA,NA,NA,NA,NA,NA,,NA,NA,NA,NA,NA,NA,NA,NA,NA,NA,NA,NA,NA,NA,NA,NA,NA,NA,NA,NA,NA,NA,NA,NA,,NA,NA,NA,NA,NA,NA,NA,NA,NA,NA,NA,NA,NA,NA,NA,NA,NA,NA,NA,NA,NA,NA,NA,NA,NA,,NA,NA,NA,NA,NA,NA,NA,NA,NA,NA,NA,Markham,Sphagneticola trilobata,Sphagneticola trilobata | Anartia jatrophae
Dryas iulia,https://www.inaturalist.org/observations/54873415,MaryJo,Hamelia,patens,Jake,100%,Thomas,NA,NA,NA,NA,NA,NA,NA,NA,NA,NA,NA,NA,NA,NA,NA,,NA,NA,NA,NA,NA,NA,NA,NA,NA,NA,NA,NA,NA,NA,NA,NA,NA,NA,NA,NA,NA,NA,NA,NA,,NA,NA,NA,NA,NA,NA,NA,NA,NA,NA,NA,NA,NA,NA,NA,NA,NA,NA,NA,NA,NA,NA,NA,NA,NA,,NA,NA,NA,NA,NA,NA,NA,NA,NA,NA,NA,Long Key,Hamelia patens,Hamelia patens | Dryas iulia
Heliconius charithonia,https://www.inaturalist.org/observations/54873560,MaryJo,Sphagneticola,trilobata,Jake,100%,Thomas,NA,NA,NA,NA,NA,NA,NA,NA,NA,NA,NA,NA,NA,NA,NA,,NA,NA,NA,NA,NA,NA,NA,NA,NA,NA,NA,NA,NA,NA,NA,NA,NA,NA,NA,NA,NA,NA,NA,NA,,NA,NA,NA,NA,NA,NA,NA,NA,NA,NA,NA,NA,NA,NA,NA,NA,NA,NA,NA,NA,NA,NA,NA,NA,NA,,NA,NA,NA,NA,NA,NA,NA,NA,NA,NA,NA,Long Key,Sphagneticola trilobata,Sphagneticola trilobata | Heliconius charithonia
Phyciodes phaon,https://www.inaturalist.org/observations/54957265,Tessa,Phyla,nodiflora,Toni,100%,Thomas,12273368,8573ed65-9a9b-4de4-b574-d99904265ce0,3126,taxon,Interaction->Visited flower of,Interaction->Visited flower of,59040,59040,NA,3052173,59040,59040,species,10,47126,,TRUE,59040,Phyla nodiflora,59041,48460/47126/211194/47125/47124/48151/49194/936164/59041,"48460,47126,211194,47125,47124,48151,49194,936164,59041,59040",FALSE,FALSE,2010-04-02T06:40:15+00:00,3,7,46236,FALSE,46236,NA,NA,NA,http://en.wikipedia.org/wiki/Phyla_nodiflora,Plantae,turkey tangle frogfruit,260096290,NA,"(c) 陳志豪, all rights reserved, uploaded by 陳志豪",https://static.inaturalist.org/photos/260096290/square.jpeg,,陳志豪,https://static.inaturalist.org/photos/260096290/square.jpeg,https://static.inaturalist.org/photos/260096290/medium.jpeg,1536,2048,2,0,3052173,sara_lena,FALSE,FALSE,2020-05-24T16:55:40+00:00,sara_lena,sara_lena,Sara Burgoa,Sara Burgoa,NA,https://static.inaturalist.org/attachments/users/icons/3052173/thumb.jpg?1721765706,1333,1922,0,3255,574,433,1333,,1,https://static.inaturalist.org/attachments/users/icons/3052173/medium.jpg?1721765706,NA,NA,NA,NA,NA,NA,NA,NA,NA,Markham,Phyla nodiflora,Phyla nodiflora | Phyciodes phaon
Apis mellifera,https://www.inaturalist.org/observations/59515278,Tessa,Bidens,alba,Toni,100%,Thomas,12657636,ebe4ca32-760c-4459-be53-dbc7b425dcb8,3126,taxon,Interaction->Visited flower of,Interaction->Visited flower of,1095846,1095846,NA,3052173,1095846,1095846,species,10,47126,,TRUE,1095846,Bidens alba,50204,48460/47126/211194/47125/47124/47605/47604/632790/568277/50204,"48460,47126,211194,47125,47124,47605,47604,632790,568277,50204,1095846",FALSE,FALSE,2020-06-05T17:31:55+00:00,4,2,91756,FALSE,91756,NA,30122,NA,https://en.wikipedia.org/wiki/Bidens_alba,Plantae,White beggarticks,86500140,cc0,"no rights reserved, uploaded by 葉子",https://inaturalist-open-data.s3.amazonaws.com/photos/86500140/square.jpeg,,葉子,https://inaturalist-open-data.s3.amazonaws.com/photos/86500140/square.jpeg,https://inaturalist-open-data.s3.amazonaws.com/photos/86500140/medium.jpeg,1536,2048,3,0,3052173,sara_lena,FALSE,FALSE,2020-05-24T16:55:40+00:00,sara_lena,sara_lena,Sara Burgoa,Sara Burgoa,NA,https://static.inaturalist.org/attachments/users/icons/3052173/thumb.jpg?1721765706,1333,1922,0,3255,574,433,1333,,1,https://static.inaturalist.org/attachments/users/icons/3052173/medium.jpg?1721765706,NA,NA,NA,NA,NA,NA,NA,NA,NA,Markham,Bidens alba,Bidens alba | Apis mellifera
Anartia jatrophae,https://www.inaturalist.org/observations/61230129,Thomas,Bidens,alba,Toni,100%,NA,NA,NA,NA,NA,NA,NA,NA,NA,NA,NA,NA,NA,NA,NA,NA,,NA,NA,NA,NA,NA,NA,NA,NA,NA,NA,NA,NA,NA,NA,NA,NA,NA,NA,NA,NA,NA,NA,NA,NA,,NA,NA,NA,NA,NA,NA,NA,NA,NA,NA,NA,NA,NA,NA,NA,NA,NA,NA,NA,NA,NA,NA,NA,NA,NA,,NA,NA,NA,NA,NA,NA,NA,NA,NA,NA,NA,Quiet Waters,Bidens alba,Bidens alba | Anartia jatrophae
Hylephila phyleus,https://www.inaturalist.org/observations/61738814,MaryJo,Bidens,alba,Toni,100%,Thomas,13017927,e4bc70e5-e4a9-4386-9dca-e496d2657437,3126,taxon,Interaction->Visited flower of,Interaction->Visited flower of,1095846,1095846,641829,641829,1095846,1095846,species,10,47126,,TRUE,1095846,Bidens alba,50204,48460/47126/211194/47125/47124/47605/47604/632790/568277/50204,"48460,47126,211194,47125,47124,47605,47604,632790,568277,50204,1095846",FALSE,FALSE,2020-06-05T17:31:55+00:00,4,2,91756,FALSE,91756,NA,30122,NA,https://en.wikipedia.org/wiki/Bidens_alba,Plantae,White beggarticks,86500140,cc0,"no rights reserved, uploaded by 葉子",https://inaturalist-open-data.s3.amazonaws.com/photos/86500140/square.jpeg,,葉子,https://inaturalist-open-data.s3.amazonaws.com/photos/86500140/square.jpeg,https://inaturalist-open-data.s3.amazonaws.com/photos/86500140/medium.jpeg,1536,2048,3,0,641829,brice_c,FALSE,FALSE,2017-09-23T15:32:23+00:00,brice_c,brice_c,Brice C.,Brice C.,NA,https://static.inaturalist.org/attachments/users/icons/641829/thumb.jpg?1717518964,18255,21621,2,39878,3949,3044,18255,,1,https://static.inaturalist.org/attachments/users/icons/641829/medium.jpg?1717518964,NA,NA,NA,NA,NA,NA,NA,NA,NA,Quiet Waters,Bidens alba,Bidens alba | Hylephila phyleus
Erynnis horatius,https://www.inaturalist.org/observations/61738821,MaryJo,Bidens,alba,Toni,100%,Thomas,13017924,45c13d79-bed7-4826-97f5-bc6ca8e78590,3126,taxon,Interaction->Visited flower of,Interaction->Visited flower of,1095846,1095846,NA,641829,1095846,1095846,species,10,47126,,TRUE,1095846,Bidens alba,50204,48460/47126/211194/47125/47124/47605/47604/632790/568277/50204,"48460,47126,211194,47125,47124,47605,47604,632790,568277,50204,1095846",FALSE,FALSE,2020-06-05T17:31:55+00:00,4,2,91756,FALSE,91756,NA,30122,NA,https://en.wikipedia.org/wiki/Bidens_alba,Plantae,White beggarticks,86500140,cc0,"no rights reserved, uploaded by 葉子",https://inaturalist-open-data.s3.amazonaws.com/photos/86500140/square.jpeg,,葉子,https://inaturalist-open-data.s3.amazonaws.com/photos/86500140/square.jpeg,https://inaturalist-open-data.s3.amazonaws.com/photos/86500140/medium.jpeg,1536,2048,3,0,641829,brice_c,FALSE,FALSE,2017-09-23T15:32:23+00:00,brice_c,brice_c,Brice C.,Brice C.,NA,https://static.inaturalist.org/attachments/users/icons/641829/thumb.jpg?1717518964,18255,21621,2,39878,3949,3044,18255,,1,https://static.inaturalist.org/attachments/users/icons/641829/medium.jpg?1717518964,NA,NA,NA,NA,NA,NA,NA,NA,NA,Quiet Waters,Bidens alba,Bidens alba | Erynnis horatius
Panoquina ocola,https://www.inaturalist.org/observations/61738823,MaryJo,Bidens,alba,Toni,100%,Thomas,13017923,94bda809-39f4-42de-8fb7-ce517c6f0c88,3126,taxon,Interaction->Visited flower of,Interaction->Visited flower of,1095846,1095846,NA,641829,1095846,1095846,species,10,47126,,TRUE,1095846,Bidens alba,50204,48460/47126/211194/47125/47124/47605/47604/632790/568277/50204,"48460,47126,211194,47125,47124,47605,47604,632790,568277,50204,1095846",FALSE,FALSE,2020-06-05T17:31:55+00:00,4,2,91756,FALSE,91756,NA,30122,NA,https://en.wikipedia.org/wiki/Bidens_alba,Plantae,White beggarticks,86500140,cc0,"no rights reserved, uploaded by 葉子",https://inaturalist-open-data.s3.amazonaws.com/photos/86500140/square.jpeg,,葉子,https://inaturalist-open-data.s3.amazonaws.com/photos/86500140/square.jpeg,https://inaturalist-open-data.s3.amazonaws.com/photos/86500140/medium.jpeg,1536,2048,3,0,641829,brice_c,FALSE,FALSE,2017-09-23T15:32:23+00:00,brice_c,brice_c,Brice C.,Brice C.,NA,https://static.inaturalist.org/attachments/users/icons/641829/thumb.jpg?1717518964,18255,21621,2,39878,3949,3044,18255,,1,https://static.inaturalist.org/attachments/users/icons/641829/medium.jpg?1717518964,NA,NA,NA,NA,NA,NA,NA,NA,NA,Quiet Waters,Bidens alba,Bidens alba | Panoquina ocola
Hylephila phyleus,https://www.inaturalist.org/observations/61738824,MaryJo,Bidens,alba,Toni,100%,Thomas,NA,NA,NA,NA,NA,NA,NA,NA,NA,NA,NA,NA,NA,NA,NA,,NA,NA,NA,NA,NA,NA,NA,NA,NA,NA,NA,NA,NA,NA,NA,NA,NA,NA,NA,NA,NA,NA,NA,NA,,NA,NA,NA,NA,NA,NA,NA,NA,NA,NA,NA,NA,NA,NA,NA,NA,NA,NA,NA,NA,NA,NA,NA,NA,NA,,NA,NA,NA,NA,NA,NA,NA,NA,NA,NA,NA,Quiet Waters,Bidens alba,Bidens alba | Hylephila phyleus
Dione vanillae,https://www.inaturalist.org/observations/61738827,MaryJo,Bidens,alba,Toni,100%,Thomas,13017919,adcbc62c-7fb2-4c34-8245-2486e7816755,3126,taxon,Interaction->Visited flower of,Interaction->Visited flower of,1095846,1095846,NA,641829,1095846,1095846,species,10,47126,,TRUE,1095846,Bidens alba,50204,48460/47126/211194/47125/47124/47605/47604/632790/568277/50204,"48460,47126,211194,47125,47124,47605,47604,632790,568277,50204,1095846",FALSE,FALSE,2020-06-05T17:31:55+00:00,4,2,91756,FALSE,91756,NA,30122,NA,https://en.wikipedia.org/wiki/Bidens_alba,Plantae,White beggarticks,86500140,cc0,"no rights reserved, uploaded by 葉子",https://inaturalist-open-data.s3.amazonaws.com/photos/86500140/square.jpeg,,葉子,https://inaturalist-open-data.s3.amazonaws.com/photos/86500140/square.jpeg,https://inaturalist-open-data.s3.amazonaws.com/photos/86500140/medium.jpeg,1536,2048,3,0,641829,brice_c,FALSE,FALSE,2017-09-23T15:32:23+00:00,brice_c,brice_c,Brice C.,Brice C.,NA,https://static.inaturalist.org/attachments/users/icons/641829/thumb.jpg?1717518964,18255,21621,2,39878,3949,3044,18255,,1,https://static.inaturalist.org/attachments/users/icons/641829/medium.jpg?1717518964,NA,NA,NA,NA,NA,NA,NA,NA,NA,Quiet Waters,Bidens alba,Bidens alba | Dione vanillae
Phoebis philea,https://www.inaturalist.org/observations/62000326,MaryJo,Hamelia,patens,Toni,100%,Thomas,13038686,c2c5b4c6-dee2-4391-bd48-28d3d5cd32c2,3126,taxon,Interaction->Visited flower of,Interaction->Visited flower of,126305,126305,NA,349183,126305,126305,species,10,47126,,TRUE,126305,Hamelia patens,126306,48460/47126/211194/47125/47124/47363/47693/788062/788055/126306,"48460,47126,211194,47125,47124,47363,47693,788062,788055,126306,126305",FALSE,FALSE,2012-03-24T15:52:25+00:00,0,3,21293,FALSE,21293,NA,NA,NA,http://en.wikipedia.org/wiki/Hamelia_patens,Plantae,Firebush,162979827,cc-by-nc,"(c) Cindy Chrisler, some rights reserved (CC BY-NC), uploaded by Cindy Chrisler",https://inaturalist-open-data.s3.amazonaws.com/photos/162979827/square.jpeg,,Cindy Chrisler,https://inaturalist-open-data.s3.amazonaws.com/photos/162979827/square.jpeg,https://inaturalist-open-data.s3.amazonaws.com/photos/162979827/medium.jpeg,1484,2048,0,0,349183,joemdo,FALSE,FALSE,2016-10-12T00:08:13+00:00,joemdo,joemdo,Joe MDO,Joe MDO,NA,https://static.inaturalist.org/attachments/users/icons/349183/thumb.jpg?1662070326,126435,249147,9,375591,11568,63401,126435,,1,https://static.inaturalist.org/attachments/users/icons/349183/medium.jpg?1662070326,NA,NA,NA,NA,NA,NA,NA,NA,NA,Quiet Waters,Hamelia patens,Hamelia patens | Phoebis philea
Panoquina ocola,https://www.inaturalist.org/observations/62739106,MaryJo,Bidens,alba,Toni,100%,Thomas,NA,NA,NA,NA,NA,NA,NA,NA,NA,NA,NA,NA,NA,NA,NA,,NA,NA,NA,NA,NA,NA,NA,NA,NA,NA,NA,NA,NA,NA,NA,NA,NA,NA,NA,NA,NA,NA,NA,NA,,NA,NA,NA,NA,NA,NA,NA,NA,NA,NA,NA,NA,NA,NA,NA,NA,NA,NA,NA,NA,NA,NA,NA,NA,NA,,NA,NA,NA,NA,NA,NA,NA,NA,NA,NA,NA,Quiet Waters,Bidens alba,Bidens alba | Panoquina ocola
Leptotes cassius,https://www.inaturalist.org/observations/62739108,MaryJo,Bidens,alba,Toni,100%,Thomas,NA,NA,NA,NA,NA,NA,NA,NA,NA,NA,NA,NA,NA,NA,NA,,NA,NA,NA,NA,NA,NA,NA,NA,NA,NA,NA,NA,NA,NA,NA,NA,NA,NA,NA,NA,NA,NA,NA,NA,,NA,NA,NA,NA,NA,NA,NA,NA,NA,NA,NA,NA,NA,NA,NA,NA,NA,NA,NA,NA,NA,NA,NA,NA,NA,,NA,NA,NA,NA,NA,NA,NA,NA,NA,NA,NA,Quiet Waters,Bidens alba,Bidens alba | Leptotes cassius
Erynnis horatius,https://www.inaturalist.org/observations/62739111,MaryJo,Bidens,alba,Toni,100%,Thomas,NA,NA,NA,NA,NA,NA,NA,NA,NA,NA,NA,NA,NA,NA,NA,,NA,NA,NA,NA,NA,NA,NA,NA,NA,NA,NA,NA,NA,NA,NA,NA,NA,NA,NA,NA,NA,NA,NA,NA,,NA,NA,NA,NA,NA,NA,NA,NA,NA,NA,NA,NA,NA,NA,NA,NA,NA,NA,NA,NA,NA,NA,NA,NA,NA,,NA,NA,NA,NA,NA,NA,NA,NA,NA,NA,NA,Quiet Waters,Bidens alba,Bidens alba | Erynnis horatius
Strymon istapa,https://www.inaturalist.org/observations/62739112,MaryJo,Spermacoce,verticillata,Toni,100%,Thomas,NA,NA,NA,NA,NA,NA,NA,NA,NA,NA,NA,NA,NA,NA,NA,,NA,NA,NA,NA,NA,NA,NA,NA,NA,NA,NA,NA,NA,NA,NA,NA,NA,NA,NA,NA,NA,NA,NA,NA,,NA,NA,NA,NA,NA,NA,NA,NA,NA,NA,NA,NA,NA,NA,NA,NA,NA,NA,NA,NA,NA,NA,NA,NA,NA,,NA,NA,NA,NA,NA,NA,NA,NA,NA,NA,NA,Quiet Waters,Spermacoce verticillata,Spermacoce verticillata | Strymon istapa
Phyciodes phaon,https://www.inaturalist.org/observations/62739114,MaryJo,Bidens,alba,Toni,100%,Thomas,NA,NA,NA,NA,NA,NA,NA,NA,NA,NA,NA,NA,NA,NA,NA,,NA,NA,NA,NA,NA,NA,NA,NA,NA,NA,NA,NA,NA,NA,NA,NA,NA,NA,NA,NA,NA,NA,NA,NA,,NA,NA,NA,NA,NA,NA,NA,NA,NA,NA,NA,NA,NA,NA,NA,NA,NA,NA,NA,NA,NA,NA,NA,NA,NA,,NA,NA,NA,NA,NA,NA,NA,NA,NA,NA,NA,Quiet Waters,Bidens alba,Bidens alba | Phyciodes phaon
Cymaenes tripunctus,https://www.inaturalist.org/observations/63043660,Thomas,Salvia,misella,Toni,100%,NA,NA,NA,NA,NA,NA,NA,NA,NA,NA,NA,NA,NA,NA,NA,NA,,NA,NA,NA,NA,NA,NA,NA,NA,NA,NA,NA,NA,NA,NA,NA,NA,NA,NA,NA,NA,NA,NA,NA,NA,,NA,NA,NA,NA,NA,NA,NA,NA,NA,NA,NA,NA,NA,NA,NA,NA,NA,NA,NA,NA,NA,NA,NA,NA,NA,,NA,NA,NA,NA,NA,NA,NA,NA,NA,NA,NA,Quiet Waters,Salvia misella,Salvia misella | Cymaenes tripunctus
Eurema daira,https://www.inaturalist.org/observations/63586087,Tessa,Richardia,grandiflora,Toni,100%,Thomas,13212278,43ad1f74-db71-4721-b24c-255c87b12a70,3126,taxon,Interaction->Visited flower of,Interaction->Visited flower of,52078,52078,NA,349183,52078,52078,species,10,47126,,TRUE,52078,Richardia grandiflora,52079,48460/47126/211194/47125/47124/47363/47693/788064/788088/52079,"48460,47126,211194,47125,47124,47363,47693,788064,788088,52079,52078",FALSE,FALSE,2009-07-01T11:57:21+00:00,0,2,15536,FALSE,15536,NA,NA,NA,https://en.wikipedia.org/wiki/Richardia_grandiflora,Plantae,largeflower Mexican clover,18320951,NA,"(c) Vanessa Trujillo, all rights reserved, uploaded by Vanessa Trujillo",https://static.inaturalist.org/photos/18320951/square.jpg,,Vanessa Trujillo,https://static.inaturalist.org/photos/18320951/square.jpg,https://static.inaturalist.org/photos/18320951/medium.jpg,800,600,0,0,349183,joemdo,FALSE,FALSE,2016-10-12T00:08:13+00:00,joemdo,joemdo,Joe MDO,Joe MDO,NA,https://static.inaturalist.org/attachments/users/icons/349183/thumb.jpg?1662070326,126435,249147,9,375591,11568,63401,126435,,1,https://static.inaturalist.org/attachments/users/icons/349183/medium.jpg?1662070326,NA,NA,NA,NA,NA,NA,NA,NA,NA,Markham,Richardia grandiflora,Richardia grandiflora | Eurema daira
Phoebis sennae,https://www.inaturalist.org/observations/63586242,Tessa,Lonicera,sempervirens,Toni,100%,Thomas,13212276,eb291520-7443-4a04-88a0-fe797d95cf6e,3126,taxon,Interaction->Visited flower of,Interaction->Visited flower of,126305,126305,NA,349183,126305,126305,species,10,47126,,TRUE,126305,Hamelia patens,126306,48460/47126/211194/47125/47124/47363/47693/788062/788055/126306,"48460,47126,211194,47125,47124,47363,47693,788062,788055,126306,126305",FALSE,FALSE,2012-03-24T15:52:25+00:00,0,3,21293,FALSE,21293,NA,NA,NA,http://en.wikipedia.org/wiki/Hamelia_patens,Plantae,Firebush,162979827,cc-by-nc,"(c) Cindy Chrisler, some rights reserved (CC BY-NC), uploaded by Cindy Chrisler",https://inaturalist-open-data.s3.amazonaws.com/photos/162979827/square.jpeg,,Cindy Chrisler,https://inaturalist-open-data.s3.amazonaws.com/photos/162979827/square.jpeg,https://inaturalist-open-data.s3.amazonaws.com/photos/162979827/medium.jpeg,1484,2048,0,0,349183,joemdo,FALSE,FALSE,2016-10-12T00:08:13+00:00,joemdo,joemdo,Joe MDO,Joe MDO,NA,https://static.inaturalist.org/attachments/users/icons/349183/thumb.jpg?1662070326,126435,249147,9,375591,11568,63401,126435,,1,https://static.inaturalist.org/attachments/users/icons/349183/medium.jpg?1662070326,NA,NA,NA,NA,NA,NA,NA,NA,NA,Markham,Lonicera sempervirens,Lonicera sempervirens | Phoebis sennae
Phoebis statira,https://www.inaturalist.org/observations/63831504,MaryJo,Hamelia,patens,Toni,100%,Thomas,13239700,80d75d43-86f4-4273-b3b1-4cc225fcce02,3126,taxon,Interaction->Visited flower of,Interaction->Visited flower of,126305,126305,NA,349183,126305,126305,species,10,47126,,TRUE,126305,Hamelia patens,126306,48460/47126/211194/47125/47124/47363/47693/788062/788055/126306,"48460,47126,211194,47125,47124,47363,47693,788062,788055,126306,126305",FALSE,FALSE,2012-03-24T15:52:25+00:00,0,3,21293,FALSE,21293,NA,NA,NA,http://en.wikipedia.org/wiki/Hamelia_patens,Plantae,Firebush,162979827,cc-by-nc,"(c) Cindy Chrisler, some rights reserved (CC BY-NC), uploaded by Cindy Chrisler",https://inaturalist-open-data.s3.amazonaws.com/photos/162979827/square.jpeg,,Cindy Chrisler,https://inaturalist-open-data.s3.amazonaws.com/photos/162979827/square.jpeg,https://inaturalist-open-data.s3.amazonaws.com/photos/162979827/medium.jpeg,1484,2048,0,0,349183,joemdo,FALSE,FALSE,2016-10-12T00:08:13+00:00,joemdo,joemdo,Joe MDO,Joe MDO,NA,https://static.inaturalist.org/attachments/users/icons/349183/thumb.jpg?1662070326,126435,249147,9,375591,11568,63401,126435,,1,https://static.inaturalist.org/attachments/users/icons/349183/medium.jpg?1662070326,NA,NA,NA,NA,NA,NA,NA,NA,NA,Quiet Waters,Hamelia patens,Hamelia patens | Phoebis statira
Thorybes dorantes,https://www.inaturalist.org/observations/63831505,MaryJo,Richardia,grandiflora,Toni,100%,Thomas,NA,NA,NA,NA,NA,NA,NA,NA,NA,NA,NA,NA,NA,NA,NA,,NA,NA,NA,NA,NA,NA,NA,NA,NA,NA,NA,NA,NA,NA,NA,NA,NA,NA,NA,NA,NA,NA,NA,NA,,NA,NA,NA,NA,NA,NA,NA,NA,NA,NA,NA,NA,NA,NA,NA,NA,NA,NA,NA,NA,NA,NA,NA,NA,NA,,NA,NA,NA,NA,NA,NA,NA,NA,NA,NA,NA,Quiet Waters,Richardia grandiflora,Richardia grandiflora | Thorybes dorantes
Hylephila phyleus,https://www.inaturalist.org/observations/63831506,MaryJo,Richardia,grandiflora,Toni,100%,Thomas,13239699,ae73105b-abec-43c8-98a3-fd83c02b5693,3126,taxon,Interaction->Visited flower of,Interaction->Visited flower of,52078,52078,349183,349183,52078,52078,species,10,47126,,TRUE,52078,Richardia grandiflora,52079,48460/47126/211194/47125/47124/47363/47693/788064/788088/52079,"48460,47126,211194,47125,47124,47363,47693,788064,788088,52079,52078",FALSE,FALSE,2009-07-01T11:57:21+00:00,0,2,15536,FALSE,15536,NA,NA,NA,https://en.wikipedia.org/wiki/Richardia_grandiflora,Plantae,largeflower Mexican clover,18320951,NA,"(c) Vanessa Trujillo, all rights reserved, uploaded by Vanessa Trujillo",https://static.inaturalist.org/photos/18320951/square.jpg,,Vanessa Trujillo,https://static.inaturalist.org/photos/18320951/square.jpg,https://static.inaturalist.org/photos/18320951/medium.jpg,800,600,0,0,349183,joemdo,FALSE,FALSE,2016-10-12T00:08:13+00:00,joemdo,joemdo,Joe MDO,Joe MDO,NA,https://static.inaturalist.org/attachments/users/icons/349183/thumb.jpg?1662070326,126435,249147,9,375591,11568,63401,126435,,1,https://static.inaturalist.org/attachments/users/icons/349183/medium.jpg?1662070326,NA,NA,NA,NA,NA,NA,NA,NA,NA,Quiet Waters,Richardia grandiflora,Richardia grandiflora | Hylephila phyleus
Danaus gilippus,https://www.inaturalist.org/observations/63831507,MaryJo,Bidens,alba,Toni,100%,Thomas,NA,NA,NA,NA,NA,NA,NA,NA,NA,NA,NA,NA,NA,NA,NA,,NA,NA,NA,NA,NA,NA,NA,NA,NA,NA,NA,NA,NA,NA,NA,NA,NA,NA,NA,NA,NA,NA,NA,NA,,NA,NA,NA,NA,NA,NA,NA,NA,NA,NA,NA,NA,NA,NA,NA,NA,NA,NA,NA,NA,NA,NA,NA,NA,NA,,NA,NA,NA,NA,NA,NA,NA,NA,NA,NA,NA,Quiet Waters,Bidens alba,Bidens alba | Danaus gilippus
Erynnis horatius,https://www.inaturalist.org/observations/63831508,MaryJo,Sphagneticola,trilobata,Toni,100%,Thomas,13239698,d4cdbf91-395b-41c5-ae54-c55ed2887f86,3126,taxon,Interaction->Visited flower of,Interaction->Visited flower of,246102,246102,NA,349183,246102,246102,species,10,47126,,TRUE,246102,Sphagneticola trilobata,246103,48460/47126/211194/47125/47124/47605/47604/632790/605446/639448/246103,"48460,47126,211194,47125,47124,47605,47604,632790,605446,639448,246103,246102",FALSE,FALSE,2013-04-29T03:00:41+00:00,2,3,48957,FALSE,48957,NA,NA,NA,http://en.wikipedia.org/wiki/Sphagneticola_trilobata,Plantae,Trailing Daisy,43898069,cc0,"no rights reserved, uploaded by 葉子",https://inaturalist-open-data.s3.amazonaws.com/photos/43898069/square.jpeg,,葉子,https://inaturalist-open-data.s3.amazonaws.com/photos/43898069/square.jpeg,https://inaturalist-open-data.s3.amazonaws.com/photos/43898069/medium.jpeg,1536,2048,1,0,349183,joemdo,FALSE,FALSE,2016-10-12T00:08:13+00:00,joemdo,joemdo,Joe MDO,Joe MDO,NA,https://static.inaturalist.org/attachments/users/icons/349183/thumb.jpg?1662070326,126435,249147,9,375591,11568,63401,126435,,1,https://static.inaturalist.org/attachments/users/icons/349183/medium.jpg?1662070326,NA,NA,NA,NA,NA,NA,NA,NA,NA,Quiet Waters,Sphagneticola trilobata,Sphagneticola trilobata | Erynnis horatius
Burnsius albezens,https://www.inaturalist.org/observations/63831511,MaryJo,Phyla,nodiflora,Toni,100%,Thomas,13239697,4236a414-0645-43b8-8b31-e8ed6e7bcf88,3126,taxon,Interaction->Visited flower of,Interaction->Visited flower of,59040,59040,NA,349183,59040,59040,species,10,47126,,TRUE,59040,Phyla nodiflora,59041,48460/47126/211194/47125/47124/48151/49194/936164/59041,"48460,47126,211194,47125,47124,48151,49194,936164,59041,59040",FALSE,FALSE,2010-04-02T06:40:15+00:00,3,7,46236,FALSE,46236,NA,NA,NA,http://en.wikipedia.org/wiki/Phyla_nodiflora,Plantae,turkey tangle frogfruit,260096290,NA,"(c) 陳志豪, all rights reserved, uploaded by 陳志豪",https://static.inaturalist.org/photos/260096290/square.jpeg,,陳志豪,https://static.inaturalist.org/photos/260096290/square.jpeg,https://static.inaturalist.org/photos/260096290/medium.jpeg,1536,2048,2,0,349183,joemdo,FALSE,FALSE,2016-10-12T00:08:13+00:00,joemdo,joemdo,Joe MDO,Joe MDO,NA,https://static.inaturalist.org/attachments/users/icons/349183/thumb.jpg?1662070326,126435,249147,9,375591,11568,63401,126435,,1,https://static.inaturalist.org/attachments/users/icons/349183/medium.jpg?1662070326,NA,NA,NA,NA,NA,NA,NA,NA,NA,Quiet Waters,Phyla nodiflora,Phyla nodiflora | Burnsius albezens
Hemiargus ceraunus,https://www.inaturalist.org/observations/63831512,MaryJo,Bidens,alba,Toni,100%,Thomas,NA,NA,NA,NA,NA,NA,NA,NA,NA,NA,NA,NA,NA,NA,NA,,NA,NA,NA,NA,NA,NA,NA,NA,NA,NA,NA,NA,NA,NA,NA,NA,NA,NA,NA,NA,NA,NA,NA,NA,,NA,NA,NA,NA,NA,NA,NA,NA,NA,NA,NA,NA,NA,NA,NA,NA,NA,NA,NA,NA,NA,NA,NA,NA,NA,,NA,NA,NA,NA,NA,NA,NA,NA,NA,NA,NA,Quiet Waters,Bidens alba,Bidens alba | Hemiargus ceraunus
Phyciodes tharos,https://www.inaturalist.org/observations/63831513,MaryJo,Bidens,alba,Toni,100%,Thomas,13239696,26123245-d868-4287-8f02-80d9de54acb2,3126,taxon,Interaction->Visited flower of,Interaction->Visited flower of,1095846,1095846,NA,349183,1095846,1095846,species,10,47126,,TRUE,1095846,Bidens alba,50204,48460/47126/211194/47125/47124/47605/47604/632790/568277/50204,"48460,47126,211194,47125,47124,47605,47604,632790,568277,50204,1095846",FALSE,FALSE,2020-06-05T17:31:55+00:00,4,2,91756,FALSE,91756,NA,30122,NA,https://en.wikipedia.org/wiki/Bidens_alba,Plantae,White beggarticks,86500140,cc0,"no rights reserved, uploaded by 葉子",https://inaturalist-open-data.s3.amazonaws.com/photos/86500140/square.jpeg,,葉子,https://inaturalist-open-data.s3.amazonaws.com/photos/86500140/square.jpeg,https://inaturalist-open-data.s3.amazonaws.com/photos/86500140/medium.jpeg,1536,2048,3,0,349183,joemdo,FALSE,FALSE,2016-10-12T00:08:13+00:00,joemdo,joemdo,Joe MDO,Joe MDO,NA,https://static.inaturalist.org/attachments/users/icons/349183/thumb.jpg?1662070326,126435,249147,9,375591,11568,63401,126435,,1,https://static.inaturalist.org/attachments/users/icons/349183/medium.jpg?1662070326,NA,NA,NA,NA,NA,NA,NA,NA,NA,Quiet Waters,Bidens alba,Bidens alba | Phyciodes tharos
Erynnis horatius,https://www.inaturalist.org/observations/63831516,MaryJo,Bidens,alba,Toni,100%,Thomas,NA,NA,NA,NA,NA,NA,NA,NA,NA,NA,NA,NA,NA,NA,NA,,NA,NA,NA,NA,NA,NA,NA,NA,NA,NA,NA,NA,NA,NA,NA,NA,NA,NA,NA,NA,NA,NA,NA,NA,,NA,NA,NA,NA,NA,NA,NA,NA,NA,NA,NA,NA,NA,NA,NA,NA,NA,NA,NA,NA,NA,NA,NA,NA,NA,,NA,NA,NA,NA,NA,NA,NA,NA,NA,NA,NA,Quiet Waters,Bidens alba,Bidens alba | Erynnis horatius
Danaus gilippus,https://www.inaturalist.org/observations/63831518,MaryJo,Bidens,alba,Toni,100%,Thomas,NA,NA,NA,NA,NA,NA,NA,NA,NA,NA,NA,NA,NA,NA,NA,,NA,NA,NA,NA,NA,NA,NA,NA,NA,NA,NA,NA,NA,NA,NA,NA,NA,NA,NA,NA,NA,NA,NA,NA,,NA,NA,NA,NA,NA,NA,NA,NA,NA,NA,NA,NA,NA,NA,NA,NA,NA,NA,NA,NA,NA,NA,NA,NA,NA,,NA,NA,NA,NA,NA,NA,NA,NA,NA,NA,NA,Quiet Waters,Bidens alba,Bidens alba | Danaus gilippus
Syngamia florella,https://www.inaturalist.org/observations/63831519,MaryJo,Bidens,alba,Toni,100%,Thomas,NA,NA,NA,NA,NA,NA,NA,NA,NA,NA,NA,NA,NA,NA,NA,,NA,NA,NA,NA,NA,NA,NA,NA,NA,NA,NA,NA,NA,NA,NA,NA,NA,NA,NA,NA,NA,NA,NA,NA,,NA,NA,NA,NA,NA,NA,NA,NA,NA,NA,NA,NA,NA,NA,NA,NA,NA,NA,NA,NA,NA,NA,NA,NA,NA,,NA,NA,NA,NA,NA,NA,NA,NA,NA,NA,NA,Quiet Waters,Bidens alba,Bidens alba | Syngamia florella
Burnsius oileus,https://www.inaturalist.org/observations/65079700,MaryJo,Bidens,alba,Toni,100%,Thomas,NA,NA,NA,NA,NA,NA,NA,NA,NA,NA,NA,NA,NA,NA,NA,,NA,NA,NA,NA,NA,NA,NA,NA,NA,NA,NA,NA,NA,NA,NA,NA,NA,NA,NA,NA,NA,NA,NA,NA,,NA,NA,NA,NA,NA,NA,NA,NA,NA,NA,NA,NA,NA,NA,NA,NA,NA,NA,NA,NA,NA,NA,NA,NA,NA,,NA,NA,NA,NA,NA,NA,NA,NA,NA,NA,NA,Quiet Waters,Bidens alba,Bidens alba | Burnsius oileus
Burnsius oileus,https://www.inaturalist.org/observations/65079701,MaryJo,Bidens,alba,Toni,100%,Thomas,NA,NA,NA,NA,NA,NA,NA,NA,NA,NA,NA,NA,NA,NA,NA,,NA,NA,NA,NA,NA,NA,NA,NA,NA,NA,NA,NA,NA,NA,NA,NA,NA,NA,NA,NA,NA,NA,NA,NA,,NA,NA,NA,NA,NA,NA,NA,NA,NA,NA,NA,NA,NA,NA,NA,NA,NA,NA,NA,NA,NA,NA,NA,NA,NA,,NA,NA,NA,NA,NA,NA,NA,NA,NA,NA,NA,Quiet Waters,Bidens alba,Bidens alba | Burnsius oileus
Hemiargus ceraunus,https://www.inaturalist.org/observations/65079709,MaryJo,Richardia,grandiflora,Toni,100%,Thomas,NA,NA,NA,NA,NA,NA,NA,NA,NA,NA,NA,NA,NA,NA,NA,,NA,NA,NA,NA,NA,NA,NA,NA,NA,NA,NA,NA,NA,NA,NA,NA,NA,NA,NA,NA,NA,NA,NA,NA,,NA,NA,NA,NA,NA,NA,NA,NA,NA,NA,NA,NA,NA,NA,NA,NA,NA,NA,NA,NA,NA,NA,NA,NA,NA,,NA,NA,NA,NA,NA,NA,NA,NA,NA,NA,NA,Quiet Waters,Richardia grandiflora,Richardia grandiflora | Hemiargus ceraunus
Burnsius oileus,https://www.inaturalist.org/observations/65079717,MaryJo,Bidens,alba,Toni,100%,Thomas,NA,NA,NA,NA,NA,NA,NA,NA,NA,NA,NA,NA,NA,NA,NA,,NA,NA,NA,NA,NA,NA,NA,NA,NA,NA,NA,NA,NA,NA,NA,NA,NA,NA,NA,NA,NA,NA,NA,NA,,NA,NA,NA,NA,NA,NA,NA,NA,NA,NA,NA,NA,NA,NA,NA,NA,NA,NA,NA,NA,NA,NA,NA,NA,NA,,NA,NA,NA,NA,NA,NA,NA,NA,NA,NA,NA,Quiet Waters,Bidens alba,Bidens alba | Burnsius oileus
Anartia jatrophae,https://www.inaturalist.org/observations/65581776,Tessa,Spermacoce,verticillata,Toni,100%,Thomas,NA,NA,NA,NA,NA,NA,NA,NA,NA,NA,NA,NA,NA,NA,NA,,NA,NA,NA,NA,NA,NA,NA,NA,NA,NA,NA,NA,NA,NA,NA,NA,NA,NA,NA,NA,NA,NA,NA,NA,,NA,NA,NA,NA,NA,NA,NA,NA,NA,NA,NA,NA,NA,NA,NA,NA,NA,NA,NA,NA,NA,NA,NA,NA,NA,,NA,NA,NA,NA,NA,NA,NA,NA,NA,NA,NA,Markham,Spermacoce verticillata,Spermacoce verticillata | Anartia jatrophae
Marpesia petreus,https://www.inaturalist.org/observations/65582245,Tessa,Baccharis,glomeruliflora,Toni,100%,Thomas,NA,NA,NA,NA,NA,NA,NA,NA,NA,NA,NA,NA,NA,NA,NA,,NA,NA,NA,NA,NA,NA,NA,NA,NA,NA,NA,NA,NA,NA,NA,NA,NA,NA,NA,NA,NA,NA,NA,NA,,NA,NA,NA,NA,NA,NA,NA,NA,NA,NA,NA,NA,NA,NA,NA,NA,NA,NA,NA,NA,NA,NA,NA,NA,NA,,NA,NA,NA,NA,NA,NA,NA,NA,NA,NA,NA,Markham,Baccharis glomeruliflora,Baccharis glomeruliflora | Marpesia petreus
Hylephila phyleus,https://www.inaturalist.org/observations/65768588,MaryJo,Richardia,grandiflora,Toni,100%,Thomas,NA,NA,NA,NA,NA,NA,NA,NA,NA,NA,NA,NA,NA,NA,NA,,NA,NA,NA,NA,NA,NA,NA,NA,NA,NA,NA,NA,NA,NA,NA,NA,NA,NA,NA,NA,NA,NA,NA,NA,,NA,NA,NA,NA,NA,NA,NA,NA,NA,NA,NA,NA,NA,NA,NA,NA,NA,NA,NA,NA,NA,NA,NA,NA,NA,,NA,NA,NA,NA,NA,NA,NA,NA,NA,NA,NA,Quiet Waters,Richardia grandiflora,Richardia grandiflora | Hylephila phyleus
Phyciodes phaon,https://www.inaturalist.org/observations/65768591,MaryJo,Sphagneticola,trilobata,Toni,100%,Thomas,NA,NA,NA,NA,NA,NA,NA,NA,NA,NA,NA,NA,NA,NA,NA,,NA,NA,NA,NA,NA,NA,NA,NA,NA,NA,NA,NA,NA,NA,NA,NA,NA,NA,NA,NA,NA,NA,NA,NA,,NA,NA,NA,NA,NA,NA,NA,NA,NA,NA,NA,NA,NA,NA,NA,NA,NA,NA,NA,NA,NA,NA,NA,NA,NA,,NA,NA,NA,NA,NA,NA,NA,NA,NA,NA,NA,Quiet Waters,Sphagneticola trilobata,Sphagneticola trilobata | Phyciodes phaon
Thorybes dorantes,https://www.inaturalist.org/observations/65768596,MaryJo,Richardia,grandiflora,Toni,100%,Thomas,NA,NA,NA,NA,NA,NA,NA,NA,NA,NA,NA,NA,NA,NA,NA,,NA,NA,NA,NA,NA,NA,NA,NA,NA,NA,NA,NA,NA,NA,NA,NA,NA,NA,NA,NA,NA,NA,NA,NA,,NA,NA,NA,NA,NA,NA,NA,NA,NA,NA,NA,NA,NA,NA,NA,NA,NA,NA,NA,NA,NA,NA,NA,NA,NA,,NA,NA,NA,NA,NA,NA,NA,NA,NA,NA,NA,Quiet Waters,Richardia grandiflora,Richardia grandiflora | Thorybes dorantes
Phyciodes phaon,https://www.inaturalist.org/observations/65768597,MaryJo,Sphagneticola,trilobata,Toni,100%,Thomas,NA,NA,NA,NA,NA,NA,NA,NA,NA,NA,NA,NA,NA,NA,NA,,NA,NA,NA,NA,NA,NA,NA,NA,NA,NA,NA,NA,NA,NA,NA,NA,NA,NA,NA,NA,NA,NA,NA,NA,,NA,NA,NA,NA,NA,NA,NA,NA,NA,NA,NA,NA,NA,NA,NA,NA,NA,NA,NA,NA,NA,NA,NA,NA,NA,,NA,NA,NA,NA,NA,NA,NA,NA,NA,NA,NA,Quiet Waters,Sphagneticola trilobata,Sphagneticola trilobata | Phyciodes phaon
Thorybes dorantes,https://www.inaturalist.org/observations/65768599,MaryJo,Richardia,grandiflora,Toni,100%,Thomas,NA,NA,NA,NA,NA,NA,NA,NA,NA,NA,NA,NA,NA,NA,NA,,NA,NA,NA,NA,NA,NA,NA,NA,NA,NA,NA,NA,NA,NA,NA,NA,NA,NA,NA,NA,NA,NA,NA,NA,,NA,NA,NA,NA,NA,NA,NA,NA,NA,NA,NA,NA,NA,NA,NA,NA,NA,NA,NA,NA,NA,NA,NA,NA,NA,,NA,NA,NA,NA,NA,NA,NA,NA,NA,NA,NA,Quiet Waters,Richardia grandiflora,Richardia grandiflora | Thorybes dorantes
Thorybes dorantes,https://www.inaturalist.org/observations/65768600,MaryJo,Richardia,grandiflora,Toni,100%,Thomas,NA,NA,NA,NA,NA,NA,NA,NA,NA,NA,NA,NA,NA,NA,NA,,NA,NA,NA,NA,NA,NA,NA,NA,NA,NA,NA,NA,NA,NA,NA,NA,NA,NA,NA,NA,NA,NA,NA,NA,,NA,NA,NA,NA,NA,NA,NA,NA,NA,NA,NA,NA,NA,NA,NA,NA,NA,NA,NA,NA,NA,NA,NA,NA,NA,,NA,NA,NA,NA,NA,NA,NA,NA,NA,NA,NA,Quiet Waters,Richardia grandiflora,Richardia grandiflora | Thorybes dorantes
Thorybes dorantes,https://www.inaturalist.org/observations/65768604,MaryJo,Cestrum,diurnum,Toni,100%,Thomas,NA,NA,NA,NA,NA,NA,NA,NA,NA,NA,NA,NA,NA,NA,NA,,NA,NA,NA,NA,NA,NA,NA,NA,NA,NA,NA,NA,NA,NA,NA,NA,NA,NA,NA,NA,NA,NA,NA,NA,,NA,NA,NA,NA,NA,NA,NA,NA,NA,NA,NA,NA,NA,NA,NA,NA,NA,NA,NA,NA,NA,NA,NA,NA,NA,,NA,NA,NA,NA,NA,NA,NA,NA,NA,NA,NA,Quiet Waters,Cestrum diurnum,Cestrum diurnum | Thorybes dorantes
Dione vanillae,https://www.inaturalist.org/observations/65768609,MaryJo,Richardia,grandiflora,Lange,100%,Thomas,NA,NA,NA,NA,NA,NA,NA,NA,NA,NA,NA,NA,NA,NA,NA,,NA,NA,NA,NA,NA,NA,NA,NA,NA,NA,NA,NA,NA,NA,NA,NA,NA,NA,NA,NA,NA,NA,NA,NA,,NA,NA,NA,NA,NA,NA,NA,NA,NA,NA,NA,NA,NA,NA,NA,NA,NA,NA,NA,NA,NA,NA,NA,NA,NA,,NA,NA,NA,NA,NA,NA,NA,NA,NA,NA,NA,Quiet Waters,Richardia grandiflora,Richardia grandiflora | Dione vanillae
Heliconius charithonia,https://www.inaturalist.org/observations/65982248,MaryJo,Stachytarpheta,jamaicensis,Jake,100%,Thomas,NA,NA,NA,NA,NA,NA,NA,NA,NA,NA,NA,NA,NA,NA,NA,,NA,NA,NA,NA,NA,NA,NA,NA,NA,NA,NA,NA,NA,NA,NA,NA,NA,NA,NA,NA,NA,NA,NA,NA,,NA,NA,NA,NA,NA,NA,NA,NA,NA,NA,NA,NA,NA,NA,NA,NA,NA,NA,NA,NA,NA,NA,NA,NA,NA,,NA,NA,NA,NA,NA,NA,NA,NA,NA,NA,NA,Long Key,Stachytarpheta jamaicensis,Stachytarpheta jamaicensis | Heliconius charithonia
Apis mellifera,https://www.inaturalist.org/observations/66336309,MaryJo,Richardia,grandiflora,Jake,100%,Thomas,NA,NA,NA,NA,NA,NA,NA,NA,NA,NA,NA,NA,NA,NA,NA,,NA,NA,NA,NA,NA,NA,NA,NA,NA,NA,NA,NA,NA,NA,NA,NA,NA,NA,NA,NA,NA,NA,NA,NA,,NA,NA,NA,NA,NA,NA,NA,NA,NA,NA,NA,NA,NA,NA,NA,NA,NA,NA,NA,NA,NA,NA,NA,NA,NA,,NA,NA,NA,NA,NA,NA,NA,NA,NA,NA,NA,Long Key,Richardia grandiflora,Richardia grandiflora | Apis mellifera
Apis mellifera,https://www.inaturalist.org/observations/66482705,MaryJo,Chromolaena,odorata,Toni,100%,Thomas,NA,NA,NA,NA,NA,NA,NA,NA,NA,NA,NA,NA,NA,NA,NA,,NA,NA,NA,NA,NA,NA,NA,NA,NA,NA,NA,NA,NA,NA,NA,NA,NA,NA,NA,NA,NA,NA,NA,NA,,NA,NA,NA,NA,NA,NA,NA,NA,NA,NA,NA,NA,NA,NA,NA,NA,NA,NA,NA,NA,NA,NA,NA,NA,NA,,NA,NA,NA,NA,NA,NA,NA,NA,NA,NA,NA,Quiet Waters,Chromolaena odorata,Chromolaena odorata | Apis mellifera
Anartia jatrophae,https://www.inaturalist.org/observations/66879463,MaryJo,Richardia,grandiflora,Toni,100%,Thomas,NA,NA,NA,NA,NA,NA,NA,NA,NA,NA,NA,NA,NA,NA,NA,,NA,NA,NA,NA,NA,NA,NA,NA,NA,NA,NA,NA,NA,NA,NA,NA,NA,NA,NA,NA,NA,NA,NA,NA,,NA,NA,NA,NA,NA,NA,NA,NA,NA,NA,NA,NA,NA,NA,NA,NA,NA,NA,NA,NA,NA,NA,NA,NA,NA,,NA,NA,NA,NA,NA,NA,NA,NA,NA,NA,NA,Quiet Waters,Richardia grandiflora,Richardia grandiflora | Anartia jatrophae
Heliconius charithonia,https://www.inaturalist.org/observations/66879465,MaryJo,Bidens,alba,Toni,100%,Thomas,NA,NA,NA,NA,NA,NA,NA,NA,NA,NA,NA,NA,NA,NA,NA,,NA,NA,NA,NA,NA,NA,NA,NA,NA,NA,NA,NA,NA,NA,NA,NA,NA,NA,NA,NA,NA,NA,NA,NA,,NA,NA,NA,NA,NA,NA,NA,NA,NA,NA,NA,NA,NA,NA,NA,NA,NA,NA,NA,NA,NA,NA,NA,NA,NA,,NA,NA,NA,NA,NA,NA,NA,NA,NA,NA,NA,Quiet Waters,Bidens alba,Bidens alba | Heliconius charithonia
Phoebis agarithe,https://www.inaturalist.org/observations/66879470,MaryJo,Richardia,grandiflora,Toni,100%,Thomas,NA,NA,NA,NA,NA,NA,NA,NA,NA,NA,NA,NA,NA,NA,NA,,NA,NA,NA,NA,NA,NA,NA,NA,NA,NA,NA,NA,NA,NA,NA,NA,NA,NA,NA,NA,NA,NA,NA,NA,,NA,NA,NA,NA,NA,NA,NA,NA,NA,NA,NA,NA,NA,NA,NA,NA,NA,NA,NA,NA,NA,NA,NA,NA,NA,,NA,NA,NA,NA,NA,NA,NA,NA,NA,NA,NA,Quiet Waters,Richardia grandiflora,Richardia grandiflora | Phoebis agarithe
Phoebis agarithe,https://www.inaturalist.org/observations/66879471,MaryJo,Richardia,grandiflora,Toni,100%,Thomas,NA,NA,NA,NA,NA,NA,NA,NA,NA,NA,NA,NA,NA,NA,NA,,NA,NA,NA,NA,NA,NA,NA,NA,NA,NA,NA,NA,NA,NA,NA,NA,NA,NA,NA,NA,NA,NA,NA,NA,,NA,NA,NA,NA,NA,NA,NA,NA,NA,NA,NA,NA,NA,NA,NA,NA,NA,NA,NA,NA,NA,NA,NA,NA,NA,,NA,NA,NA,NA,NA,NA,NA,NA,NA,NA,NA,Quiet Waters,Richardia grandiflora,Richardia grandiflora | Phoebis agarithe
Hylephila phyleus,https://www.inaturalist.org/observations/66879474,Lucas,Richardia,grandiflora,Toni,100%,Thomas,NA,NA,NA,NA,NA,NA,NA,NA,NA,NA,NA,NA,NA,NA,NA,,NA,NA,NA,NA,NA,NA,NA,NA,NA,NA,NA,NA,NA,NA,NA,NA,NA,NA,NA,NA,NA,NA,NA,NA,,NA,NA,NA,NA,NA,NA,NA,NA,NA,NA,NA,NA,NA,NA,NA,NA,NA,NA,NA,NA,NA,NA,NA,NA,NA,,NA,NA,NA,NA,NA,NA,NA,NA,NA,NA,NA,Quiet Waters,Richardia grandiflora,Richardia grandiflora | Hylephila phyleus
Hylephila phyleus,https://www.inaturalist.org/observations/66879475,Lucas,Spermacoce,verticillata,Toni,100%,Thomas,NA,NA,NA,NA,NA,NA,NA,NA,NA,NA,NA,NA,NA,NA,NA,,NA,NA,NA,NA,NA,NA,NA,NA,NA,NA,NA,NA,NA,NA,NA,NA,NA,NA,NA,NA,NA,NA,NA,NA,,NA,NA,NA,NA,NA,NA,NA,NA,NA,NA,NA,NA,NA,NA,NA,NA,NA,NA,NA,NA,NA,NA,NA,NA,NA,,NA,NA,NA,NA,NA,NA,NA,NA,NA,NA,NA,Quiet Waters,Spermacoce verticillata,Spermacoce verticillata | Hylephila phyleus
Leptotes cassius,https://www.inaturalist.org/observations/66879479,Lucas,Bidens,alba,Toni,100%,Thomas,NA,NA,NA,NA,NA,NA,NA,NA,NA,NA,NA,NA,NA,NA,NA,,NA,NA,NA,NA,NA,NA,NA,NA,NA,NA,NA,NA,NA,NA,NA,NA,NA,NA,NA,NA,NA,NA,NA,NA,,NA,NA,NA,NA,NA,NA,NA,NA,NA,NA,NA,NA,NA,NA,NA,NA,NA,NA,NA,NA,NA,NA,NA,NA,NA,,NA,NA,NA,NA,NA,NA,NA,NA,NA,NA,NA,Quiet Waters,Bidens alba,Bidens alba | Leptotes cassius
Dione vanillae,https://www.inaturalist.org/observations/66879481,Lucas,Chromolaena,odorata,Toni,100%,Thomas,NA,NA,NA,NA,NA,NA,NA,NA,NA,NA,NA,NA,NA,NA,NA,,NA,NA,NA,NA,NA,NA,NA,NA,NA,NA,NA,NA,NA,NA,NA,NA,NA,NA,NA,NA,NA,NA,NA,NA,,NA,NA,NA,NA,NA,NA,NA,NA,NA,NA,NA,NA,NA,NA,NA,NA,NA,NA,NA,NA,NA,NA,NA,NA,NA,,NA,NA,NA,NA,NA,NA,NA,NA,NA,NA,NA,Quiet Waters,Chromolaena odorata,Chromolaena odorata | Dione vanillae
Hemiargus ceraunus,https://www.inaturalist.org/observations/66879483,Lucas,Spermacoce,verticillata,Jake,100%,Thomas,NA,NA,NA,NA,NA,NA,NA,NA,NA,NA,NA,NA,NA,NA,NA,,NA,NA,NA,NA,NA,NA,NA,NA,NA,NA,NA,NA,NA,NA,NA,NA,NA,NA,NA,NA,NA,NA,NA,NA,,NA,NA,NA,NA,NA,NA,NA,NA,NA,NA,NA,NA,NA,NA,NA,NA,NA,NA,NA,NA,NA,NA,NA,NA,NA,,NA,NA,NA,NA,NA,NA,NA,NA,NA,NA,NA,Quiet Waters,Spermacoce verticillata,Spermacoce verticillata | Hemiargus ceraunus
Nathalis iole,https://www.inaturalist.org/observations/66879484,Lucas,Bidens,alba,Jake,100%,Thomas,NA,NA,NA,NA,NA,NA,NA,NA,NA,NA,NA,NA,NA,NA,NA,,NA,NA,NA,NA,NA,NA,NA,NA,NA,NA,NA,NA,NA,NA,NA,NA,NA,NA,NA,NA,NA,NA,NA,NA,,NA,NA,NA,NA,NA,NA,NA,NA,NA,NA,NA,NA,NA,NA,NA,NA,NA,NA,NA,NA,NA,NA,NA,NA,NA,,NA,NA,NA,NA,NA,NA,NA,NA,NA,NA,NA,Quiet Waters,Bidens alba,Bidens alba | Nathalis iole
Anartia jatrophae,https://www.inaturalist.org/observations/67021118,Lucas,Sida,ulmifolia,Toni,100%,Thomas,NA,NA,NA,NA,NA,NA,NA,NA,NA,NA,NA,NA,NA,NA,NA,,NA,NA,NA,NA,NA,NA,NA,NA,NA,NA,NA,NA,NA,NA,NA,NA,NA,NA,NA,NA,NA,NA,NA,NA,,NA,NA,NA,NA,NA,NA,NA,NA,NA,NA,NA,NA,NA,NA,NA,NA,NA,NA,NA,NA,NA,NA,NA,NA,NA,,NA,NA,NA,NA,NA,NA,NA,NA,NA,NA,NA,Quiet Waters,Sida ulmifolia,Sida ulmifolia | Anartia jatrophae
Thorybes dorantes,https://www.inaturalist.org/observations/67021123,Lucas,Richardia,grandiflora,Toni,100%,Thomas,NA,NA,NA,NA,NA,NA,NA,NA,NA,NA,NA,NA,NA,NA,NA,,NA,NA,NA,NA,NA,NA,NA,NA,NA,NA,NA,NA,NA,NA,NA,NA,NA,NA,NA,NA,NA,NA,NA,NA,,NA,NA,NA,NA,NA,NA,NA,NA,NA,NA,NA,NA,NA,NA,NA,NA,NA,NA,NA,NA,NA,NA,NA,NA,NA,,NA,NA,NA,NA,NA,NA,NA,NA,NA,NA,NA,Quiet Waters,Richardia grandiflora,Richardia grandiflora | Thorybes dorantes
Hylephila phyleus,https://www.inaturalist.org/observations/67021125,Lucas,Richardia,grandiflora,Toni,100%,Thomas,NA,NA,NA,NA,NA,NA,NA,NA,NA,NA,NA,NA,NA,NA,NA,,NA,NA,NA,NA,NA,NA,NA,NA,NA,NA,NA,NA,NA,NA,NA,NA,NA,NA,NA,NA,NA,NA,NA,NA,,NA,NA,NA,NA,NA,NA,NA,NA,NA,NA,NA,NA,NA,NA,NA,NA,NA,NA,NA,NA,NA,NA,NA,NA,NA,,NA,NA,NA,NA,NA,NA,NA,NA,NA,NA,NA,Quiet Waters,Richardia grandiflora,Richardia grandiflora | Hylephila phyleus
Burnsius oileus,https://www.inaturalist.org/observations/67021127,Lucas,Sida,ulmifolia,Toni,100%,Thomas,NA,NA,NA,NA,NA,NA,NA,NA,NA,NA,NA,NA,NA,NA,NA,,NA,NA,NA,NA,NA,NA,NA,NA,NA,NA,NA,NA,NA,NA,NA,NA,NA,NA,NA,NA,NA,NA,NA,NA,,NA,NA,NA,NA,NA,NA,NA,NA,NA,NA,NA,NA,NA,NA,NA,NA,NA,NA,NA,NA,NA,NA,NA,NA,NA,,NA,NA,NA,NA,NA,NA,NA,NA,NA,NA,NA,Quiet Waters,Sida ulmifolia,Sida ulmifolia | Burnsius oileus
Phoebis agarithe,https://www.inaturalist.org/observations/67021130,Lucas,Richardia,grandiflora,Toni,100%,Thomas,NA,NA,NA,NA,NA,NA,NA,NA,NA,NA,NA,NA,NA,NA,NA,,NA,NA,NA,NA,NA,NA,NA,NA,NA,NA,NA,NA,NA,NA,NA,NA,NA,NA,NA,NA,NA,NA,NA,NA,,NA,NA,NA,NA,NA,NA,NA,NA,NA,NA,NA,NA,NA,NA,NA,NA,NA,NA,NA,NA,NA,NA,NA,NA,NA,,NA,NA,NA,NA,NA,NA,NA,NA,NA,NA,NA,Quiet Waters,Richardia grandiflora,Richardia grandiflora | Phoebis agarithe
Heliconius charithonia,https://www.inaturalist.org/observations/67021133,Lucas,Chromolaena,odorata,Toni,100%,Thomas,NA,NA,NA,NA,NA,NA,NA,NA,NA,NA,NA,NA,NA,NA,NA,,NA,NA,NA,NA,NA,NA,NA,NA,NA,NA,NA,NA,NA,NA,NA,NA,NA,NA,NA,NA,NA,NA,NA,NA,,NA,NA,NA,NA,NA,NA,NA,NA,NA,NA,NA,NA,NA,NA,NA,NA,NA,NA,NA,NA,NA,NA,NA,NA,NA,,NA,NA,NA,NA,NA,NA,NA,NA,NA,NA,NA,Quiet Waters,Chromolaena odorata,Chromolaena odorata | Heliconius charithonia
Eurema daira,https://www.inaturalist.org/observations/67021137,Lucas,Richardia,grandiflora,Toni,100%,Thomas,NA,NA,NA,NA,NA,NA,NA,NA,NA,NA,NA,NA,NA,NA,NA,,NA,NA,NA,NA,NA,NA,NA,NA,NA,NA,NA,NA,NA,NA,NA,NA,NA,NA,NA,NA,NA,NA,NA,NA,,NA,NA,NA,NA,NA,NA,NA,NA,NA,NA,NA,NA,NA,NA,NA,NA,NA,NA,NA,NA,NA,NA,NA,NA,NA,,NA,NA,NA,NA,NA,NA,NA,NA,NA,NA,NA,Quiet Waters,Richardia grandiflora,Richardia grandiflora | Eurema daira
Ascia monuste,https://www.inaturalist.org/observations/67021143,Lucas,Richardia,grandiflora,Toni,>80%,Thomas,NA,NA,NA,NA,NA,NA,NA,NA,NA,NA,NA,NA,NA,NA,NA,,NA,NA,NA,NA,NA,NA,NA,NA,NA,NA,NA,NA,NA,NA,NA,NA,NA,NA,NA,NA,NA,NA,NA,NA,,NA,NA,NA,NA,NA,NA,NA,NA,NA,NA,NA,NA,NA,NA,NA,NA,NA,NA,NA,NA,NA,NA,NA,NA,NA,,NA,NA,NA,NA,NA,NA,NA,NA,NA,NA,NA,Quiet Waters,Richardia grandiflora,Richardia grandiflora | Ascia monuste
Hemiargus ceraunus,https://www.inaturalist.org/observations/67021144,Lucas,Spermacoce,verticillata,Toni,100%,Thomas,NA,NA,NA,NA,NA,NA,NA,NA,NA,NA,NA,NA,NA,NA,NA,,NA,NA,NA,NA,NA,NA,NA,NA,NA,NA,NA,NA,NA,NA,NA,NA,NA,NA,NA,NA,NA,NA,NA,NA,,NA,NA,NA,NA,NA,NA,NA,NA,NA,NA,NA,NA,NA,NA,NA,NA,NA,NA,NA,NA,NA,NA,NA,NA,NA,,NA,NA,NA,NA,NA,NA,NA,NA,NA,NA,NA,Quiet Waters,Spermacoce verticillata,Spermacoce verticillata | Hemiargus ceraunus
Marpesia petreus,https://www.inaturalist.org/observations/67021149,Lucas,Chromolaena,odorata,Toni,100%,Thomas,NA,NA,NA,NA,NA,NA,NA,NA,NA,NA,NA,NA,NA,NA,NA,,NA,NA,NA,NA,NA,NA,NA,NA,NA,NA,NA,NA,NA,NA,NA,NA,NA,NA,NA,NA,NA,NA,NA,NA,,NA,NA,NA,NA,NA,NA,NA,NA,NA,NA,NA,NA,NA,NA,NA,NA,NA,NA,NA,NA,NA,NA,NA,NA,NA,,NA,NA,NA,NA,NA,NA,NA,NA,NA,NA,NA,Quiet Waters,Chromolaena odorata,Chromolaena odorata | Marpesia petreus
Strymon istapa,https://www.inaturalist.org/observations/67021150,Lucas,Richardia,grandiflora,Toni,100%,Thomas,NA,NA,NA,NA,NA,NA,NA,NA,NA,NA,NA,NA,NA,NA,NA,,NA,NA,NA,NA,NA,NA,NA,NA,NA,NA,NA,NA,NA,NA,NA,NA,NA,NA,NA,NA,NA,NA,NA,NA,,NA,NA,NA,NA,NA,NA,NA,NA,NA,NA,NA,NA,NA,NA,NA,NA,NA,NA,NA,NA,NA,NA,NA,NA,NA,,NA,NA,NA,NA,NA,NA,NA,NA,NA,NA,NA,Quiet Waters,Richardia grandiflora,Richardia grandiflora | Strymon istapa
Hylephila phyleus,https://www.inaturalist.org/observations/67021153,Lucas,Richardia,grandiflora,Toni,100%,Thomas,NA,NA,NA,NA,NA,NA,NA,NA,NA,NA,NA,NA,NA,NA,NA,,NA,NA,NA,NA,NA,NA,NA,NA,NA,NA,NA,NA,NA,NA,NA,NA,NA,NA,NA,NA,NA,NA,NA,NA,,NA,NA,NA,NA,NA,NA,NA,NA,NA,NA,NA,NA,NA,NA,NA,NA,NA,NA,NA,NA,NA,NA,NA,NA,NA,,NA,NA,NA,NA,NA,NA,NA,NA,NA,NA,NA,Quiet Waters,Richardia grandiflora,Richardia grandiflora | Hylephila phyleus
Urbanus proteus,https://www.inaturalist.org/observations/67021189,Lucas,Richardia,grandiflora,Toni,100%,Thomas,NA,NA,NA,NA,NA,NA,NA,NA,NA,NA,NA,NA,NA,NA,NA,,NA,NA,NA,NA,NA,NA,NA,NA,NA,NA,NA,NA,NA,NA,NA,NA,NA,NA,NA,NA,NA,NA,NA,NA,,NA,NA,NA,NA,NA,NA,NA,NA,NA,NA,NA,NA,NA,NA,NA,NA,NA,NA,NA,NA,NA,NA,NA,NA,NA,,NA,NA,NA,NA,NA,NA,NA,NA,NA,NA,NA,Quiet Waters,Richardia grandiflora,Richardia grandiflora | Urbanus proteus
Eurema daira,https://www.inaturalist.org/observations/67049743,Tessa,Spermacoce,verticillata,Toni,100%,Thomas,NA,NA,NA,NA,NA,NA,NA,NA,NA,NA,NA,NA,NA,NA,NA,,NA,NA,NA,NA,NA,NA,NA,NA,NA,NA,NA,NA,NA,NA,NA,NA,NA,NA,NA,NA,NA,NA,NA,NA,,NA,NA,NA,NA,NA,NA,NA,NA,NA,NA,NA,NA,NA,NA,NA,NA,NA,NA,NA,NA,NA,NA,NA,NA,NA,,NA,NA,NA,NA,NA,NA,NA,NA,NA,NA,NA,Markham,Spermacoce verticillata,Spermacoce verticillata | Eurema daira
Phoebis philea,https://www.inaturalist.org/observations/67094878,Tessa,Cuphea,micropetala,Toni,100%,Thomas,NA,NA,NA,NA,NA,NA,NA,NA,NA,NA,NA,NA,NA,NA,NA,,NA,NA,NA,NA,NA,NA,NA,NA,NA,NA,NA,NA,NA,NA,NA,NA,NA,NA,NA,NA,NA,NA,NA,NA,,NA,NA,NA,NA,NA,NA,NA,NA,NA,NA,NA,NA,NA,NA,NA,NA,NA,NA,NA,NA,NA,NA,NA,NA,NA,,NA,NA,NA,NA,NA,NA,NA,NA,NA,NA,NA,Markham,Cuphea micropetala,Cuphea micropetala | Phoebis philea
Thorybes dorantes,https://www.inaturalist.org/observations/67166690,Lucas,Richardia,grandiflora,Toni,100%,Thomas,NA,NA,NA,NA,NA,NA,NA,NA,NA,NA,NA,NA,NA,NA,NA,,NA,NA,NA,NA,NA,NA,NA,NA,NA,NA,NA,NA,NA,NA,NA,NA,NA,NA,NA,NA,NA,NA,NA,NA,,NA,NA,NA,NA,NA,NA,NA,NA,NA,NA,NA,NA,NA,NA,NA,NA,NA,NA,NA,NA,NA,NA,NA,NA,NA,,NA,NA,NA,NA,NA,NA,NA,NA,NA,NA,NA,Quiet Waters,Richardia grandiflora,Richardia grandiflora | Thorybes dorantes
Hemiargus ceraunus,https://www.inaturalist.org/observations/67166691,Lucas,Spermacoce,verticillata,Toni,100%,Thomas,NA,NA,NA,NA,NA,NA,NA,NA,NA,NA,NA,NA,NA,NA,NA,,NA,NA,NA,NA,NA,NA,NA,NA,NA,NA,NA,NA,NA,NA,NA,NA,NA,NA,NA,NA,NA,NA,NA,NA,,NA,NA,NA,NA,NA,NA,NA,NA,NA,NA,NA,NA,NA,NA,NA,NA,NA,NA,NA,NA,NA,NA,NA,NA,NA,,NA,NA,NA,NA,NA,NA,NA,NA,NA,NA,NA,Quiet Waters,Spermacoce verticillata,Spermacoce verticillata | Hemiargus ceraunus
Hylephila phyleus,https://www.inaturalist.org/observations/67166692,Lucas,Bidens,alba,Toni,100%,Thomas,NA,NA,NA,NA,NA,NA,NA,NA,NA,NA,NA,NA,NA,NA,NA,,NA,NA,NA,NA,NA,NA,NA,NA,NA,NA,NA,NA,NA,NA,NA,NA,NA,NA,NA,NA,NA,NA,NA,NA,,NA,NA,NA,NA,NA,NA,NA,NA,NA,NA,NA,NA,NA,NA,NA,NA,NA,NA,NA,NA,NA,NA,NA,NA,NA,,NA,NA,NA,NA,NA,NA,NA,NA,NA,NA,NA,Quiet Waters,Bidens alba,Bidens alba | Hylephila phyleus
Thorybes dorantes,https://www.inaturalist.org/observations/67166702,Lucas,Chromolaena,odorata,Toni,100%,Thomas,NA,NA,NA,NA,NA,NA,NA,NA,NA,NA,NA,NA,NA,NA,NA,,NA,NA,NA,NA,NA,NA,NA,NA,NA,NA,NA,NA,NA,NA,NA,NA,NA,NA,NA,NA,NA,NA,NA,NA,,NA,NA,NA,NA,NA,NA,NA,NA,NA,NA,NA,NA,NA,NA,NA,NA,NA,NA,NA,NA,NA,NA,NA,NA,NA,,NA,NA,NA,NA,NA,NA,NA,NA,NA,NA,NA,Quiet Waters,Chromolaena odorata,Chromolaena odorata | Thorybes dorantes
Burnsius oileus,https://www.inaturalist.org/observations/67166709,Lucas,Bidens,alba,Toni,100%,Thomas,NA,NA,NA,NA,NA,NA,NA,NA,NA,NA,NA,NA,NA,NA,NA,,NA,NA,NA,NA,NA,NA,NA,NA,NA,NA,NA,NA,NA,NA,NA,NA,NA,NA,NA,NA,NA,NA,NA,NA,,NA,NA,NA,NA,NA,NA,NA,NA,NA,NA,NA,NA,NA,NA,NA,NA,NA,NA,NA,NA,NA,NA,NA,NA,NA,,NA,NA,NA,NA,NA,NA,NA,NA,NA,NA,NA,Quiet Waters,Bidens alba,Bidens alba | Burnsius oileus
Eurema daira,https://www.inaturalist.org/observations/67166710,Lucas,Richardia,grandiflora,Toni,100%,Thomas,NA,NA,NA,NA,NA,NA,NA,NA,NA,NA,NA,NA,NA,NA,NA,,NA,NA,NA,NA,NA,NA,NA,NA,NA,NA,NA,NA,NA,NA,NA,NA,NA,NA,NA,NA,NA,NA,NA,NA,,NA,NA,NA,NA,NA,NA,NA,NA,NA,NA,NA,NA,NA,NA,NA,NA,NA,NA,NA,NA,NA,NA,NA,NA,NA,,NA,NA,NA,NA,NA,NA,NA,NA,NA,NA,NA,Quiet Waters,Richardia grandiflora,Richardia grandiflora | Eurema daira
Urbanus proteus,https://www.inaturalist.org/observations/67166716,Lucas,Chromolaena,odorata,Adam,>80%,Thomas,NA,NA,NA,NA,NA,NA,NA,NA,NA,NA,NA,NA,NA,NA,NA,,NA,NA,NA,NA,NA,NA,NA,NA,NA,NA,NA,NA,NA,NA,NA,NA,NA,NA,NA,NA,NA,NA,NA,NA,,NA,NA,NA,NA,NA,NA,NA,NA,NA,NA,NA,NA,NA,NA,NA,NA,NA,NA,NA,NA,NA,NA,NA,NA,NA,,NA,NA,NA,NA,NA,NA,NA,NA,NA,NA,NA,Quiet Waters,Chromolaena odorata,Chromolaena odorata | Urbanus proteus
Heliconius charithonia,https://www.inaturalist.org/observations/67166717,Lucas,Chromolaena,odorata,Toni,100%,Thomas,NA,NA,NA,NA,NA,NA,NA,NA,NA,NA,NA,NA,NA,NA,NA,,NA,NA,NA,NA,NA,NA,NA,NA,NA,NA,NA,NA,NA,NA,NA,NA,NA,NA,NA,NA,NA,NA,NA,NA,,NA,NA,NA,NA,NA,NA,NA,NA,NA,NA,NA,NA,NA,NA,NA,NA,NA,NA,NA,NA,NA,NA,NA,NA,NA,,NA,NA,NA,NA,NA,NA,NA,NA,NA,NA,NA,Quiet Waters,Chromolaena odorata,Chromolaena odorata | Heliconius charithonia
Thorybes dorantes,https://www.inaturalist.org/observations/67909991,Lucas,Bidens,alba,Toni,100%,Thomas,NA,NA,NA,NA,NA,NA,NA,NA,NA,NA,NA,NA,NA,NA,NA,,NA,NA,NA,NA,NA,NA,NA,NA,NA,NA,NA,NA,NA,NA,NA,NA,NA,NA,NA,NA,NA,NA,NA,NA,,NA,NA,NA,NA,NA,NA,NA,NA,NA,NA,NA,NA,NA,NA,NA,NA,NA,NA,NA,NA,NA,NA,NA,NA,NA,,NA,NA,NA,NA,NA,NA,NA,NA,NA,NA,NA,Quiet Waters,Bidens alba,Bidens alba | Thorybes dorantes
Heliconius charithonia,https://www.inaturalist.org/observations/67909995,Lucas,Chromolaena,odorata,Toni,100%,Thomas,NA,NA,NA,NA,NA,NA,NA,NA,NA,NA,NA,NA,NA,NA,NA,,NA,NA,NA,NA,NA,NA,NA,NA,NA,NA,NA,NA,NA,NA,NA,NA,NA,NA,NA,NA,NA,NA,NA,NA,,NA,NA,NA,NA,NA,NA,NA,NA,NA,NA,NA,NA,NA,NA,NA,NA,NA,NA,NA,NA,NA,NA,NA,NA,NA,,NA,NA,NA,NA,NA,NA,NA,NA,NA,NA,NA,Quiet Waters,Chromolaena odorata,Chromolaena odorata | Heliconius charithonia
Marpesia petreus,https://www.inaturalist.org/observations/67909997,Lucas,Chromolaena,odorata,Toni,100%,Thomas,NA,NA,NA,NA,NA,NA,NA,NA,NA,NA,NA,NA,NA,NA,NA,,NA,NA,NA,NA,NA,NA,NA,NA,NA,NA,NA,NA,NA,NA,NA,NA,NA,NA,NA,NA,NA,NA,NA,NA,,NA,NA,NA,NA,NA,NA,NA,NA,NA,NA,NA,NA,NA,NA,NA,NA,NA,NA,NA,NA,NA,NA,NA,NA,NA,,NA,NA,NA,NA,NA,NA,NA,NA,NA,NA,NA,Quiet Waters,Chromolaena odorata,Chromolaena odorata | Marpesia petreus
Danaus gilippus,https://www.inaturalist.org/observations/67909998,Lucas,Bidens,alba,Toni,100%,Thomas,NA,NA,NA,NA,NA,NA,NA,NA,NA,NA,NA,NA,NA,NA,NA,,NA,NA,NA,NA,NA,NA,NA,NA,NA,NA,NA,NA,NA,NA,NA,NA,NA,NA,NA,NA,NA,NA,NA,NA,,NA,NA,NA,NA,NA,NA,NA,NA,NA,NA,NA,NA,NA,NA,NA,NA,NA,NA,NA,NA,NA,NA,NA,NA,NA,,NA,NA,NA,NA,NA,NA,NA,NA,NA,NA,NA,Quiet Waters,Bidens alba,Bidens alba | Danaus gilippus
Hylephila phyleus,https://www.inaturalist.org/observations/67910005,Lucas,Richardia,grandiflora,Toni,100%,Thomas,NA,NA,NA,NA,NA,NA,NA,NA,NA,NA,NA,NA,NA,NA,NA,,NA,NA,NA,NA,NA,NA,NA,NA,NA,NA,NA,NA,NA,NA,NA,NA,NA,NA,NA,NA,NA,NA,NA,NA,,NA,NA,NA,NA,NA,NA,NA,NA,NA,NA,NA,NA,NA,NA,NA,NA,NA,NA,NA,NA,NA,NA,NA,NA,NA,,NA,NA,NA,NA,NA,NA,NA,NA,NA,NA,NA,Quiet Waters,Richardia grandiflora,Richardia grandiflora | Hylephila phyleus
Cymaenes tripunctus,https://www.inaturalist.org/observations/67910006,Lucas,Chromolaena,odorata,Toni,100%,Thomas,NA,NA,NA,NA,NA,NA,NA,NA,NA,NA,NA,NA,NA,NA,NA,,NA,NA,NA,NA,NA,NA,NA,NA,NA,NA,NA,NA,NA,NA,NA,NA,NA,NA,NA,NA,NA,NA,NA,NA,,NA,NA,NA,NA,NA,NA,NA,NA,NA,NA,NA,NA,NA,NA,NA,NA,NA,NA,NA,NA,NA,NA,NA,NA,NA,,NA,NA,NA,NA,NA,NA,NA,NA,NA,NA,NA,Quiet Waters,Chromolaena odorata,Chromolaena odorata | Cymaenes tripunctus
Hylephila phyleus,https://www.inaturalist.org/observations/67910007,Lucas,Richardia,grandiflora,Toni,100%,Thomas,NA,NA,NA,NA,NA,NA,NA,NA,NA,NA,NA,NA,NA,NA,NA,,NA,NA,NA,NA,NA,NA,NA,NA,NA,NA,NA,NA,NA,NA,NA,NA,NA,NA,NA,NA,NA,NA,NA,NA,,NA,NA,NA,NA,NA,NA,NA,NA,NA,NA,NA,NA,NA,NA,NA,NA,NA,NA,NA,NA,NA,NA,NA,NA,NA,,NA,NA,NA,NA,NA,NA,NA,NA,NA,NA,NA,Quiet Waters,Richardia grandiflora,Richardia grandiflora | Hylephila phyleus
Danaus plexippus,https://www.inaturalist.org/observations/67910011,Lucas,Chromolaena,odorata,Toni,100%,Thomas,NA,NA,NA,NA,NA,NA,NA,NA,NA,NA,NA,NA,NA,NA,NA,,NA,NA,NA,NA,NA,NA,NA,NA,NA,NA,NA,NA,NA,NA,NA,NA,NA,NA,NA,NA,NA,NA,NA,NA,,NA,NA,NA,NA,NA,NA,NA,NA,NA,NA,NA,NA,NA,NA,NA,NA,NA,NA,NA,NA,NA,NA,NA,NA,NA,,NA,NA,NA,NA,NA,NA,NA,NA,NA,NA,NA,Quiet Waters,Chromolaena odorata,Chromolaena odorata | Danaus plexippus
Leptotes cassius,https://www.inaturalist.org/observations/67910013,Lucas,Bidens,alba,Toni,100%,Thomas,NA,NA,NA,NA,NA,NA,NA,NA,NA,NA,NA,NA,NA,NA,NA,,NA,NA,NA,NA,NA,NA,NA,NA,NA,NA,NA,NA,NA,NA,NA,NA,NA,NA,NA,NA,NA,NA,NA,NA,,NA,NA,NA,NA,NA,NA,NA,NA,NA,NA,NA,NA,NA,NA,NA,NA,NA,NA,NA,NA,NA,NA,NA,NA,NA,,NA,NA,NA,NA,NA,NA,NA,NA,NA,NA,NA,Quiet Waters,Bidens alba,Bidens alba | Leptotes cassius
Erynnis horatius,https://www.inaturalist.org/observations/67910014,Lucas,Bidens,alba,Toni,100%,Thomas,NA,NA,NA,NA,NA,NA,NA,NA,NA,NA,NA,NA,NA,NA,NA,,NA,NA,NA,NA,NA,NA,NA,NA,NA,NA,NA,NA,NA,NA,NA,NA,NA,NA,NA,NA,NA,NA,NA,NA,,NA,NA,NA,NA,NA,NA,NA,NA,NA,NA,NA,NA,NA,NA,NA,NA,NA,NA,NA,NA,NA,NA,NA,NA,NA,,NA,NA,NA,NA,NA,NA,NA,NA,NA,NA,NA,Quiet Waters,Bidens alba,Bidens alba | Erynnis horatius
Marpesia petreus,https://www.inaturalist.org/observations/68240364,Lucas,Richardia,grandiflora,Toni,100%,Thomas,NA,NA,NA,NA,NA,NA,NA,NA,NA,NA,NA,NA,NA,NA,NA,,NA,NA,NA,NA,NA,NA,NA,NA,NA,NA,NA,NA,NA,NA,NA,NA,NA,NA,NA,NA,NA,NA,NA,NA,,NA,NA,NA,NA,NA,NA,NA,NA,NA,NA,NA,NA,NA,NA,NA,NA,NA,NA,NA,NA,NA,NA,NA,NA,NA,,NA,NA,NA,NA,NA,NA,NA,NA,NA,NA,NA,Quiet Waters,Richardia grandiflora,Richardia grandiflora | Marpesia petreus
Danaus plexippus,https://www.inaturalist.org/observations/68240365,Lucas,Spermacoce,verticillata,Toni,100%,Thomas,NA,NA,NA,NA,NA,NA,NA,NA,NA,NA,NA,NA,NA,NA,NA,,NA,NA,NA,NA,NA,NA,NA,NA,NA,NA,NA,NA,NA,NA,NA,NA,NA,NA,NA,NA,NA,NA,NA,NA,,NA,NA,NA,NA,NA,NA,NA,NA,NA,NA,NA,NA,NA,NA,NA,NA,NA,NA,NA,NA,NA,NA,NA,NA,NA,,NA,NA,NA,NA,NA,NA,NA,NA,NA,NA,NA,Quiet Waters,Spermacoce verticillata,Spermacoce verticillata | Danaus plexippus
Eurema daira,https://www.inaturalist.org/observations/68240370,Lucas,Richardia,grandiflora,Toni,100%,Thomas,13772573,33a11c8b-273a-40bf-9001-015fc1f04a0f,3126,taxon,Interaction->Visited flower of,Interaction->Visited flower of,52078,52078,NA,349183,52078,52078,species,10,47126,,TRUE,52078,Richardia grandiflora,52079,48460/47126/211194/47125/47124/47363/47693/788064/788088/52079,"48460,47126,211194,47125,47124,47363,47693,788064,788088,52079,52078",FALSE,FALSE,2009-07-01T11:57:21+00:00,0,2,15536,FALSE,15536,NA,NA,NA,https://en.wikipedia.org/wiki/Richardia_grandiflora,Plantae,largeflower Mexican clover,18320951,NA,"(c) Vanessa Trujillo, all rights reserved, uploaded by Vanessa Trujillo",https://static.inaturalist.org/photos/18320951/square.jpg,,Vanessa Trujillo,https://static.inaturalist.org/photos/18320951/square.jpg,https://static.inaturalist.org/photos/18320951/medium.jpg,800,600,0,0,349183,joemdo,FALSE,FALSE,2016-10-12T00:08:13+00:00,joemdo,joemdo,Joe MDO,Joe MDO,NA,https://static.inaturalist.org/attachments/users/icons/349183/thumb.jpg?1662070326,126435,249147,9,375591,11568,63401,126435,,1,https://static.inaturalist.org/attachments/users/icons/349183/medium.jpg?1662070326,NA,NA,NA,NA,NA,NA,NA,NA,NA,Quiet Waters,Richardia grandiflora,Richardia grandiflora | Eurema daira
Panoquina ocola,https://www.inaturalist.org/observations/68240380,Lucas,Bidens,alba,Toni,100%,Thomas,13772565,dcc25801-a6de-4163-b0d8-a1698a61529f,3126,taxon,Interaction->Visited flower of,Interaction->Visited flower of,1095846,1095846,NA,349183,1095846,1095846,species,10,47126,,TRUE,1095846,Bidens alba,50204,48460/47126/211194/47125/47124/47605/47604/632790/568277/50204,"48460,47126,211194,47125,47124,47605,47604,632790,568277,50204,1095846",FALSE,FALSE,2020-06-05T17:31:55+00:00,4,2,91756,FALSE,91756,NA,30122,NA,https://en.wikipedia.org/wiki/Bidens_alba,Plantae,White beggarticks,86500140,cc0,"no rights reserved, uploaded by 葉子",https://inaturalist-open-data.s3.amazonaws.com/photos/86500140/square.jpeg,,葉子,https://inaturalist-open-data.s3.amazonaws.com/photos/86500140/square.jpeg,https://inaturalist-open-data.s3.amazonaws.com/photos/86500140/medium.jpeg,1536,2048,3,0,349183,joemdo,FALSE,FALSE,2016-10-12T00:08:13+00:00,joemdo,joemdo,Joe MDO,Joe MDO,NA,https://static.inaturalist.org/attachments/users/icons/349183/thumb.jpg?1662070326,126435,249147,9,375591,11568,63401,126435,,1,https://static.inaturalist.org/attachments/users/icons/349183/medium.jpg?1662070326,NA,NA,NA,NA,NA,NA,NA,NA,NA,Quiet Waters,Bidens alba,Bidens alba | Panoquina ocola
Syngamia florella,https://www.inaturalist.org/observations/68281729,Lucas,Spermacoce,verticillata,Toni,100%,Thomas,NA,NA,NA,NA,NA,NA,NA,NA,NA,NA,NA,NA,NA,NA,NA,,NA,NA,NA,NA,NA,NA,NA,NA,NA,NA,NA,NA,NA,NA,NA,NA,NA,NA,NA,NA,NA,NA,NA,NA,,NA,NA,NA,NA,NA,NA,NA,NA,NA,NA,NA,NA,NA,NA,NA,NA,NA,NA,NA,NA,NA,NA,NA,NA,NA,,NA,NA,NA,NA,NA,NA,NA,NA,NA,NA,NA,Quiet Waters,Spermacoce verticillata,Spermacoce verticillata | Syngamia florella
Heraclides cresphontes,https://www.inaturalist.org/observations/68289020,Noelle,Richardia,grandiflora,Jake,100%,Thomas,NA,NA,NA,NA,NA,NA,NA,NA,NA,NA,NA,NA,NA,NA,NA,,NA,NA,NA,NA,NA,NA,NA,NA,NA,NA,NA,NA,NA,NA,NA,NA,NA,NA,NA,NA,NA,NA,NA,NA,,NA,NA,NA,NA,NA,NA,NA,NA,NA,NA,NA,NA,NA,NA,NA,NA,NA,NA,NA,NA,NA,NA,NA,NA,NA,,NA,NA,NA,NA,NA,NA,NA,NA,NA,NA,NA,Long Key,Richardia grandiflora,Richardia grandiflora | Heraclides cresphontes
Anartia jatrophae,https://www.inaturalist.org/observations/68289346,Noelle,Richardia,grandiflora,Jake,100%,Thomas,NA,NA,NA,NA,NA,NA,NA,NA,NA,NA,NA,NA,NA,NA,NA,,NA,NA,NA,NA,NA,NA,NA,NA,NA,NA,NA,NA,NA,NA,NA,NA,NA,NA,NA,NA,NA,NA,NA,NA,,NA,NA,NA,NA,NA,NA,NA,NA,NA,NA,NA,NA,NA,NA,NA,NA,NA,NA,NA,NA,NA,NA,NA,NA,NA,,NA,NA,NA,NA,NA,NA,NA,NA,NA,NA,NA,Long Key,Richardia grandiflora,Richardia grandiflora | Anartia jatrophae
Hylephila phyleus,https://www.inaturalist.org/observations/68344060,Lucas,Bidens,alba,Toni,100%,Thomas,NA,NA,NA,NA,NA,NA,NA,NA,NA,NA,NA,NA,NA,NA,NA,,NA,NA,NA,NA,NA,NA,NA,NA,NA,NA,NA,NA,NA,NA,NA,NA,NA,NA,NA,NA,NA,NA,NA,NA,,NA,NA,NA,NA,NA,NA,NA,NA,NA,NA,NA,NA,NA,NA,NA,NA,NA,NA,NA,NA,NA,NA,NA,NA,NA,,NA,NA,NA,NA,NA,NA,NA,NA,NA,NA,NA,Quiet Waters,Bidens alba,Bidens alba | Hylephila phyleus
Urbanus proteus,https://www.inaturalist.org/observations/69025743,Noelle,Richardia,grandiflora,Jake,100%,Thomas,13883240,c890078e-75d8-40ce-8bde-c2b4e356dfcd,3126,taxon,Interaction->Visited flower of,Interaction->Visited flower of,52078,52078,NA,349183,52078,52078,species,10,47126,,TRUE,52078,Richardia grandiflora,52079,48460/47126/211194/47125/47124/47363/47693/788064/788088/52079,"48460,47126,211194,47125,47124,47363,47693,788064,788088,52079,52078",FALSE,FALSE,2009-07-01T11:57:21+00:00,0,2,15536,FALSE,15536,NA,NA,NA,https://en.wikipedia.org/wiki/Richardia_grandiflora,Plantae,largeflower Mexican clover,18320951,NA,"(c) Vanessa Trujillo, all rights reserved, uploaded by Vanessa Trujillo",https://static.inaturalist.org/photos/18320951/square.jpg,,Vanessa Trujillo,https://static.inaturalist.org/photos/18320951/square.jpg,https://static.inaturalist.org/photos/18320951/medium.jpg,800,600,0,0,349183,joemdo,FALSE,FALSE,2016-10-12T00:08:13+00:00,joemdo,joemdo,Joe MDO,Joe MDO,NA,https://static.inaturalist.org/attachments/users/icons/349183/thumb.jpg?1662070326,126435,249147,9,375591,11568,63401,126435,,1,https://static.inaturalist.org/attachments/users/icons/349183/medium.jpg?1662070326,NA,NA,NA,NA,NA,NA,NA,NA,NA,Long Key,Richardia grandiflora,Richardia grandiflora | Urbanus proteus
Heliconius charithonia,https://www.inaturalist.org/observations/69026105,Noelle,Bidens,alba,Jake,100%,Thomas,NA,NA,NA,NA,NA,NA,NA,NA,NA,NA,NA,NA,NA,NA,NA,,NA,NA,NA,NA,NA,NA,NA,NA,NA,NA,NA,NA,NA,NA,NA,NA,NA,NA,NA,NA,NA,NA,NA,NA,,NA,NA,NA,NA,NA,NA,NA,NA,NA,NA,NA,NA,NA,NA,NA,NA,NA,NA,NA,NA,NA,NA,NA,NA,NA,,NA,NA,NA,NA,NA,NA,NA,NA,NA,NA,NA,Long Key,Bidens alba,Bidens alba | Heliconius charithonia
Heliconius charithonia,https://www.inaturalist.org/observations/69326861,Noelle,Euphorbia,cyathophora,Jake,100%,Thomas,NA,NA,NA,NA,NA,NA,NA,NA,NA,NA,NA,NA,NA,NA,NA,,NA,NA,NA,NA,NA,NA,NA,NA,NA,NA,NA,NA,NA,NA,NA,NA,NA,NA,NA,NA,NA,NA,NA,NA,,NA,NA,NA,NA,NA,NA,NA,NA,NA,NA,NA,NA,NA,NA,NA,NA,NA,NA,NA,NA,NA,NA,NA,NA,NA,,NA,NA,NA,NA,NA,NA,NA,NA,NA,NA,NA,Long Key,Euphorbia cyathophora,Euphorbia cyathophora | Heliconius charithonia
Erynnis horatius,https://www.inaturalist.org/observations/69326867,Noelle,Richardia,grandiflora,Jake,100%,Thomas,13924854,504a50a0-15d2-4ec7-a1d3-3934bde8b871,3126,taxon,Interaction->Visited flower of,Interaction->Visited flower of,52078,52078,NA,349183,52078,52078,species,10,47126,,TRUE,52078,Richardia grandiflora,52079,48460/47126/211194/47125/47124/47363/47693/788064/788088/52079,"48460,47126,211194,47125,47124,47363,47693,788064,788088,52079,52078",FALSE,FALSE,2009-07-01T11:57:21+00:00,0,2,15536,FALSE,15536,NA,NA,NA,https://en.wikipedia.org/wiki/Richardia_grandiflora,Plantae,largeflower Mexican clover,18320951,NA,"(c) Vanessa Trujillo, all rights reserved, uploaded by Vanessa Trujillo",https://static.inaturalist.org/photos/18320951/square.jpg,,Vanessa Trujillo,https://static.inaturalist.org/photos/18320951/square.jpg,https://static.inaturalist.org/photos/18320951/medium.jpg,800,600,0,0,349183,joemdo,FALSE,FALSE,2016-10-12T00:08:13+00:00,joemdo,joemdo,Joe MDO,Joe MDO,NA,https://static.inaturalist.org/attachments/users/icons/349183/thumb.jpg?1662070326,126435,249147,9,375591,11568,63401,126435,,1,https://static.inaturalist.org/attachments/users/icons/349183/medium.jpg?1662070326,NA,NA,NA,NA,NA,NA,NA,NA,NA,Long Key,Richardia grandiflora,Richardia grandiflora | Erynnis horatius
Heliconius charithonia,https://www.inaturalist.org/observations/69326871,Noelle,Richardia,grandiflora,Jake,100%,Thomas,NA,NA,NA,NA,NA,NA,NA,NA,NA,NA,NA,NA,NA,NA,NA,,NA,NA,NA,NA,NA,NA,NA,NA,NA,NA,NA,NA,NA,NA,NA,NA,NA,NA,NA,NA,NA,NA,NA,NA,,NA,NA,NA,NA,NA,NA,NA,NA,NA,NA,NA,NA,NA,NA,NA,NA,NA,NA,NA,NA,NA,NA,NA,NA,NA,,NA,NA,NA,NA,NA,NA,NA,NA,NA,NA,NA,Long Key,Richardia grandiflora,Richardia grandiflora | Heliconius charithonia
Strymon istapa,https://www.inaturalist.org/observations/69533042,Lucas,Richardia,grandiflora,Toni,100%,Thomas,NA,NA,NA,NA,NA,NA,NA,NA,NA,NA,NA,NA,NA,NA,NA,,NA,NA,NA,NA,NA,NA,NA,NA,NA,NA,NA,NA,NA,NA,NA,NA,NA,NA,NA,NA,NA,NA,NA,NA,,NA,NA,NA,NA,NA,NA,NA,NA,NA,NA,NA,NA,NA,NA,NA,NA,NA,NA,NA,NA,NA,NA,NA,NA,NA,,NA,NA,NA,NA,NA,NA,NA,NA,NA,NA,NA,Quiet Waters,Richardia grandiflora,Richardia grandiflora | Strymon istapa
Anartia jatrophae,https://www.inaturalist.org/observations/69533077,Lucas,Bidens,alba,Toni,100%,Thomas,NA,NA,NA,NA,NA,NA,NA,NA,NA,NA,NA,NA,NA,NA,NA,,NA,NA,NA,NA,NA,NA,NA,NA,NA,NA,NA,NA,NA,NA,NA,NA,NA,NA,NA,NA,NA,NA,NA,NA,,NA,NA,NA,NA,NA,NA,NA,NA,NA,NA,NA,NA,NA,NA,NA,NA,NA,NA,NA,NA,NA,NA,NA,NA,NA,,NA,NA,NA,NA,NA,NA,NA,NA,NA,NA,NA,Quiet Waters,Bidens alba,Bidens alba | Anartia jatrophae
Thorybes dorantes,https://www.inaturalist.org/observations/69533124,Lucas,Richardia,grandiflora,Toni,100%,Thomas,NA,NA,NA,NA,NA,NA,NA,NA,NA,NA,NA,NA,NA,NA,NA,,NA,NA,NA,NA,NA,NA,NA,NA,NA,NA,NA,NA,NA,NA,NA,NA,NA,NA,NA,NA,NA,NA,NA,NA,,NA,NA,NA,NA,NA,NA,NA,NA,NA,NA,NA,NA,NA,NA,NA,NA,NA,NA,NA,NA,NA,NA,NA,NA,NA,,NA,NA,NA,NA,NA,NA,NA,NA,NA,NA,NA,Quiet Waters,Richardia grandiflora,Richardia grandiflora | Thorybes dorantes
Erynnis horatius,https://www.inaturalist.org/observations/69533235,Lucas,Bidens,alba,Toni,100%,Thomas,NA,NA,NA,NA,NA,NA,NA,NA,NA,NA,NA,NA,NA,NA,NA,,NA,NA,NA,NA,NA,NA,NA,NA,NA,NA,NA,NA,NA,NA,NA,NA,NA,NA,NA,NA,NA,NA,NA,NA,,NA,NA,NA,NA,NA,NA,NA,NA,NA,NA,NA,NA,NA,NA,NA,NA,NA,NA,NA,NA,NA,NA,NA,NA,NA,,NA,NA,NA,NA,NA,NA,NA,NA,NA,NA,NA,Quiet Waters,Bidens alba,Bidens alba | Erynnis horatius
Heliconius charithonia,https://www.inaturalist.org/observations/69567266,Noelle,Richardia,grandiflora,Jake,100%,Thomas,NA,NA,NA,NA,NA,NA,NA,NA,NA,NA,NA,NA,NA,NA,NA,,NA,NA,NA,NA,NA,NA,NA,NA,NA,NA,NA,NA,NA,NA,NA,NA,NA,NA,NA,NA,NA,NA,NA,NA,,NA,NA,NA,NA,NA,NA,NA,NA,NA,NA,NA,NA,NA,NA,NA,NA,NA,NA,NA,NA,NA,NA,NA,NA,NA,,NA,NA,NA,NA,NA,NA,NA,NA,NA,NA,NA,Long Key,Richardia grandiflora,Richardia grandiflora | Heliconius charithonia
Ascia monuste,https://www.inaturalist.org/observations/70641215,Lucas,Bidens,alba,Jake,100%,Thomas,14075931,75892110-d1d0-4091-8176-16d57f0e1f95,3126,taxon,Interaction->Visited flower of,Interaction->Visited flower of,1095846,1095846,NA,349183,1095846,1095846,species,10,47126,,TRUE,1095846,Bidens alba,50204,48460/47126/211194/47125/47124/47605/47604/632790/568277/50204,"48460,47126,211194,47125,47124,47605,47604,632790,568277,50204,1095846",FALSE,FALSE,2020-06-05T17:31:55+00:00,4,2,91756,FALSE,91756,NA,30122,NA,https://en.wikipedia.org/wiki/Bidens_alba,Plantae,White beggarticks,86500140,cc0,"no rights reserved, uploaded by 葉子",https://inaturalist-open-data.s3.amazonaws.com/photos/86500140/square.jpeg,,葉子,https://inaturalist-open-data.s3.amazonaws.com/photos/86500140/square.jpeg,https://inaturalist-open-data.s3.amazonaws.com/photos/86500140/medium.jpeg,1536,2048,3,0,349183,joemdo,FALSE,FALSE,2016-10-12T00:08:13+00:00,joemdo,joemdo,Joe MDO,Joe MDO,NA,https://static.inaturalist.org/attachments/users/icons/349183/thumb.jpg?1662070326,126435,249147,9,375591,11568,63401,126435,,1,https://static.inaturalist.org/attachments/users/icons/349183/medium.jpg?1662070326,NA,NA,NA,NA,NA,NA,NA,NA,NA,Quiet Waters,Bidens alba,Bidens alba | Ascia monuste
Erynnis horatius,https://www.inaturalist.org/observations/70677270,Lucas,Bidens,alba,Jake,100%,Thomas,NA,NA,NA,NA,NA,NA,NA,NA,NA,NA,NA,NA,NA,NA,NA,,NA,NA,NA,NA,NA,NA,NA,NA,NA,NA,NA,NA,NA,NA,NA,NA,NA,NA,NA,NA,NA,NA,NA,NA,,NA,NA,NA,NA,NA,NA,NA,NA,NA,NA,NA,NA,NA,NA,NA,NA,NA,NA,NA,NA,NA,NA,NA,NA,NA,,NA,NA,NA,NA,NA,NA,NA,NA,NA,NA,NA,Quiet Waters,Bidens alba,Bidens alba | Erynnis horatius
Heliconius charithonia,https://www.inaturalist.org/observations/70995219,Noelle,Bidens,alba,Jake,100%,Thomas,NA,NA,NA,NA,NA,NA,NA,NA,NA,NA,NA,NA,NA,NA,NA,,NA,NA,NA,NA,NA,NA,NA,NA,NA,NA,NA,NA,NA,NA,NA,NA,NA,NA,NA,NA,NA,NA,NA,NA,,NA,NA,NA,NA,NA,NA,NA,NA,NA,NA,NA,NA,NA,NA,NA,NA,NA,NA,NA,NA,NA,NA,NA,NA,NA,,NA,NA,NA,NA,NA,NA,NA,NA,NA,NA,NA,Long Key,Bidens alba,Bidens alba | Heliconius charithonia
Erynnis horatius,https://www.inaturalist.org/observations/71763690,Lucas,Bidens,alba,Jake,100%,Thomas,14181795,7825b6e3-cc55-44e4-90c2-dbd174db0254,3126,taxon,Interaction->Visited flower of,Interaction->Visited flower of,1095846,1095846,NA,349183,1095846,1095846,species,10,47126,,TRUE,1095846,Bidens alba,50204,48460/47126/211194/47125/47124/47605/47604/632790/568277/50204,"48460,47126,211194,47125,47124,47605,47604,632790,568277,50204,1095846",FALSE,FALSE,2020-06-05T17:31:55+00:00,4,2,91756,FALSE,91756,NA,30122,NA,https://en.wikipedia.org/wiki/Bidens_alba,Plantae,White beggarticks,86500140,cc0,"no rights reserved, uploaded by 葉子",https://inaturalist-open-data.s3.amazonaws.com/photos/86500140/square.jpeg,,葉子,https://inaturalist-open-data.s3.amazonaws.com/photos/86500140/square.jpeg,https://inaturalist-open-data.s3.amazonaws.com/photos/86500140/medium.jpeg,1536,2048,3,0,349183,joemdo,FALSE,FALSE,2016-10-12T00:08:13+00:00,joemdo,joemdo,Joe MDO,Joe MDO,NA,https://static.inaturalist.org/attachments/users/icons/349183/thumb.jpg?1662070326,126435,249147,9,375591,11568,63401,126435,,1,https://static.inaturalist.org/attachments/users/icons/349183/medium.jpg?1662070326,NA,NA,NA,NA,NA,NA,NA,NA,NA,Quiet Waters,Bidens alba,Bidens alba | Erynnis horatius
Hylephila phyleus,https://www.inaturalist.org/observations/71763696,Lucas,Bidens,alba,Jake,100%,Thomas,14181794,ec83f567-9cca-4131-85a6-02c87b944a83,3126,taxon,Interaction->Visited flower of,Interaction->Visited flower of,1095846,1095846,349183,349183,1095846,1095846,species,10,47126,,TRUE,1095846,Bidens alba,50204,48460/47126/211194/47125/47124/47605/47604/632790/568277/50204,"48460,47126,211194,47125,47124,47605,47604,632790,568277,50204,1095846",FALSE,FALSE,2020-06-05T17:31:55+00:00,4,2,91756,FALSE,91756,NA,30122,NA,https://en.wikipedia.org/wiki/Bidens_alba,Plantae,White beggarticks,86500140,cc0,"no rights reserved, uploaded by 葉子",https://inaturalist-open-data.s3.amazonaws.com/photos/86500140/square.jpeg,,葉子,https://inaturalist-open-data.s3.amazonaws.com/photos/86500140/square.jpeg,https://inaturalist-open-data.s3.amazonaws.com/photos/86500140/medium.jpeg,1536,2048,3,0,349183,joemdo,FALSE,FALSE,2016-10-12T00:08:13+00:00,joemdo,joemdo,Joe MDO,Joe MDO,NA,https://static.inaturalist.org/attachments/users/icons/349183/thumb.jpg?1662070326,126435,249147,9,375591,11568,63401,126435,,1,https://static.inaturalist.org/attachments/users/icons/349183/medium.jpg?1662070326,NA,NA,NA,NA,NA,NA,NA,NA,NA,Quiet Waters,Bidens alba,Bidens alba | Hylephila phyleus
Hylephila phyleus,https://www.inaturalist.org/observations/71763699,Lucas,Bidens,alba,Jake,100%,Thomas,NA,NA,NA,NA,NA,NA,NA,NA,NA,NA,NA,NA,NA,NA,NA,,NA,NA,NA,NA,NA,NA,NA,NA,NA,NA,NA,NA,NA,NA,NA,NA,NA,NA,NA,NA,NA,NA,NA,NA,,NA,NA,NA,NA,NA,NA,NA,NA,NA,NA,NA,NA,NA,NA,NA,NA,NA,NA,NA,NA,NA,NA,NA,NA,NA,,NA,NA,NA,NA,NA,NA,NA,NA,NA,NA,NA,Quiet Waters,Bidens alba,Bidens alba | Hylephila phyleus
Nathalis iole,https://www.inaturalist.org/observations/71942042,Thomas,Bidens,alba,Toni,100%,NA,NA,NA,NA,NA,NA,NA,NA,NA,NA,NA,NA,NA,NA,NA,NA,,NA,NA,NA,NA,NA,NA,NA,NA,NA,NA,NA,NA,NA,NA,NA,NA,NA,NA,NA,NA,NA,NA,NA,NA,,NA,NA,NA,NA,NA,NA,NA,NA,NA,NA,NA,NA,NA,NA,NA,NA,NA,NA,NA,NA,NA,NA,NA,NA,NA,,NA,NA,NA,NA,NA,NA,NA,NA,NA,NA,NA,Vista View,Bidens alba,Bidens alba | Nathalis iole
Dione vanillae,https://www.inaturalist.org/observations/71942126,Thomas,Richardia,grandiflora,Toni,100%,NA,NA,NA,NA,NA,NA,NA,NA,NA,NA,NA,NA,NA,NA,NA,NA,,NA,NA,NA,NA,NA,NA,NA,NA,NA,NA,NA,NA,NA,NA,NA,NA,NA,NA,NA,NA,NA,NA,NA,NA,,NA,NA,NA,NA,NA,NA,NA,NA,NA,NA,NA,NA,NA,NA,NA,NA,NA,NA,NA,NA,NA,NA,NA,NA,NA,,NA,NA,NA,NA,NA,NA,NA,NA,NA,NA,NA,Vista View,Richardia grandiflora,Richardia grandiflora | Dione vanillae
Heliconius charithonia,https://www.inaturalist.org/observations/71942166,Thomas,Hamelia,patens,Toni,100%,NA,NA,NA,NA,NA,NA,NA,NA,NA,NA,NA,NA,NA,NA,NA,NA,,NA,NA,NA,NA,NA,NA,NA,NA,NA,NA,NA,NA,NA,NA,NA,NA,NA,NA,NA,NA,NA,NA,NA,NA,,NA,NA,NA,NA,NA,NA,NA,NA,NA,NA,NA,NA,NA,NA,NA,NA,NA,NA,NA,NA,NA,NA,NA,NA,NA,,NA,NA,NA,NA,NA,NA,NA,NA,NA,NA,NA,Vista View,Hamelia patens,Hamelia patens | Heliconius charithonia
Anartia jatrophae,https://www.inaturalist.org/observations/72392538,Tessa,Bidens,alba,Toni,100%,Thomas,NA,NA,NA,NA,NA,NA,NA,NA,NA,NA,NA,NA,NA,NA,NA,,NA,NA,NA,NA,NA,NA,NA,NA,NA,NA,NA,NA,NA,NA,NA,NA,NA,NA,NA,NA,NA,NA,NA,NA,,NA,NA,NA,NA,NA,NA,NA,NA,NA,NA,NA,NA,NA,NA,NA,NA,NA,NA,NA,NA,NA,NA,NA,NA,NA,,NA,NA,NA,NA,NA,NA,NA,NA,NA,NA,NA,Markham,Bidens alba,Bidens alba | Anartia jatrophae
Anartia jatrophae,https://www.inaturalist.org/observations/72393740,Tessa,Spermacoce,verticillata,Toni,>80%,Thomas,14240340,e0777991-ba83-4236-ad85-29a46ddae8d4,3126,taxon,Interaction->Visited flower of,Interaction->Visited flower of,169171,169171,NA,349183,169171,169171,species,10,47126,,TRUE,169171,Spermacoce verticillata,131832,48460/47126/211194/47125/47124/47363/47693/788064/788088/131832,"48460,47126,211194,47125,47124,47363,47693,788064,788088,131832,169171",FALSE,FALSE,2012-10-22T22:59:30+00:00,1,3,12116,FALSE,12116,NA,NA,NA,https://en.wikipedia.org/wiki/Spermacoce_verticillata,Plantae,shrubby false buttonweed,2690565,NA,"(c) Jay Keller, all rights reserved, uploaded by Jay Keller",https://static.inaturalist.org/photos/2690565/square.jpg,,Jay Keller,https://static.inaturalist.org/photos/2690565/square.jpg,https://static.inaturalist.org/photos/2690565/medium.jpg,1536,2048,0,0,349183,joemdo,FALSE,FALSE,2016-10-12T00:08:13+00:00,joemdo,joemdo,Joe MDO,Joe MDO,NA,https://static.inaturalist.org/attachments/users/icons/349183/thumb.jpg?1662070326,126435,249147,9,375591,11568,63401,126435,,1,https://static.inaturalist.org/attachments/users/icons/349183/medium.jpg?1662070326,NA,NA,NA,NA,NA,NA,NA,NA,NA,Markham,Spermacoce verticillata,Spermacoce verticillata | Anartia jatrophae
Marpesia petreus,https://www.inaturalist.org/observations/72717342,Thomas,Psychotria,nervosa,Toni,100%,NA,NA,NA,NA,NA,NA,NA,NA,NA,NA,NA,NA,NA,NA,NA,NA,,NA,NA,NA,NA,NA,NA,NA,NA,NA,NA,NA,NA,NA,NA,NA,NA,NA,NA,NA,NA,NA,NA,NA,NA,,NA,NA,NA,NA,NA,NA,NA,NA,NA,NA,NA,NA,NA,NA,NA,NA,NA,NA,NA,NA,NA,NA,NA,NA,NA,,NA,NA,NA,NA,NA,NA,NA,NA,NA,NA,NA,Quiet Waters,Psychotria nervosa,Psychotria nervosa | Marpesia petreus
Strymon istapa,https://www.inaturalist.org/observations/72847531,Thomas,Spermacoce,verticillata,Toni,100%,NA,NA,NA,NA,NA,NA,NA,NA,NA,NA,NA,NA,NA,NA,NA,NA,,NA,NA,NA,NA,NA,NA,NA,NA,NA,NA,NA,NA,NA,NA,NA,NA,NA,NA,NA,NA,NA,NA,NA,NA,,NA,NA,NA,NA,NA,NA,NA,NA,NA,NA,NA,NA,NA,NA,NA,NA,NA,NA,NA,NA,NA,NA,NA,NA,NA,,NA,NA,NA,NA,NA,NA,NA,NA,NA,NA,NA,Quiet Waters,Spermacoce verticillata,Spermacoce verticillata | Strymon istapa
Apis mellifera,https://www.inaturalist.org/observations/72930485,MaryJo,Serenoa,repens,Toni,100%,Thomas,NA,NA,NA,NA,NA,NA,NA,NA,NA,NA,NA,NA,NA,NA,NA,,NA,NA,NA,NA,NA,NA,NA,NA,NA,NA,NA,NA,NA,NA,NA,NA,NA,NA,NA,NA,NA,NA,NA,NA,,NA,NA,NA,NA,NA,NA,NA,NA,NA,NA,NA,NA,NA,NA,NA,NA,NA,NA,NA,NA,NA,NA,NA,NA,NA,,NA,NA,NA,NA,NA,NA,NA,NA,NA,NA,NA,Military Trail,Serenoa repens,Serenoa repens | Apis mellifera
Danaus plexippus,https://www.inaturalist.org/observations/72944724,Tessa,Bidens,alba,Toni,100%,Thomas,NA,NA,NA,NA,NA,NA,NA,NA,NA,NA,NA,NA,NA,NA,NA,,NA,NA,NA,NA,NA,NA,NA,NA,NA,NA,NA,NA,NA,NA,NA,NA,NA,NA,NA,NA,NA,NA,NA,NA,,NA,NA,NA,NA,NA,NA,NA,NA,NA,NA,NA,NA,NA,NA,NA,NA,NA,NA,NA,NA,NA,NA,NA,NA,NA,,NA,NA,NA,NA,NA,NA,NA,NA,NA,NA,NA,Markham,Bidens alba,Bidens alba | Danaus plexippus
Leptotes cassius,https://www.inaturalist.org/observations/73556545,Lucas,Varronia,bullata,Toni,>80%,Thomas,14370472,4868be89-7475-4f50-adf1-3bccc0edc64d,3126,taxon,Interaction->Visited flower of,Interaction->Visited flower of,283227,283227,NA,349183,283227,283227,species,10,47126,,TRUE,283227,Varronia globosa,272882,48460/47126/211194/47125/47124/523723/48150/795676/272882,"48460,47126,211194,47125,47124,523723,48150,795676,272882,283227",FALSE,FALSE,2013-04-30T02:49:20+00:00,4,2,370,FALSE,370,NA,NA,NA,https://en.wikipedia.org/wiki/Varronia_globosa,Plantae,Curacao Bush,419931821,cc-by-sa,"(c) Douglas Goldman, some rights reserved (CC BY-SA), uploaded by Douglas Goldman",https://inaturalist-open-data.s3.amazonaws.com/photos/419931821/square.jpg,,Douglas Goldman,https://inaturalist-open-data.s3.amazonaws.com/photos/419931821/square.jpg,https://inaturalist-open-data.s3.amazonaws.com/photos/419931821/medium.jpg,1371,2048,0,0,349183,joemdo,FALSE,FALSE,2016-10-12T00:08:13+00:00,joemdo,joemdo,Joe MDO,Joe MDO,NA,https://static.inaturalist.org/attachments/users/icons/349183/thumb.jpg?1662070326,126435,249147,9,375591,11568,63401,126435,,1,https://static.inaturalist.org/attachments/users/icons/349183/medium.jpg?1662070326,NA,NA,NA,NA,NA,NA,NA,NA,NA,Quiet Waters,Varronia bullata,Varronia bullata | Leptotes cassius
Trichiotinus lunulatus,https://www.inaturalist.org/observations/73632597,Noelle,Psychotria,tremens,Jake,100%,Thomas,14376428,24919799-7fe6-47be-853e-6d128e9b71c3,3126,taxon,Interaction->Visited flower of,Interaction->Visited flower of,51599,51599,349183,349183,51599,51599,species,10,47126,,TRUE,51599,Psychotria nervosa,51600,48460/47126/211194/47125/47124/47363/47693/788064/788081/51600,"48460,47126,211194,47125,47124,47363,47693,788064,788081,51600,51599",FALSE,FALSE,2009-05-26T01:15:00+00:00,0,3,12267,FALSE,12267,NA,NA,NA,http://en.wikipedia.org/wiki/Psychotria_nervosa,Plantae,Shiny-leaved Wild Coffee,16401876,NA,"(c) Sandra St. Hilaire, all rights reserved, uploaded by Sandra St. Hilaire",https://static.inaturalist.org/photos/16401876/square.jpg,,Sandra St. Hilaire,https://static.inaturalist.org/photos/16401876/square.jpg,https://static.inaturalist.org/photos/16401876/medium.jpg,2048,1536,0,0,349183,joemdo,FALSE,FALSE,2016-10-12T00:08:13+00:00,joemdo,joemdo,Joe MDO,Joe MDO,NA,https://static.inaturalist.org/attachments/users/icons/349183/thumb.jpg?1662070326,126435,249147,9,375591,11568,63401,126435,,1,https://static.inaturalist.org/attachments/users/icons/349183/medium.jpg?1662070326,NA,NA,NA,NA,NA,NA,NA,NA,NA,Long Key,Psychotria tremens,Psychotria tremens | Trichiotinus lunulatus
Hylephila phyleus,https://www.inaturalist.org/observations/74316187,Thomas,Spermacoce,verticillata,Toni,100%,NA,NA,NA,NA,NA,NA,NA,NA,NA,NA,NA,NA,NA,NA,NA,NA,,NA,NA,NA,NA,NA,NA,NA,NA,NA,NA,NA,NA,NA,NA,NA,NA,NA,NA,NA,NA,NA,NA,NA,NA,,NA,NA,NA,NA,NA,NA,NA,NA,NA,NA,NA,NA,NA,NA,NA,NA,NA,NA,NA,NA,NA,NA,NA,NA,NA,,NA,NA,NA,NA,NA,NA,NA,NA,NA,NA,NA,Long Key,Spermacoce verticillata,Spermacoce verticillata | Hylephila phyleus
Halictus poeyi,https://www.inaturalist.org/observations/74420861,Lucas,Bidens,alba,Toni,100%,Thomas,NA,NA,NA,NA,NA,NA,NA,NA,NA,NA,NA,NA,NA,NA,NA,,NA,NA,NA,NA,NA,NA,NA,NA,NA,NA,NA,NA,NA,NA,NA,NA,NA,NA,NA,NA,NA,NA,NA,NA,,NA,NA,NA,NA,NA,NA,NA,NA,NA,NA,NA,NA,NA,NA,NA,NA,NA,NA,NA,NA,NA,NA,NA,NA,NA,,NA,NA,NA,NA,NA,NA,NA,NA,NA,NA,NA,Quiet Waters,Bidens alba,Bidens alba | Halictus poeyi
Apis mellifera,https://www.inaturalist.org/observations/74565837,Tessa,Spermacoce,verticillata,Toni,100%,Thomas,14450490,f297abbd-1d59-4e56-8b57-fe3f64bd5345,3126,taxon,Interaction->Visited flower of,Interaction->Visited flower of,169171,169171,NA,349183,169171,169171,species,10,47126,,TRUE,169171,Spermacoce verticillata,131832,48460/47126/211194/47125/47124/47363/47693/788064/788088/131832,"48460,47126,211194,47125,47124,47363,47693,788064,788088,131832,169171",FALSE,FALSE,2012-10-22T22:59:30+00:00,1,3,12116,FALSE,12116,NA,NA,NA,https://en.wikipedia.org/wiki/Spermacoce_verticillata,Plantae,shrubby false buttonweed,2690565,NA,"(c) Jay Keller, all rights reserved, uploaded by Jay Keller",https://static.inaturalist.org/photos/2690565/square.jpg,,Jay Keller,https://static.inaturalist.org/photos/2690565/square.jpg,https://static.inaturalist.org/photos/2690565/medium.jpg,1536,2048,0,0,349183,joemdo,FALSE,FALSE,2016-10-12T00:08:13+00:00,joemdo,joemdo,Joe MDO,Joe MDO,NA,https://static.inaturalist.org/attachments/users/icons/349183/thumb.jpg?1662070326,126435,249147,9,375591,11568,63401,126435,,1,https://static.inaturalist.org/attachments/users/icons/349183/medium.jpg?1662070326,NA,NA,NA,NA,NA,NA,NA,NA,NA,Markham,Spermacoce verticillata,Spermacoce verticillata | Apis mellifera
Apis mellifera,https://www.inaturalist.org/observations/75220616,MaryJo,Serenoa,repens,Toni,100%,Thomas,NA,NA,NA,NA,NA,NA,NA,NA,NA,NA,NA,NA,NA,NA,NA,,NA,NA,NA,NA,NA,NA,NA,NA,NA,NA,NA,NA,NA,NA,NA,NA,NA,NA,NA,NA,NA,NA,NA,NA,,NA,NA,NA,NA,NA,NA,NA,NA,NA,NA,NA,NA,NA,NA,NA,NA,NA,NA,NA,NA,NA,NA,NA,NA,NA,,NA,NA,NA,NA,NA,NA,NA,NA,NA,NA,NA,Military Trail,Serenoa repens,Serenoa repens | Apis mellifera
Apis mellifera,https://www.inaturalist.org/observations/75875750,Thomas,Trifolium,repens,Toni,100%,NA,NA,NA,NA,NA,NA,NA,NA,NA,NA,NA,NA,NA,NA,NA,NA,,NA,NA,NA,NA,NA,NA,NA,NA,NA,NA,NA,NA,NA,NA,NA,NA,NA,NA,NA,NA,NA,NA,NA,NA,,NA,NA,NA,NA,NA,NA,NA,NA,NA,NA,NA,NA,NA,NA,NA,NA,NA,NA,NA,NA,NA,NA,NA,NA,NA,,NA,NA,NA,NA,NA,NA,NA,NA,NA,NA,NA,Vista View,Trifolium repens,Trifolium repens | Apis mellifera
Nathalis iole,https://www.inaturalist.org/observations/76510077,Thomas,Bidens,alba,Toni,100%,NA,NA,NA,NA,NA,NA,NA,NA,NA,NA,NA,NA,NA,NA,NA,NA,,NA,NA,NA,NA,NA,NA,NA,NA,NA,NA,NA,NA,NA,NA,NA,NA,NA,NA,NA,NA,NA,NA,NA,NA,,NA,NA,NA,NA,NA,NA,NA,NA,NA,NA,NA,NA,NA,NA,NA,NA,NA,NA,NA,NA,NA,NA,NA,NA,NA,,NA,NA,NA,NA,NA,NA,NA,NA,NA,NA,NA,Long Key,Bidens alba,Bidens alba | Nathalis iole
Heliconius charithonia,https://www.inaturalist.org/observations/76595054,Thomas,Hamelia,patens,Toni,100%,NA,NA,NA,NA,NA,NA,NA,NA,NA,NA,NA,NA,NA,NA,NA,NA,,NA,NA,NA,NA,NA,NA,NA,NA,NA,NA,NA,NA,NA,NA,NA,NA,NA,NA,NA,NA,NA,NA,NA,NA,,NA,NA,NA,NA,NA,NA,NA,NA,NA,NA,NA,NA,NA,NA,NA,NA,NA,NA,NA,NA,NA,NA,NA,NA,NA,,NA,NA,NA,NA,NA,NA,NA,NA,NA,NA,NA,Helene Klein,Hamelia patens,Hamelia patens | Heliconius charithonia
Ascia monuste,https://www.inaturalist.org/observations/77705871,Noelle,Psychotria,nervosa,Jake,100%,Thomas,NA,NA,NA,NA,NA,NA,NA,NA,NA,NA,NA,NA,NA,NA,NA,,NA,NA,NA,NA,NA,NA,NA,NA,NA,NA,NA,NA,NA,NA,NA,NA,NA,NA,NA,NA,NA,NA,NA,NA,,NA,NA,NA,NA,NA,NA,NA,NA,NA,NA,NA,NA,NA,NA,NA,NA,NA,NA,NA,NA,NA,NA,NA,NA,NA,,NA,NA,NA,NA,NA,NA,NA,NA,NA,NA,NA,Long Key,Psychotria nervosa,Psychotria nervosa | Ascia monuste
Heliconius charithonia,https://www.inaturalist.org/observations/77709066,Tessa,Bidens,alba,Toni,100%,Thomas,NA,NA,NA,NA,NA,NA,NA,NA,NA,NA,NA,NA,NA,NA,NA,,NA,NA,NA,NA,NA,NA,NA,NA,NA,NA,NA,NA,NA,NA,NA,NA,NA,NA,NA,NA,NA,NA,NA,NA,,NA,NA,NA,NA,NA,NA,NA,NA,NA,NA,NA,NA,NA,NA,NA,NA,NA,NA,NA,NA,NA,NA,NA,NA,NA,,NA,NA,NA,NA,NA,NA,NA,NA,NA,NA,NA,Markham,Bidens alba,Bidens alba | Heliconius charithonia
Pyrausta tyralis,https://www.inaturalist.org/observations/77986956,Lucas,Spermacoce,verticillata,Toni,>80%,Thomas,NA,NA,NA,NA,NA,NA,NA,NA,NA,NA,NA,NA,NA,NA,NA,,NA,NA,NA,NA,NA,NA,NA,NA,NA,NA,NA,NA,NA,NA,NA,NA,NA,NA,NA,NA,NA,NA,NA,NA,,NA,NA,NA,NA,NA,NA,NA,NA,NA,NA,NA,NA,NA,NA,NA,NA,NA,NA,NA,NA,NA,NA,NA,NA,NA,,NA,NA,NA,NA,NA,NA,NA,NA,NA,NA,NA,Quiet Waters,Spermacoce verticillata,Spermacoce verticillata | Pyrausta tyralis
Cymaenes tripunctus,https://www.inaturalist.org/observations/82291923,Tessa,Stachytarpheta,jamaicensis,Toni,100%,Thomas,NA,NA,NA,NA,NA,NA,NA,NA,NA,NA,NA,NA,NA,NA,NA,,NA,NA,NA,NA,NA,NA,NA,NA,NA,NA,NA,NA,NA,NA,NA,NA,NA,NA,NA,NA,NA,NA,NA,NA,,NA,NA,NA,NA,NA,NA,NA,NA,NA,NA,NA,NA,NA,NA,NA,NA,NA,NA,NA,NA,NA,NA,NA,NA,NA,,NA,NA,NA,NA,NA,NA,NA,NA,NA,NA,NA,Markham,Stachytarpheta jamaicensis,Stachytarpheta jamaicensis | Cymaenes tripunctus
Apis mellifera,https://www.inaturalist.org/observations/82299656,Tessa,Bidens,alba,Toni,100%,Thomas,15047793,bd64e030-c4b4-4821-9434-e8e528790158,3126,taxon,Interaction->Visited flower of,Interaction->Visited flower of,1095846,1095846,NA,738948,1095846,1095846,species,10,47126,,TRUE,1095846,Bidens alba,50204,48460/47126/211194/47125/47124/47605/47604/632790/568277/50204,"48460,47126,211194,47125,47124,47605,47604,632790,568277,50204,1095846",FALSE,FALSE,2020-06-05T17:31:55+00:00,4,2,91756,FALSE,91756,NA,30122,NA,https://en.wikipedia.org/wiki/Bidens_alba,Plantae,White beggarticks,86500140,cc0,"no rights reserved, uploaded by 葉子",https://inaturalist-open-data.s3.amazonaws.com/photos/86500140/square.jpeg,,葉子,https://inaturalist-open-data.s3.amazonaws.com/photos/86500140/square.jpeg,https://inaturalist-open-data.s3.amazonaws.com/photos/86500140/medium.jpeg,1536,2048,3,0,738948,buggybuddy,FALSE,FALSE,2017-12-23T06:27:24+00:00,buggybuddy,buggybuddy,Jade Fortnash,Jade Fortnash,NA,https://static.inaturalist.org/attachments/users/icons/738948/thumb.png?1691372010,18345,8903,1,27249,2740,1936,18345,,1,https://static.inaturalist.org/attachments/users/icons/738948/medium.png?1691372010,NA,NA,NA,NA,NA,NA,NA,NA,NA,Markham,Bidens alba,Bidens alba | Apis mellifera
Heliconius charithonia,https://www.inaturalist.org/observations/83331530,Thomas,Bidens,alba,Toni,100%,NA,NA,NA,NA,NA,NA,NA,NA,NA,NA,NA,NA,NA,NA,NA,NA,,NA,NA,NA,NA,NA,NA,NA,NA,NA,NA,NA,NA,NA,NA,NA,NA,NA,NA,NA,NA,NA,NA,NA,NA,,NA,NA,NA,NA,NA,NA,NA,NA,NA,NA,NA,NA,NA,NA,NA,NA,NA,NA,NA,NA,NA,NA,NA,NA,NA,,NA,NA,NA,NA,NA,NA,NA,NA,NA,NA,NA,Markham,Bidens alba,Bidens alba | Heliconius charithonia
Phyciodes phaon,https://www.inaturalist.org/observations/84185912,Thomas,Phyla,nodiflora,Toni,100%,NA,NA,NA,NA,NA,NA,NA,NA,NA,NA,NA,NA,NA,NA,NA,NA,,NA,NA,NA,NA,NA,NA,NA,NA,NA,NA,NA,NA,NA,NA,NA,NA,NA,NA,NA,NA,NA,NA,NA,NA,,NA,NA,NA,NA,NA,NA,NA,NA,NA,NA,NA,NA,NA,NA,NA,NA,NA,NA,NA,NA,NA,NA,NA,NA,NA,,NA,NA,NA,NA,NA,NA,NA,NA,NA,NA,NA,Markham,Phyla nodiflora,Phyla nodiflora | Phyciodes phaon
Nathalis iole,https://www.inaturalist.org/observations/84186104,Tessa,Spermacoce,verticillata,Jake,100%,Thomas,NA,NA,NA,NA,NA,NA,NA,NA,NA,NA,NA,NA,NA,NA,NA,,NA,NA,NA,NA,NA,NA,NA,NA,NA,NA,NA,NA,NA,NA,NA,NA,NA,NA,NA,NA,NA,NA,NA,NA,,NA,NA,NA,NA,NA,NA,NA,NA,NA,NA,NA,NA,NA,NA,NA,NA,NA,NA,NA,NA,NA,NA,NA,NA,NA,,NA,NA,NA,NA,NA,NA,NA,NA,NA,NA,NA,Markham,Spermacoce verticillata,Spermacoce verticillata | Nathalis iole
Pyrausta tyralis,https://www.inaturalist.org/observations/86489083,Thomas,Sphagneticola,trilobata,Toni,100%,NA,NA,NA,NA,NA,NA,NA,NA,NA,NA,NA,NA,NA,NA,NA,NA,,NA,NA,NA,NA,NA,NA,NA,NA,NA,NA,NA,NA,NA,NA,NA,NA,NA,NA,NA,NA,NA,NA,NA,NA,,NA,NA,NA,NA,NA,NA,NA,NA,NA,NA,NA,NA,NA,NA,NA,NA,NA,NA,NA,NA,NA,NA,NA,NA,NA,,NA,NA,NA,NA,NA,NA,NA,NA,NA,NA,NA,Quiet Waters,Sphagneticola trilobata,Sphagneticola trilobata | Pyrausta tyralis
Burnsius oileus,https://www.inaturalist.org/observations/86650955,Lucas,Bidens,alba,Toni,100%,Thomas,NA,NA,NA,NA,NA,NA,NA,NA,NA,NA,NA,NA,NA,NA,NA,,NA,NA,NA,NA,NA,NA,NA,NA,NA,NA,NA,NA,NA,NA,NA,NA,NA,NA,NA,NA,NA,NA,NA,NA,,NA,NA,NA,NA,NA,NA,NA,NA,NA,NA,NA,NA,NA,NA,NA,NA,NA,NA,NA,NA,NA,NA,NA,NA,NA,,NA,NA,NA,NA,NA,NA,NA,NA,NA,NA,NA,Quiet Waters,Bidens alba,Bidens alba | Burnsius oileus
Thorybes dorantes,https://www.inaturalist.org/observations/86650958,Lucas,Bidens,alba,Lange,100%,Thomas,NA,NA,NA,NA,NA,NA,NA,NA,NA,NA,NA,NA,NA,NA,NA,,NA,NA,NA,NA,NA,NA,NA,NA,NA,NA,NA,NA,NA,NA,NA,NA,NA,NA,NA,NA,NA,NA,NA,NA,,NA,NA,NA,NA,NA,NA,NA,NA,NA,NA,NA,NA,NA,NA,NA,NA,NA,NA,NA,NA,NA,NA,NA,NA,NA,,NA,NA,NA,NA,NA,NA,NA,NA,NA,NA,NA,Quiet Waters,Bidens alba,Bidens alba | Thorybes dorantes
Limenitis archippus,https://www.inaturalist.org/observations/87178740,Tessa,Spermacoce,verticillata,Toni,100%,Thomas,NA,NA,NA,NA,NA,NA,NA,NA,NA,NA,NA,NA,NA,NA,NA,,NA,NA,NA,NA,NA,NA,NA,NA,NA,NA,NA,NA,NA,NA,NA,NA,NA,NA,NA,NA,NA,NA,NA,NA,,NA,NA,NA,NA,NA,NA,NA,NA,NA,NA,NA,NA,NA,NA,NA,NA,NA,NA,NA,NA,NA,NA,NA,NA,NA,,NA,NA,NA,NA,NA,NA,NA,NA,NA,NA,NA,Markham,Spermacoce verticillata,Spermacoce verticillata | Limenitis archippus
Anartia jatrophae,https://www.inaturalist.org/observations/87178840,Tessa,Phyla,nodiflora,Toni,100%,Thomas,NA,NA,NA,NA,NA,NA,NA,NA,NA,NA,NA,NA,NA,NA,NA,,NA,NA,NA,NA,NA,NA,NA,NA,NA,NA,NA,NA,NA,NA,NA,NA,NA,NA,NA,NA,NA,NA,NA,NA,,NA,NA,NA,NA,NA,NA,NA,NA,NA,NA,NA,NA,NA,NA,NA,NA,NA,NA,NA,NA,NA,NA,NA,NA,NA,,NA,NA,NA,NA,NA,NA,NA,NA,NA,NA,NA,Markham,Phyla nodiflora,Phyla nodiflora | Anartia jatrophae
Papilio palamedes,https://www.inaturalist.org/observations/87179450,Noelle,Catharanthus,roseus,Toni,100%,Thomas,NA,NA,NA,NA,NA,NA,NA,NA,NA,NA,NA,NA,NA,NA,NA,,NA,NA,NA,NA,NA,NA,NA,NA,NA,NA,NA,NA,NA,NA,NA,NA,NA,NA,NA,NA,NA,NA,NA,NA,,NA,NA,NA,NA,NA,NA,NA,NA,NA,NA,NA,NA,NA,NA,NA,NA,NA,NA,NA,NA,NA,NA,NA,NA,NA,,NA,NA,NA,NA,NA,NA,NA,NA,NA,NA,NA,Markham,Catharanthus roseus,Catharanthus roseus | Papilio palamedes
Eurema daira,https://www.inaturalist.org/observations/87482482,Lucas,Sida,ulmifolia,Toni,100%,Thomas,NA,NA,NA,NA,NA,NA,NA,NA,NA,NA,NA,NA,NA,NA,NA,,NA,NA,NA,NA,NA,NA,NA,NA,NA,NA,NA,NA,NA,NA,NA,NA,NA,NA,NA,NA,NA,NA,NA,NA,,NA,NA,NA,NA,NA,NA,NA,NA,NA,NA,NA,NA,NA,NA,NA,NA,NA,NA,NA,NA,NA,NA,NA,NA,NA,,NA,NA,NA,NA,NA,NA,NA,NA,NA,NA,NA,Quiet Waters,Sida ulmifolia,Sida ulmifolia | Eurema daira
Erynnis horatius,https://www.inaturalist.org/observations/87482483,Lucas,Bidens,alba,Toni,100%,Thomas,NA,NA,NA,NA,NA,NA,NA,NA,NA,NA,NA,NA,NA,NA,NA,,NA,NA,NA,NA,NA,NA,NA,NA,NA,NA,NA,NA,NA,NA,NA,NA,NA,NA,NA,NA,NA,NA,NA,NA,,NA,NA,NA,NA,NA,NA,NA,NA,NA,NA,NA,NA,NA,NA,NA,NA,NA,NA,NA,NA,NA,NA,NA,NA,NA,,NA,NA,NA,NA,NA,NA,NA,NA,NA,NA,NA,Quiet Waters,Bidens alba,Bidens alba | Erynnis horatius
Cymaenes tripunctus,https://www.inaturalist.org/observations/87482488,Lucas,Sphagneticola,trilobata,Toni,100%,Thomas,NA,NA,NA,NA,NA,NA,NA,NA,NA,NA,NA,NA,NA,NA,NA,,NA,NA,NA,NA,NA,NA,NA,NA,NA,NA,NA,NA,NA,NA,NA,NA,NA,NA,NA,NA,NA,NA,NA,NA,,NA,NA,NA,NA,NA,NA,NA,NA,NA,NA,NA,NA,NA,NA,NA,NA,NA,NA,NA,NA,NA,NA,NA,NA,NA,,NA,NA,NA,NA,NA,NA,NA,NA,NA,NA,NA,Quiet Waters,Sphagneticola trilobata,Sphagneticola trilobata | Cymaenes tripunctus
Phoebis agarithe,https://www.inaturalist.org/observations/87482490,Lucas,Hamelia,patens,Toni,100%,Thomas,NA,NA,NA,NA,NA,NA,NA,NA,NA,NA,NA,NA,NA,NA,NA,,NA,NA,NA,NA,NA,NA,NA,NA,NA,NA,NA,NA,NA,NA,NA,NA,NA,NA,NA,NA,NA,NA,NA,NA,,NA,NA,NA,NA,NA,NA,NA,NA,NA,NA,NA,NA,NA,NA,NA,NA,NA,NA,NA,NA,NA,NA,NA,NA,NA,,NA,NA,NA,NA,NA,NA,NA,NA,NA,NA,NA,Quiet Waters,Hamelia patens,Hamelia patens | Phoebis agarithe
Dione vanillae,https://www.inaturalist.org/observations/87580758,Thomas,Richardia,grandiflora,Toni,100%,NA,NA,NA,NA,NA,NA,NA,NA,NA,NA,NA,NA,NA,NA,NA,NA,,NA,NA,NA,NA,NA,NA,NA,NA,NA,NA,NA,NA,NA,NA,NA,NA,NA,NA,NA,NA,NA,NA,NA,NA,,NA,NA,NA,NA,NA,NA,NA,NA,NA,NA,NA,NA,NA,NA,NA,NA,NA,NA,NA,NA,NA,NA,NA,NA,NA,,NA,NA,NA,NA,NA,NA,NA,NA,NA,NA,NA,Highlands Scrub,Richardia grandiflora,Richardia grandiflora | Dione vanillae
Anartia jatrophae,https://www.inaturalist.org/observations/87642256,Noelle,Desmodium,incanum,Toni,>80%,Thomas,NA,NA,NA,NA,NA,NA,NA,NA,NA,NA,NA,NA,NA,NA,NA,,NA,NA,NA,NA,NA,NA,NA,NA,NA,NA,NA,NA,NA,NA,NA,NA,NA,NA,NA,NA,NA,NA,NA,NA,,NA,NA,NA,NA,NA,NA,NA,NA,NA,NA,NA,NA,NA,NA,NA,NA,NA,NA,NA,NA,NA,NA,NA,NA,NA,,NA,NA,NA,NA,NA,NA,NA,NA,NA,NA,NA,Markham,Desmodium incanum,Desmodium incanum | Anartia jatrophae
Hylephila phyleus,https://www.inaturalist.org/observations/88473154,Noelle,Sphagneticola,trilobata,Jake,100%,Thomas,NA,NA,NA,NA,NA,NA,NA,NA,NA,NA,NA,NA,NA,NA,NA,,NA,NA,NA,NA,NA,NA,NA,NA,NA,NA,NA,NA,NA,NA,NA,NA,NA,NA,NA,NA,NA,NA,NA,NA,,NA,NA,NA,NA,NA,NA,NA,NA,NA,NA,NA,NA,NA,NA,NA,NA,NA,NA,NA,NA,NA,NA,NA,NA,NA,,NA,NA,NA,NA,NA,NA,NA,NA,NA,NA,NA,Long Key,Sphagneticola trilobata,Sphagneticola trilobata | Hylephila phyleus
Apis mellifera,https://www.inaturalist.org/observations/89139923,Thomas,Hamelia,patens,Toni,100%,NA,NA,NA,NA,NA,NA,NA,NA,NA,NA,NA,NA,NA,NA,NA,NA,,NA,NA,NA,NA,NA,NA,NA,NA,NA,NA,NA,NA,NA,NA,NA,NA,NA,NA,NA,NA,NA,NA,NA,NA,,NA,NA,NA,NA,NA,NA,NA,NA,NA,NA,NA,NA,NA,NA,NA,NA,NA,NA,NA,NA,NA,NA,NA,NA,NA,,NA,NA,NA,NA,NA,NA,NA,NA,NA,NA,NA,Quiet Waters,Hamelia patens,Hamelia patens | Apis mellifera
Hylephila phyleus,https://www.inaturalist.org/observations/89251420,Noelle,Richardia,grandiflora,Jake,100%,Thomas,NA,NA,NA,NA,NA,NA,NA,NA,NA,NA,NA,NA,NA,NA,NA,,NA,NA,NA,NA,NA,NA,NA,NA,NA,NA,NA,NA,NA,NA,NA,NA,NA,NA,NA,NA,NA,NA,NA,NA,,NA,NA,NA,NA,NA,NA,NA,NA,NA,NA,NA,NA,NA,NA,NA,NA,NA,NA,NA,NA,NA,NA,NA,NA,NA,,NA,NA,NA,NA,NA,NA,NA,NA,NA,NA,NA,Long Key,Richardia grandiflora,Richardia grandiflora | Hylephila phyleus
Halictus poeyi,https://www.inaturalist.org/observations/90306309,Thomas,Bidens,alba,Toni,100%,NA,15721336,814ea361-da59-478c-8cb9-2894ad400bdc,3126,taxon,Interaction->Visited flower of,Interaction->Visited flower of,1095846,1095846,NA,349183,1095846,1095846,species,10,47126,,TRUE,1095846,Bidens alba,50204,48460/47126/211194/47125/47124/47605/47604/632790/568277/50204,"48460,47126,211194,47125,47124,47605,47604,632790,568277,50204,1095846",FALSE,FALSE,2020-06-05T17:31:55+00:00,4,2,91756,FALSE,91756,NA,30122,NA,https://en.wikipedia.org/wiki/Bidens_alba,Plantae,White beggarticks,86500140,cc0,"no rights reserved, uploaded by 葉子",https://inaturalist-open-data.s3.amazonaws.com/photos/86500140/square.jpeg,,葉子,https://inaturalist-open-data.s3.amazonaws.com/photos/86500140/square.jpeg,https://inaturalist-open-data.s3.amazonaws.com/photos/86500140/medium.jpeg,1536,2048,3,0,349183,joemdo,FALSE,FALSE,2016-10-12T00:08:13+00:00,joemdo,joemdo,Joe MDO,Joe MDO,NA,https://static.inaturalist.org/attachments/users/icons/349183/thumb.jpg?1662070326,126435,249147,9,375591,11568,63401,126435,,1,https://static.inaturalist.org/attachments/users/icons/349183/medium.jpg?1662070326,NA,NA,NA,NA,NA,NA,NA,NA,NA,Quiet Waters,Bidens alba,Bidens alba | Halictus poeyi
Coelioxys dolichos,https://www.inaturalist.org/observations/90306312,Thomas,Bidens,alba,Toni,100%,NA,15721333,774c5fe1-6c4e-4f2c-b82a-a0a2bf8aad2e,3126,taxon,Interaction->Visited flower of,Interaction->Visited flower of,1095846,1095846,NA,349183,1095846,1095846,species,10,47126,,TRUE,1095846,Bidens alba,50204,48460/47126/211194/47125/47124/47605/47604/632790/568277/50204,"48460,47126,211194,47125,47124,47605,47604,632790,568277,50204,1095846",FALSE,FALSE,2020-06-05T17:31:55+00:00,4,2,91756,FALSE,91756,NA,30122,NA,https://en.wikipedia.org/wiki/Bidens_alba,Plantae,White beggarticks,86500140,cc0,"no rights reserved, uploaded by 葉子",https://inaturalist-open-data.s3.amazonaws.com/photos/86500140/square.jpeg,,葉子,https://inaturalist-open-data.s3.amazonaws.com/photos/86500140/square.jpeg,https://inaturalist-open-data.s3.amazonaws.com/photos/86500140/medium.jpeg,1536,2048,3,0,349183,joemdo,FALSE,FALSE,2016-10-12T00:08:13+00:00,joemdo,joemdo,Joe MDO,Joe MDO,NA,https://static.inaturalist.org/attachments/users/icons/349183/thumb.jpg?1662070326,126435,249147,9,375591,11568,63401,126435,,1,https://static.inaturalist.org/attachments/users/icons/349183/medium.jpg?1662070326,NA,NA,NA,NA,NA,NA,NA,NA,NA,Quiet Waters,Bidens alba,Bidens alba | Coelioxys dolichos
Dione vanillae,https://www.inaturalist.org/observations/90306318,Thomas,Hamelia,patens,Toni,100%,NA,NA,NA,NA,NA,NA,NA,NA,NA,NA,NA,NA,NA,NA,NA,NA,,NA,NA,NA,NA,NA,NA,NA,NA,NA,NA,NA,NA,NA,NA,NA,NA,NA,NA,NA,NA,NA,NA,NA,NA,,NA,NA,NA,NA,NA,NA,NA,NA,NA,NA,NA,NA,NA,NA,NA,NA,NA,NA,NA,NA,NA,NA,NA,NA,NA,,NA,NA,NA,NA,NA,NA,NA,NA,NA,NA,NA,Quiet Waters,Hamelia patens,Hamelia patens | Dione vanillae
Anartia jatrophae,https://www.inaturalist.org/observations/90830231,Noelle,Phyla,nodiflora,Jake,100%,Thomas,NA,NA,NA,NA,NA,NA,NA,NA,NA,NA,NA,NA,NA,NA,NA,,NA,NA,NA,NA,NA,NA,NA,NA,NA,NA,NA,NA,NA,NA,NA,NA,NA,NA,NA,NA,NA,NA,NA,NA,,NA,NA,NA,NA,NA,NA,NA,NA,NA,NA,NA,NA,NA,NA,NA,NA,NA,NA,NA,NA,NA,NA,NA,NA,NA,,NA,NA,NA,NA,NA,NA,NA,NA,NA,NA,NA,Long Key,Phyla nodiflora,Phyla nodiflora | Anartia jatrophae
Euglossa dilemma,https://www.inaturalist.org/observations/90830296,Noelle,Hamelia,patens,Jake,100%,Thomas,15891014,03804a3c-81fa-4c8f-8012-c62f3f54590f,3126,taxon,Interaction->Visited flower of,Interaction->Visited flower of,126305,126305,NA,641829,126305,126305,species,10,47126,,TRUE,126305,Hamelia patens,126306,48460/47126/211194/47125/47124/47363/47693/788062/788055/126306,"48460,47126,211194,47125,47124,47363,47693,788062,788055,126306,126305",FALSE,FALSE,2012-03-24T15:52:25+00:00,0,3,21293,FALSE,21293,NA,NA,NA,http://en.wikipedia.org/wiki/Hamelia_patens,Plantae,Firebush,162979827,cc-by-nc,"(c) Cindy Chrisler, some rights reserved (CC BY-NC), uploaded by Cindy Chrisler",https://inaturalist-open-data.s3.amazonaws.com/photos/162979827/square.jpeg,,Cindy Chrisler,https://inaturalist-open-data.s3.amazonaws.com/photos/162979827/square.jpeg,https://inaturalist-open-data.s3.amazonaws.com/photos/162979827/medium.jpeg,1484,2048,0,0,641829,brice_c,FALSE,FALSE,2017-09-23T15:32:23+00:00,brice_c,brice_c,Brice C.,Brice C.,NA,https://static.inaturalist.org/attachments/users/icons/641829/thumb.jpg?1717518964,18255,21621,2,39878,3949,3044,18255,,1,https://static.inaturalist.org/attachments/users/icons/641829/medium.jpg?1717518964,NA,NA,NA,NA,NA,NA,NA,NA,NA,Long Key,Hamelia patens,Hamelia patens | Euglossa dilemma
Apis mellifera,https://www.inaturalist.org/observations/90830301,Noelle,Hamelia,patens,Jake,100%,Thomas,15891010,97a097ec-95d9-4c76-aa7b-5679b3996114,3126,taxon,Interaction->Visited flower of,Interaction->Visited flower of,126305,126305,NA,641829,126305,126305,species,10,47126,,TRUE,126305,Hamelia patens,126306,48460/47126/211194/47125/47124/47363/47693/788062/788055/126306,"48460,47126,211194,47125,47124,47363,47693,788062,788055,126306,126305",FALSE,FALSE,2012-03-24T15:52:25+00:00,0,3,21293,FALSE,21293,NA,NA,NA,http://en.wikipedia.org/wiki/Hamelia_patens,Plantae,Firebush,162979827,cc-by-nc,"(c) Cindy Chrisler, some rights reserved (CC BY-NC), uploaded by Cindy Chrisler",https://inaturalist-open-data.s3.amazonaws.com/photos/162979827/square.jpeg,,Cindy Chrisler,https://inaturalist-open-data.s3.amazonaws.com/photos/162979827/square.jpeg,https://inaturalist-open-data.s3.amazonaws.com/photos/162979827/medium.jpeg,1484,2048,0,0,641829,brice_c,FALSE,FALSE,2017-09-23T15:32:23+00:00,brice_c,brice_c,Brice C.,Brice C.,NA,https://static.inaturalist.org/attachments/users/icons/641829/thumb.jpg?1717518964,18255,21621,2,39878,3949,3044,18255,,1,https://static.inaturalist.org/attachments/users/icons/641829/medium.jpg?1717518964,NA,NA,NA,NA,NA,NA,NA,NA,NA,Long Key,Hamelia patens,Hamelia patens | Apis mellifera
Euglossa dilemma,https://www.inaturalist.org/observations/90830302,Noelle,Hamelia,patens,Jake,100%,Thomas,15891007,cf985b8d-f62e-476f-8302-7163802cb611,3126,taxon,Interaction->Visited flower of,Interaction->Visited flower of,126305,126305,NA,641829,126305,126305,species,10,47126,,TRUE,126305,Hamelia patens,126306,48460/47126/211194/47125/47124/47363/47693/788062/788055/126306,"48460,47126,211194,47125,47124,47363,47693,788062,788055,126306,126305",FALSE,FALSE,2012-03-24T15:52:25+00:00,0,3,21293,FALSE,21293,NA,NA,NA,http://en.wikipedia.org/wiki/Hamelia_patens,Plantae,Firebush,162979827,cc-by-nc,"(c) Cindy Chrisler, some rights reserved (CC BY-NC), uploaded by Cindy Chrisler",https://inaturalist-open-data.s3.amazonaws.com/photos/162979827/square.jpeg,,Cindy Chrisler,https://inaturalist-open-data.s3.amazonaws.com/photos/162979827/square.jpeg,https://inaturalist-open-data.s3.amazonaws.com/photos/162979827/medium.jpeg,1484,2048,0,0,641829,brice_c,FALSE,FALSE,2017-09-23T15:32:23+00:00,brice_c,brice_c,Brice C.,Brice C.,NA,https://static.inaturalist.org/attachments/users/icons/641829/thumb.jpg?1717518964,18255,21621,2,39878,3949,3044,18255,,1,https://static.inaturalist.org/attachments/users/icons/641829/medium.jpg?1717518964,NA,NA,NA,NA,NA,NA,NA,NA,NA,Long Key,Hamelia patens,Hamelia patens | Euglossa dilemma
Asbolis capucinus,https://www.inaturalist.org/observations/90830395,Noelle,Sida,ulmifolia,Jake,100%,Thomas,NA,NA,NA,NA,NA,NA,NA,NA,NA,NA,NA,NA,NA,NA,NA,,NA,NA,NA,NA,NA,NA,NA,NA,NA,NA,NA,NA,NA,NA,NA,NA,NA,NA,NA,NA,NA,NA,NA,NA,,NA,NA,NA,NA,NA,NA,NA,NA,NA,NA,NA,NA,NA,NA,NA,NA,NA,NA,NA,NA,NA,NA,NA,NA,NA,,NA,NA,NA,NA,NA,NA,NA,NA,NA,NA,NA,Long Key,Sida ulmifolia,Sida ulmifolia | Asbolis capucinus
Augochlora pura,https://www.inaturalist.org/observations/90830424,Noelle,Hamelia,patens,Jake,100%,Thomas,15783933,a12528f0-1d4b-4870-ae2f-6b5316cb4d4f,3126,taxon,Interaction->Visited flower of,Interaction->Visited flower of,126305,126305,NA,349183,126305,126305,species,10,47126,,TRUE,126305,Hamelia patens,126306,48460/47126/211194/47125/47124/47363/47693/788062/788055/126306,"48460,47126,211194,47125,47124,47363,47693,788062,788055,126306,126305",FALSE,FALSE,2012-03-24T15:52:25+00:00,0,3,21293,FALSE,21293,NA,NA,NA,http://en.wikipedia.org/wiki/Hamelia_patens,Plantae,Firebush,162979827,cc-by-nc,"(c) Cindy Chrisler, some rights reserved (CC BY-NC), uploaded by Cindy Chrisler",https://inaturalist-open-data.s3.amazonaws.com/photos/162979827/square.jpeg,,Cindy Chrisler,https://inaturalist-open-data.s3.amazonaws.com/photos/162979827/square.jpeg,https://inaturalist-open-data.s3.amazonaws.com/photos/162979827/medium.jpeg,1484,2048,0,0,349183,joemdo,FALSE,FALSE,2016-10-12T00:08:13+00:00,joemdo,joemdo,Joe MDO,Joe MDO,NA,https://static.inaturalist.org/attachments/users/icons/349183/thumb.jpg?1662070326,126435,249147,9,375591,11568,63401,126435,,1,https://static.inaturalist.org/attachments/users/icons/349183/medium.jpg?1662070326,NA,NA,NA,NA,NA,NA,NA,NA,NA,Long Key,Hamelia patens,Hamelia patens | Augochlora pura
Apis mellifera,https://www.inaturalist.org/observations/90832823,Noelle,Hamelia,patens,Jake,100%,Thomas,15890995,da52a427-6861-4749-afe7-afc2c8713044,3126,taxon,Interaction->Visited flower of,Interaction->Visited flower of,126305,126305,NA,641829,126305,126305,species,10,47126,,TRUE,126305,Hamelia patens,126306,48460/47126/211194/47125/47124/47363/47693/788062/788055/126306,"48460,47126,211194,47125,47124,47363,47693,788062,788055,126306,126305",FALSE,FALSE,2012-03-24T15:52:25+00:00,0,3,21293,FALSE,21293,NA,NA,NA,http://en.wikipedia.org/wiki/Hamelia_patens,Plantae,Firebush,162979827,cc-by-nc,"(c) Cindy Chrisler, some rights reserved (CC BY-NC), uploaded by Cindy Chrisler",https://inaturalist-open-data.s3.amazonaws.com/photos/162979827/square.jpeg,,Cindy Chrisler,https://inaturalist-open-data.s3.amazonaws.com/photos/162979827/square.jpeg,https://inaturalist-open-data.s3.amazonaws.com/photos/162979827/medium.jpeg,1484,2048,0,0,641829,brice_c,FALSE,FALSE,2017-09-23T15:32:23+00:00,brice_c,brice_c,Brice C.,Brice C.,NA,https://static.inaturalist.org/attachments/users/icons/641829/thumb.jpg?1717518964,18255,21621,2,39878,3949,3044,18255,,1,https://static.inaturalist.org/attachments/users/icons/641829/medium.jpg?1717518964,NA,NA,NA,NA,NA,NA,NA,NA,NA,Long Key,Hamelia patens,Hamelia patens | Apis mellifera
Apis mellifera,https://www.inaturalist.org/observations/90832834,Noelle,Nymphaea,odorata,Toni,100%,Thomas,NA,NA,NA,NA,NA,NA,NA,NA,NA,NA,NA,NA,NA,NA,NA,,NA,NA,NA,NA,NA,NA,NA,NA,NA,NA,NA,NA,NA,NA,NA,NA,NA,NA,NA,NA,NA,NA,NA,NA,,NA,NA,NA,NA,NA,NA,NA,NA,NA,NA,NA,NA,NA,NA,NA,NA,NA,NA,NA,NA,NA,NA,NA,NA,NA,,NA,NA,NA,NA,NA,NA,NA,NA,NA,NA,NA,Long Key,Nymphaea odorata,Nymphaea odorata | Apis mellifera
Heliconius charithonia,https://www.inaturalist.org/observations/90840185,Noelle,Hamelia,patens,Jake,100%,Thomas,NA,NA,NA,NA,NA,NA,NA,NA,NA,NA,NA,NA,NA,NA,NA,,NA,NA,NA,NA,NA,NA,NA,NA,NA,NA,NA,NA,NA,NA,NA,NA,NA,NA,NA,NA,NA,NA,NA,NA,,NA,NA,NA,NA,NA,NA,NA,NA,NA,NA,NA,NA,NA,NA,NA,NA,NA,NA,NA,NA,NA,NA,NA,NA,NA,,NA,NA,NA,NA,NA,NA,NA,NA,NA,NA,NA,Long Key,Hamelia patens,Hamelia patens | Heliconius charithonia
Siproeta stelenes,https://www.inaturalist.org/observations/91026427,Noelle,Cephalanthus,occidentalis,Toni,100%,Thomas,15793365,7a6c3d95-f42e-497b-a750-a0b6d4b2c63e,3126,taxon,Interaction->Visited flower of,Interaction->Visited flower of,52763,52763,349183,349183,52763,52763,species,10,47126,,TRUE,52763,Cephalanthus occidentalis,52728,48460/47126/211194/47125/47124/47363/47693/788062/777272/52728,"48460,47126,211194,47125,47124,47363,47693,788062,777272,52728,52763",FALSE,FALSE,2009-08-23T21:27:18+00:00,1,4,70602,FALSE,70602,NA,NA,NA,http://en.wikipedia.org/wiki/Cephalanthus_occidentalis,Plantae,buttonbush,679712269,cc-by,"(c) Michael J. Papay, some rights reserved (CC BY), uploaded by Michael J. Papay",https://inaturalist-open-data.s3.amazonaws.com/photos/679712269/square.jpg,,Michael J. Papay,https://inaturalist-open-data.s3.amazonaws.com/photos/679712269/square.jpg,https://inaturalist-open-data.s3.amazonaws.com/photos/679712269/medium.jpg,960,1280,3,0,349183,joemdo,FALSE,FALSE,2016-10-12T00:08:13+00:00,joemdo,joemdo,Joe MDO,Joe MDO,NA,https://static.inaturalist.org/attachments/users/icons/349183/thumb.jpg?1662070326,126435,249147,9,375591,11568,63401,126435,,1,https://static.inaturalist.org/attachments/users/icons/349183/medium.jpg?1662070326,NA,NA,NA,NA,NA,NA,NA,NA,NA,Long Key,Cephalanthus occidentalis,Cephalanthus occidentalis | Siproeta stelenes
Marpesia petreus,https://www.inaturalist.org/observations/91027712,Noelle,Bidens,alba,Jake,100%,Thomas,15793372,2b23fca1-a392-4ff6-92c3-dc8dea9a502e,3126,taxon,Interaction->Visited flower of,Interaction->Visited flower of,1095846,1095846,349183,349183,1095846,1095846,species,10,47126,,TRUE,1095846,Bidens alba,50204,48460/47126/211194/47125/47124/47605/47604/632790/568277/50204,"48460,47126,211194,47125,47124,47605,47604,632790,568277,50204,1095846",FALSE,FALSE,2020-06-05T17:31:55+00:00,4,2,91756,FALSE,91756,NA,30122,NA,https://en.wikipedia.org/wiki/Bidens_alba,Plantae,White beggarticks,86500140,cc0,"no rights reserved, uploaded by 葉子",https://inaturalist-open-data.s3.amazonaws.com/photos/86500140/square.jpeg,,葉子,https://inaturalist-open-data.s3.amazonaws.com/photos/86500140/square.jpeg,https://inaturalist-open-data.s3.amazonaws.com/photos/86500140/medium.jpeg,1536,2048,3,0,349183,joemdo,FALSE,FALSE,2016-10-12T00:08:13+00:00,joemdo,joemdo,Joe MDO,Joe MDO,NA,https://static.inaturalist.org/attachments/users/icons/349183/thumb.jpg?1662070326,126435,249147,9,375591,11568,63401,126435,,1,https://static.inaturalist.org/attachments/users/icons/349183/medium.jpg?1662070326,NA,NA,NA,NA,NA,NA,NA,NA,NA,Long Key,Bidens alba,Bidens alba | Marpesia petreus
Heraclides cresphontes,https://www.inaturalist.org/observations/91027971,Noelle,Hamelia,patens,Toni,100%,Thomas,NA,NA,NA,NA,NA,NA,NA,NA,NA,NA,NA,NA,NA,NA,NA,,NA,NA,NA,NA,NA,NA,NA,NA,NA,NA,NA,NA,NA,NA,NA,NA,NA,NA,NA,NA,NA,NA,NA,NA,,NA,NA,NA,NA,NA,NA,NA,NA,NA,NA,NA,NA,NA,NA,NA,NA,NA,NA,NA,NA,NA,NA,NA,NA,NA,,NA,NA,NA,NA,NA,NA,NA,NA,NA,NA,NA,Long Key,Hamelia patens,Hamelia patens | Heraclides cresphontes
Erynnis horatius,https://www.inaturalist.org/observations/91787333,Lucas,Bidens,alba,Toni,100%,Thomas,NA,NA,NA,NA,NA,NA,NA,NA,NA,NA,NA,NA,NA,NA,NA,,NA,NA,NA,NA,NA,NA,NA,NA,NA,NA,NA,NA,NA,NA,NA,NA,NA,NA,NA,NA,NA,NA,NA,NA,,NA,NA,NA,NA,NA,NA,NA,NA,NA,NA,NA,NA,NA,NA,NA,NA,NA,NA,NA,NA,NA,NA,NA,NA,NA,,NA,NA,NA,NA,NA,NA,NA,NA,NA,NA,NA,Quiet Waters,Bidens alba,Bidens alba | Erynnis horatius
Thorybes dorantes,https://www.inaturalist.org/observations/91787334,Lucas,Sphagneticola,trilobata,Toni,100%,Thomas,NA,NA,NA,NA,NA,NA,NA,NA,NA,NA,NA,NA,NA,NA,NA,,NA,NA,NA,NA,NA,NA,NA,NA,NA,NA,NA,NA,NA,NA,NA,NA,NA,NA,NA,NA,NA,NA,NA,NA,,NA,NA,NA,NA,NA,NA,NA,NA,NA,NA,NA,NA,NA,NA,NA,NA,NA,NA,NA,NA,NA,NA,NA,NA,NA,,NA,NA,NA,NA,NA,NA,NA,NA,NA,NA,NA,Quiet Waters,Sphagneticola trilobata,Sphagneticola trilobata | Thorybes dorantes
Apis mellifera,https://www.inaturalist.org/observations/92012620,Thomas,Bidens,alba,Toni,100%,NA,NA,NA,NA,NA,NA,NA,NA,NA,NA,NA,NA,NA,NA,NA,NA,,NA,NA,NA,NA,NA,NA,NA,NA,NA,NA,NA,NA,NA,NA,NA,NA,NA,NA,NA,NA,NA,NA,NA,NA,,NA,NA,NA,NA,NA,NA,NA,NA,NA,NA,NA,NA,NA,NA,NA,NA,NA,NA,NA,NA,NA,NA,NA,NA,NA,,NA,NA,NA,NA,NA,NA,NA,NA,NA,NA,NA,Quiet Waters,Bidens alba,Bidens alba | Apis mellifera
Marpesia petreus,https://www.inaturalist.org/observations/92012625,Thomas,Terminalia,cattapa,Lange,100%,NA,NA,NA,NA,NA,NA,NA,NA,NA,NA,NA,NA,NA,NA,NA,NA,,NA,NA,NA,NA,NA,NA,NA,NA,NA,NA,NA,NA,NA,NA,NA,NA,NA,NA,NA,NA,NA,NA,NA,NA,,NA,NA,NA,NA,NA,NA,NA,NA,NA,NA,NA,NA,NA,NA,NA,NA,NA,NA,NA,NA,NA,NA,NA,NA,NA,,NA,NA,NA,NA,NA,NA,NA,NA,NA,NA,NA,Quiet Waters,Terminalia cattapa,Terminalia cattapa | Marpesia petreus
Strymon istapa,https://www.inaturalist.org/observations/92041608,Lucas,Bidens,alba,Toni,100%,Thomas,15891357,35e6193f-c5f8-4f46-9c88-e429ed1959b0,3126,taxon,Interaction->Visited flower of,Interaction->Visited flower of,1095846,1095846,NA,641829,1095846,1095846,species,10,47126,,TRUE,1095846,Bidens alba,50204,48460/47126/211194/47125/47124/47605/47604/632790/568277/50204,"48460,47126,211194,47125,47124,47605,47604,632790,568277,50204,1095846",FALSE,FALSE,2020-06-05T17:31:55+00:00,4,2,91756,FALSE,91756,NA,30122,NA,https://en.wikipedia.org/wiki/Bidens_alba,Plantae,White beggarticks,86500140,cc0,"no rights reserved, uploaded by 葉子",https://inaturalist-open-data.s3.amazonaws.com/photos/86500140/square.jpeg,,葉子,https://inaturalist-open-data.s3.amazonaws.com/photos/86500140/square.jpeg,https://inaturalist-open-data.s3.amazonaws.com/photos/86500140/medium.jpeg,1536,2048,3,0,641829,brice_c,FALSE,FALSE,2017-09-23T15:32:23+00:00,brice_c,brice_c,Brice C.,Brice C.,NA,https://static.inaturalist.org/attachments/users/icons/641829/thumb.jpg?1717518964,18255,21621,2,39878,3949,3044,18255,,1,https://static.inaturalist.org/attachments/users/icons/641829/medium.jpg?1717518964,NA,NA,NA,NA,NA,NA,NA,NA,NA,Quiet Waters,Bidens alba,Bidens alba | Strymon istapa
Strymon istapa,https://www.inaturalist.org/observations/92041613,Lucas,Bidens,alba,Toni,100%,Thomas,15891356,b140221f-1cd8-4647-afcb-c2bd2cefefe9,3126,taxon,Interaction->Visited flower of,Interaction->Visited flower of,1095846,1095846,NA,641829,1095846,1095846,species,10,47126,,TRUE,1095846,Bidens alba,50204,48460/47126/211194/47125/47124/47605/47604/632790/568277/50204,"48460,47126,211194,47125,47124,47605,47604,632790,568277,50204,1095846",FALSE,FALSE,2020-06-05T17:31:55+00:00,4,2,91756,FALSE,91756,NA,30122,NA,https://en.wikipedia.org/wiki/Bidens_alba,Plantae,White beggarticks,86500140,cc0,"no rights reserved, uploaded by 葉子",https://inaturalist-open-data.s3.amazonaws.com/photos/86500140/square.jpeg,,葉子,https://inaturalist-open-data.s3.amazonaws.com/photos/86500140/square.jpeg,https://inaturalist-open-data.s3.amazonaws.com/photos/86500140/medium.jpeg,1536,2048,3,0,641829,brice_c,FALSE,FALSE,2017-09-23T15:32:23+00:00,brice_c,brice_c,Brice C.,Brice C.,NA,https://static.inaturalist.org/attachments/users/icons/641829/thumb.jpg?1717518964,18255,21621,2,39878,3949,3044,18255,,1,https://static.inaturalist.org/attachments/users/icons/641829/medium.jpg?1717518964,NA,NA,NA,NA,NA,NA,NA,NA,NA,Quiet Waters,Bidens alba,Bidens alba | Strymon istapa
Danaus plexippus,https://www.inaturalist.org/observations/92723561,Noelle,Asclepias,curassavica,Toni,100%,Thomas,NA,NA,NA,NA,NA,NA,NA,NA,NA,NA,NA,NA,NA,NA,NA,,NA,NA,NA,NA,NA,NA,NA,NA,NA,NA,NA,NA,NA,NA,NA,NA,NA,NA,NA,NA,NA,NA,NA,NA,,NA,NA,NA,NA,NA,NA,NA,NA,NA,NA,NA,NA,NA,NA,NA,NA,NA,NA,NA,NA,NA,NA,NA,NA,NA,,NA,NA,NA,NA,NA,NA,NA,NA,NA,NA,NA,Markham,Asclepias curassavica,Asclepias curassavica | Danaus plexippus
Heliconius charithonia,https://www.inaturalist.org/observations/94462400,Noelle,Bidens,alba,Toni,100%,Thomas,NA,NA,NA,NA,NA,NA,NA,NA,NA,NA,NA,NA,NA,NA,NA,,NA,NA,NA,NA,NA,NA,NA,NA,NA,NA,NA,NA,NA,NA,NA,NA,NA,NA,NA,NA,NA,NA,NA,NA,,NA,NA,NA,NA,NA,NA,NA,NA,NA,NA,NA,NA,NA,NA,NA,NA,NA,NA,NA,NA,NA,NA,NA,NA,NA,,NA,NA,NA,NA,NA,NA,NA,NA,NA,NA,NA,Markham,Bidens alba,Bidens alba | Heliconius charithonia
Danaus plexippus,https://www.inaturalist.org/observations/94929126,Thomas,Cestrum,diurnum,Toni,100%,NA,NA,NA,NA,NA,NA,NA,NA,NA,NA,NA,NA,NA,NA,NA,NA,,NA,NA,NA,NA,NA,NA,NA,NA,NA,NA,NA,NA,NA,NA,NA,NA,NA,NA,NA,NA,NA,NA,NA,NA,,NA,NA,NA,NA,NA,NA,NA,NA,NA,NA,NA,NA,NA,NA,NA,NA,NA,NA,NA,NA,NA,NA,NA,NA,NA,,NA,NA,NA,NA,NA,NA,NA,NA,NA,NA,NA,Markham,Cestrum diurnum,Cestrum diurnum | Danaus plexippus
Eurema daira,https://www.inaturalist.org/observations/96084941,Noelle,Flaveria,linearis,Toni,100%,Thomas,NA,NA,NA,NA,NA,NA,NA,NA,NA,NA,NA,NA,NA,NA,NA,,NA,NA,NA,NA,NA,NA,NA,NA,NA,NA,NA,NA,NA,NA,NA,NA,NA,NA,NA,NA,NA,NA,NA,NA,,NA,NA,NA,NA,NA,NA,NA,NA,NA,NA,NA,NA,NA,NA,NA,NA,NA,NA,NA,NA,NA,NA,NA,NA,NA,,NA,NA,NA,NA,NA,NA,NA,NA,NA,NA,NA,Markham,Flaveria linearis,Flaveria linearis | Eurema daira
Hylephila phyleus,https://www.inaturalist.org/observations/96142163,Lucas,Bidens,alba,Toni,100%,Thomas,NA,NA,NA,NA,NA,NA,NA,NA,NA,NA,NA,NA,NA,NA,NA,,NA,NA,NA,NA,NA,NA,NA,NA,NA,NA,NA,NA,NA,NA,NA,NA,NA,NA,NA,NA,NA,NA,NA,NA,,NA,NA,NA,NA,NA,NA,NA,NA,NA,NA,NA,NA,NA,NA,NA,NA,NA,NA,NA,NA,NA,NA,NA,NA,NA,,NA,NA,NA,NA,NA,NA,NA,NA,NA,NA,NA,Quiet Waters,Bidens alba,Bidens alba | Hylephila phyleus
Phyciodes phaon,https://www.inaturalist.org/observations/99150386,Lucas,Bidens,alba,Jake,100%,Thomas,NA,NA,NA,NA,NA,NA,NA,NA,NA,NA,NA,NA,NA,NA,NA,,NA,NA,NA,NA,NA,NA,NA,NA,NA,NA,NA,NA,NA,NA,NA,NA,NA,NA,NA,NA,NA,NA,NA,NA,,NA,NA,NA,NA,NA,NA,NA,NA,NA,NA,NA,NA,NA,NA,NA,NA,NA,NA,NA,NA,NA,NA,NA,NA,NA,,NA,NA,NA,NA,NA,NA,NA,NA,NA,NA,NA,Quiet Waters,Bidens alba,Bidens alba | Phyciodes phaon
Anartia jatrophae,https://www.inaturalist.org/observations/99150387,Lucas,Bidens,alba,Toni,100%,Thomas,NA,NA,NA,NA,NA,NA,NA,NA,NA,NA,NA,NA,NA,NA,NA,,NA,NA,NA,NA,NA,NA,NA,NA,NA,NA,NA,NA,NA,NA,NA,NA,NA,NA,NA,NA,NA,NA,NA,NA,,NA,NA,NA,NA,NA,NA,NA,NA,NA,NA,NA,NA,NA,NA,NA,NA,NA,NA,NA,NA,NA,NA,NA,NA,NA,,NA,NA,NA,NA,NA,NA,NA,NA,NA,NA,NA,Quiet Waters,Bidens alba,Bidens alba | Anartia jatrophae
Leptotes cassius,https://www.inaturalist.org/observations/99150419,Lucas,Bidens,alba,Toni,100%,Thomas,16644749,ab2e350a-59d2-4380-aa26-fc4b3be372df,3126,taxon,Interaction->Visited flower of,Interaction->Visited flower of,1095846,1095846,349183,349183,1095846,1095846,species,10,47126,,TRUE,1095846,Bidens alba,50204,48460/47126/211194/47125/47124/47605/47604/632790/568277/50204,"48460,47126,211194,47125,47124,47605,47604,632790,568277,50204,1095846",FALSE,FALSE,2020-06-05T17:31:55+00:00,4,2,91756,FALSE,91756,NA,30122,NA,https://en.wikipedia.org/wiki/Bidens_alba,Plantae,White beggarticks,86500140,cc0,"no rights reserved, uploaded by 葉子",https://inaturalist-open-data.s3.amazonaws.com/photos/86500140/square.jpeg,,葉子,https://inaturalist-open-data.s3.amazonaws.com/photos/86500140/square.jpeg,https://inaturalist-open-data.s3.amazonaws.com/photos/86500140/medium.jpeg,1536,2048,3,0,349183,joemdo,FALSE,FALSE,2016-10-12T00:08:13+00:00,joemdo,joemdo,Joe MDO,Joe MDO,NA,https://static.inaturalist.org/attachments/users/icons/349183/thumb.jpg?1662070326,126435,249147,9,375591,11568,63401,126435,,1,https://static.inaturalist.org/attachments/users/icons/349183/medium.jpg?1662070326,NA,NA,NA,NA,NA,NA,NA,NA,NA,Quiet Waters,Bidens alba,Bidens alba | Leptotes cassius
Dione vanillae,https://www.inaturalist.org/observations/99266378,Noelle,Turnera,ulmifolia,Toni,>80%,Thomas,NA,NA,NA,NA,NA,NA,NA,NA,NA,NA,NA,NA,NA,NA,NA,,NA,NA,NA,NA,NA,NA,NA,NA,NA,NA,NA,NA,NA,NA,NA,NA,NA,NA,NA,NA,NA,NA,NA,NA,,NA,NA,NA,NA,NA,NA,NA,NA,NA,NA,NA,NA,NA,NA,NA,NA,NA,NA,NA,NA,NA,NA,NA,NA,NA,,NA,NA,NA,NA,NA,NA,NA,NA,NA,NA,NA,Markham,Turnera ulmifolia,Turnera ulmifolia | Dione vanillae
Anartia jatrophae,https://www.inaturalist.org/observations/99993923,Thomas,Sphagneticola,trilobata,Toni,100%,NA,NA,NA,NA,NA,NA,NA,NA,NA,NA,NA,NA,NA,NA,NA,NA,,NA,NA,NA,NA,NA,NA,NA,NA,NA,NA,NA,NA,NA,NA,NA,NA,NA,NA,NA,NA,NA,NA,NA,NA,,NA,NA,NA,NA,NA,NA,NA,NA,NA,NA,NA,NA,NA,NA,NA,NA,NA,NA,NA,NA,NA,NA,NA,NA,NA,,NA,NA,NA,NA,NA,NA,NA,NA,NA,NA,NA,CB Smith,Sphagneticola trilobata,Sphagneticola trilobata | Anartia jatrophae
Dione vanillae,https://www.inaturalist.org/observations/100001023,Thomas,Richardia,grandiflora,Toni,100%,NA,NA,NA,NA,NA,NA,NA,NA,NA,NA,NA,NA,NA,NA,NA,NA,,NA,NA,NA,NA,NA,NA,NA,NA,NA,NA,NA,NA,NA,NA,NA,NA,NA,NA,NA,NA,NA,NA,NA,NA,,NA,NA,NA,NA,NA,NA,NA,NA,NA,NA,NA,NA,NA,NA,NA,NA,NA,NA,NA,NA,NA,NA,NA,NA,NA,,NA,NA,NA,NA,NA,NA,NA,NA,NA,NA,NA,CB Smith,Richardia grandiflora,Richardia grandiflora | Dione vanillae
Leptotes cassius,https://www.inaturalist.org/observations/100535178,Thomas,Spermacoce,verticillata,Toni,100%,NA,19870512,f65cb30c-3c61-49e4-9451-e7a5b79a6e93,3126,taxon,Interaction->Visited flower of,Interaction->Visited flower of,169171,169171,NA,738948,169171,169171,species,10,47126,,TRUE,169171,Spermacoce verticillata,131832,48460/47126/211194/47125/47124/47363/47693/788064/788088/131832,"48460,47126,211194,47125,47124,47363,47693,788064,788088,131832,169171",FALSE,FALSE,2012-10-22T22:59:30+00:00,1,3,12116,FALSE,12116,NA,NA,NA,https://en.wikipedia.org/wiki/Spermacoce_verticillata,Plantae,shrubby false buttonweed,2690565,NA,"(c) Jay Keller, all rights reserved, uploaded by Jay Keller",https://static.inaturalist.org/photos/2690565/square.jpg,,Jay Keller,https://static.inaturalist.org/photos/2690565/square.jpg,https://static.inaturalist.org/photos/2690565/medium.jpg,1536,2048,0,0,738948,buggybuddy,FALSE,FALSE,2017-12-23T06:27:24+00:00,buggybuddy,buggybuddy,Jade Fortnash,Jade Fortnash,NA,https://static.inaturalist.org/attachments/users/icons/738948/thumb.png?1691372010,18345,8903,1,27249,2740,1936,18345,,1,https://static.inaturalist.org/attachments/users/icons/738948/medium.png?1691372010,NA,NA,NA,NA,NA,NA,NA,NA,NA,Highlands Scrub,Spermacoce verticillata,Spermacoce verticillata | Leptotes cassius
Dione vanillae,https://www.inaturalist.org/observations/100610413,Noelle,Richardia,grandiflora,Jake,100%,Thomas,NA,NA,NA,NA,NA,NA,NA,NA,NA,NA,NA,NA,NA,NA,NA,,NA,NA,NA,NA,NA,NA,NA,NA,NA,NA,NA,NA,NA,NA,NA,NA,NA,NA,NA,NA,NA,NA,NA,NA,,NA,NA,NA,NA,NA,NA,NA,NA,NA,NA,NA,NA,NA,NA,NA,NA,NA,NA,NA,NA,NA,NA,NA,NA,NA,,NA,NA,NA,NA,NA,NA,NA,NA,NA,NA,NA,Long Key,Richardia grandiflora,Richardia grandiflora | Dione vanillae
Heliconius charithonia,https://www.inaturalist.org/observations/101157207,Thomas,Bidens,alba,Lange,100%,NA,NA,NA,NA,NA,NA,NA,NA,NA,NA,NA,NA,NA,NA,NA,NA,,NA,NA,NA,NA,NA,NA,NA,NA,NA,NA,NA,NA,NA,NA,NA,NA,NA,NA,NA,NA,NA,NA,NA,NA,,NA,NA,NA,NA,NA,NA,NA,NA,NA,NA,NA,NA,NA,NA,NA,NA,NA,NA,NA,NA,NA,NA,NA,NA,NA,,NA,NA,NA,NA,NA,NA,NA,NA,NA,NA,NA,Long Key,Bidens alba,Bidens alba | Heliconius charithonia
Apis mellifera,https://www.inaturalist.org/observations/101165785,Noelle,Bidens,alba,Toni,100%,Thomas,16852750,6b5323d8-21bb-41f8-95e9-b9d34ddedb3a,3126,taxon,Interaction->Visited flower of,Interaction->Visited flower of,1095846,1095846,NA,349183,1095846,1095846,species,10,47126,,TRUE,1095846,Bidens alba,50204,48460/47126/211194/47125/47124/47605/47604/632790/568277/50204,"48460,47126,211194,47125,47124,47605,47604,632790,568277,50204,1095846",FALSE,FALSE,2020-06-05T17:31:55+00:00,4,2,91756,FALSE,91756,NA,30122,NA,https://en.wikipedia.org/wiki/Bidens_alba,Plantae,White beggarticks,86500140,cc0,"no rights reserved, uploaded by 葉子",https://inaturalist-open-data.s3.amazonaws.com/photos/86500140/square.jpeg,,葉子,https://inaturalist-open-data.s3.amazonaws.com/photos/86500140/square.jpeg,https://inaturalist-open-data.s3.amazonaws.com/photos/86500140/medium.jpeg,1536,2048,3,0,349183,joemdo,FALSE,FALSE,2016-10-12T00:08:13+00:00,joemdo,joemdo,Joe MDO,Joe MDO,NA,https://static.inaturalist.org/attachments/users/icons/349183/thumb.jpg?1662070326,126435,249147,9,375591,11568,63401,126435,,1,https://static.inaturalist.org/attachments/users/icons/349183/medium.jpg?1662070326,NA,NA,NA,NA,NA,NA,NA,NA,NA,Long Key,Bidens alba,Bidens alba | Apis mellifera
Eurema daira,https://www.inaturalist.org/observations/101407530,Thomas,Calyptocarpus,vialis,Lange,100%,NA,NA,NA,NA,NA,NA,NA,NA,NA,NA,NA,NA,NA,NA,NA,NA,,NA,NA,NA,NA,NA,NA,NA,NA,NA,NA,NA,NA,NA,NA,NA,NA,NA,NA,NA,NA,NA,NA,NA,NA,,NA,NA,NA,NA,NA,NA,NA,NA,NA,NA,NA,NA,NA,NA,NA,NA,NA,NA,NA,NA,NA,NA,NA,NA,NA,,NA,NA,NA,NA,NA,NA,NA,NA,NA,NA,NA,CB Smith,Calyptocarpus vialis,Calyptocarpus vialis | Eurema daira
Agapostemon splendens,https://www.inaturalist.org/observations/101959793,MaryJo,Spermacoce,verticillata,Toni,100%,Thomas,NA,NA,NA,NA,NA,NA,NA,NA,NA,NA,NA,NA,NA,NA,NA,,NA,NA,NA,NA,NA,NA,NA,NA,NA,NA,NA,NA,NA,NA,NA,NA,NA,NA,NA,NA,NA,NA,NA,NA,,NA,NA,NA,NA,NA,NA,NA,NA,NA,NA,NA,NA,NA,NA,NA,NA,NA,NA,NA,NA,NA,NA,NA,NA,NA,,NA,NA,NA,NA,NA,NA,NA,NA,NA,NA,NA,Military Trail,Spermacoce verticillata,Spermacoce verticillata | Agapostemon splendens
Apis mellifera,https://www.inaturalist.org/observations/102039356,Thomas,Bidens,alba,Toni,100%,NA,NA,NA,NA,NA,NA,NA,NA,NA,NA,NA,NA,NA,NA,NA,NA,,NA,NA,NA,NA,NA,NA,NA,NA,NA,NA,NA,NA,NA,NA,NA,NA,NA,NA,NA,NA,NA,NA,NA,NA,,NA,NA,NA,NA,NA,NA,NA,NA,NA,NA,NA,NA,NA,NA,NA,NA,NA,NA,NA,NA,NA,NA,NA,NA,NA,,NA,NA,NA,NA,NA,NA,NA,NA,NA,NA,NA,Quiet Waters,Bidens alba,Bidens alba | Apis mellifera
Pyrausta tyralis,https://www.inaturalist.org/observations/102135851,Thomas,Sphagneticola,trilobata,Lange,100%,NA,NA,NA,NA,NA,NA,NA,NA,NA,NA,NA,NA,NA,NA,NA,NA,,NA,NA,NA,NA,NA,NA,NA,NA,NA,NA,NA,NA,NA,NA,NA,NA,NA,NA,NA,NA,NA,NA,NA,NA,,NA,NA,NA,NA,NA,NA,NA,NA,NA,NA,NA,NA,NA,NA,NA,NA,NA,NA,NA,NA,NA,NA,NA,NA,NA,,NA,NA,NA,NA,NA,NA,NA,NA,NA,NA,NA,Quiet Waters,Sphagneticola trilobata,Sphagneticola trilobata | Pyrausta tyralis
Halictus poeyi,https://www.inaturalist.org/observations/102135852,Thomas,Sphagneticola,trilobata,Toni,100%,NA,16949842,d195a936-3421-424f-a717-daf0f7f07a1c,3126,taxon,Interaction->Visited flower of,Interaction->Visited flower of,246102,246102,NA,349183,246102,246102,species,10,47126,,TRUE,246102,Sphagneticola trilobata,246103,48460/47126/211194/47125/47124/47605/47604/632790/605446/639448/246103,"48460,47126,211194,47125,47124,47605,47604,632790,605446,639448,246103,246102",FALSE,FALSE,2013-04-29T03:00:41+00:00,2,3,48957,FALSE,48957,NA,NA,NA,http://en.wikipedia.org/wiki/Sphagneticola_trilobata,Plantae,Trailing Daisy,43898069,cc0,"no rights reserved, uploaded by 葉子",https://inaturalist-open-data.s3.amazonaws.com/photos/43898069/square.jpeg,,葉子,https://inaturalist-open-data.s3.amazonaws.com/photos/43898069/square.jpeg,https://inaturalist-open-data.s3.amazonaws.com/photos/43898069/medium.jpeg,1536,2048,1,0,349183,joemdo,FALSE,FALSE,2016-10-12T00:08:13+00:00,joemdo,joemdo,Joe MDO,Joe MDO,NA,https://static.inaturalist.org/attachments/users/icons/349183/thumb.jpg?1662070326,126435,249147,9,375591,11568,63401,126435,,1,https://static.inaturalist.org/attachments/users/icons/349183/medium.jpg?1662070326,NA,NA,NA,NA,NA,NA,NA,NA,NA,Quiet Waters,Sphagneticola trilobata,Sphagneticola trilobata | Halictus poeyi
Danaus gilippus,https://www.inaturalist.org/observations/102179417,Noelle,Bidens,alba,Toni,100%,Thomas,NA,NA,NA,NA,NA,NA,NA,NA,NA,NA,NA,NA,NA,NA,NA,,NA,NA,NA,NA,NA,NA,NA,NA,NA,NA,NA,NA,NA,NA,NA,NA,NA,NA,NA,NA,NA,NA,NA,NA,,NA,NA,NA,NA,NA,NA,NA,NA,NA,NA,NA,NA,NA,NA,NA,NA,NA,NA,NA,NA,NA,NA,NA,NA,NA,,NA,NA,NA,NA,NA,NA,NA,NA,NA,NA,NA,Markham,Bidens alba,Bidens alba | Danaus gilippus
Eurema daira,https://www.inaturalist.org/observations/102179598,Thomas,Cuphea,strigulosa,Lange,100%,NA,NA,NA,NA,NA,NA,NA,NA,NA,NA,NA,NA,NA,NA,NA,NA,,NA,NA,NA,NA,NA,NA,NA,NA,NA,NA,NA,NA,NA,NA,NA,NA,NA,NA,NA,NA,NA,NA,NA,NA,,NA,NA,NA,NA,NA,NA,NA,NA,NA,NA,NA,NA,NA,NA,NA,NA,NA,NA,NA,NA,NA,NA,NA,NA,NA,,NA,NA,NA,NA,NA,NA,NA,NA,NA,NA,NA,Markham,Cuphea strigulosa,Cuphea strigulosa | Eurema daira
Marpesia petreus,https://www.inaturalist.org/observations/104247972,Thomas,Chromolaena,odorata,Lange,100%,NA,19870399,ad6d71b2-16e2-4995-9bfe-e31009193367,3126,taxon,Interaction->Visited flower of,Interaction->Visited flower of,199400,199400,NA,738948,199400,199400,species,10,47126,,TRUE,199400,Chromolaena odorata,154029,48460/47126/211194/47125/47124/47605/47604/632790/153419/901068/154029,"48460,47126,211194,47125,47124,47605,47604,632790,153419,901068,154029,199400",FALSE,FALSE,2012-12-29T23:03:23+00:00,1,3,23068,FALSE,23068,NA,NA,NA,http://en.wikipedia.org/wiki/Chromolaena_odorata,Plantae,Siam weed,63410243,cc-by,"(c) Brian Oakes Haiti Hunter, some rights reserved (CC BY), uploaded by Brian Oakes Haiti Hunter",https://inaturalist-open-data.s3.amazonaws.com/photos/63410243/square.jpeg,,Brian Oakes Haiti Hunter,https://inaturalist-open-data.s3.amazonaws.com/photos/63410243/square.jpeg,https://inaturalist-open-data.s3.amazonaws.com/photos/63410243/medium.jpeg,683,1024,1,0,738948,buggybuddy,FALSE,FALSE,2017-12-23T06:27:24+00:00,buggybuddy,buggybuddy,Jade Fortnash,Jade Fortnash,NA,https://static.inaturalist.org/attachments/users/icons/738948/thumb.png?1691372010,18345,8903,1,27249,2740,1936,18345,,1,https://static.inaturalist.org/attachments/users/icons/738948/medium.png?1691372010,NA,NA,NA,NA,NA,NA,NA,NA,NA,Long Key,Chromolaena odorata,Chromolaena odorata | Marpesia petreus
Hemiargus ceraunus,https://www.inaturalist.org/observations/104434687,Lucas,Spermacoce,verticillata,Toni,100%,Thomas,NA,NA,NA,NA,NA,NA,NA,NA,NA,NA,NA,NA,NA,NA,NA,,NA,NA,NA,NA,NA,NA,NA,NA,NA,NA,NA,NA,NA,NA,NA,NA,NA,NA,NA,NA,NA,NA,NA,NA,,NA,NA,NA,NA,NA,NA,NA,NA,NA,NA,NA,NA,NA,NA,NA,NA,NA,NA,NA,NA,NA,NA,NA,NA,NA,,NA,NA,NA,NA,NA,NA,NA,NA,NA,NA,NA,Quiet Waters,Spermacoce verticillata,Spermacoce verticillata | Hemiargus ceraunus
Marpesia petreus,https://www.inaturalist.org/observations/104826603,Thomas,Eupatorium,serotinum,Lange,100%,NA,NA,NA,NA,NA,NA,NA,NA,NA,NA,NA,NA,NA,NA,NA,NA,,NA,NA,NA,NA,NA,NA,NA,NA,NA,NA,NA,NA,NA,NA,NA,NA,NA,NA,NA,NA,NA,NA,NA,NA,,NA,NA,NA,NA,NA,NA,NA,NA,NA,NA,NA,NA,NA,NA,NA,NA,NA,NA,NA,NA,NA,NA,NA,NA,NA,,NA,NA,NA,NA,NA,NA,NA,NA,NA,NA,NA,Markham,Eupatorium serotinum,Eupatorium serotinum | Marpesia petreus
Anartia jatrophae,https://www.inaturalist.org/observations/104826604,Noelle,Bidens,alba,Toni,100%,Thomas,17259891,868d7d63-5965-4962-9abe-bb793eb2ac30,3126,taxon,Interaction->Visited flower of,Interaction->Visited flower of,1095846,1095846,349183,349183,1095846,1095846,species,10,47126,,TRUE,1095846,Bidens alba,50204,48460/47126/211194/47125/47124/47605/47604/632790/568277/50204,"48460,47126,211194,47125,47124,47605,47604,632790,568277,50204,1095846",FALSE,FALSE,2020-06-05T17:31:55+00:00,4,2,91756,FALSE,91756,NA,30122,NA,https://en.wikipedia.org/wiki/Bidens_alba,Plantae,White beggarticks,86500140,cc0,"no rights reserved, uploaded by 葉子",https://inaturalist-open-data.s3.amazonaws.com/photos/86500140/square.jpeg,,葉子,https://inaturalist-open-data.s3.amazonaws.com/photos/86500140/square.jpeg,https://inaturalist-open-data.s3.amazonaws.com/photos/86500140/medium.jpeg,1536,2048,3,0,349183,joemdo,FALSE,FALSE,2016-10-12T00:08:13+00:00,joemdo,joemdo,Joe MDO,Joe MDO,NA,https://static.inaturalist.org/attachments/users/icons/349183/thumb.jpg?1662070326,126435,249147,9,375591,11568,63401,126435,,1,https://static.inaturalist.org/attachments/users/icons/349183/medium.jpg?1662070326,NA,NA,NA,NA,NA,NA,NA,NA,NA,Markham,Bidens alba,Bidens alba | Anartia jatrophae
Halictus poeyi,https://www.inaturalist.org/observations/104990159,Lucas,Helianthus,debilis,Toni,100%,Thomas,NA,NA,NA,NA,NA,NA,NA,NA,NA,NA,NA,NA,NA,NA,NA,,NA,NA,NA,NA,NA,NA,NA,NA,NA,NA,NA,NA,NA,NA,NA,NA,NA,NA,NA,NA,NA,NA,NA,NA,,NA,NA,NA,NA,NA,NA,NA,NA,NA,NA,NA,NA,NA,NA,NA,NA,NA,NA,NA,NA,NA,NA,NA,NA,NA,,NA,NA,NA,NA,NA,NA,NA,NA,NA,NA,NA,Quiet Waters,Helianthus debilis,Helianthus debilis | Halictus poeyi
Dryas iulia,https://www.inaturalist.org/observations/107228173,Lucas,Bidens,alba,Toni,100%,Thomas,17530698,2f830671-e36f-4c14-839a-db0b2da80e20,3126,taxon,Interaction->Visited flower of,Interaction->Visited flower of,1095846,1095846,4573202,4573202,1095846,1095846,species,10,47126,,TRUE,1095846,Bidens alba,50204,48460/47126/211194/47125/47124/47605/47604/632790/568277/50204,"48460,47126,211194,47125,47124,47605,47604,632790,568277,50204,1095846",FALSE,FALSE,2020-06-05T17:31:55+00:00,4,2,91756,FALSE,91756,NA,30122,NA,https://en.wikipedia.org/wiki/Bidens_alba,Plantae,White beggarticks,86500140,cc0,"no rights reserved, uploaded by 葉子",https://inaturalist-open-data.s3.amazonaws.com/photos/86500140/square.jpeg,,葉子,https://inaturalist-open-data.s3.amazonaws.com/photos/86500140/square.jpeg,https://inaturalist-open-data.s3.amazonaws.com/photos/86500140/medium.jpeg,1536,2048,3,0,4573202,gatorhawk,FALSE,FALSE,2021-06-12T12:38:13+00:00,gatorhawk,gatorhawk,Josiah Londerée,Josiah Londerée,NA,https://static.inaturalist.org/attachments/users/icons/4573202/thumb.jpeg?1726415157,31904,129404,0,161308,6903,2318,31904,,1,https://static.inaturalist.org/attachments/users/icons/4573202/medium.jpeg?1726415157,NA,NA,NA,NA,NA,NA,NA,NA,NA,Quiet Waters,Bidens alba,Bidens alba | Dryas iulia
Thorybes dorantes,https://www.inaturalist.org/observations/107228179,Lucas,Bidens,alba,Toni,100%,Thomas,17530697,62c1ec58-978b-4ce9-ba3b-1b81f1d44b6c,3126,taxon,Interaction->Visited flower of,Interaction->Visited flower of,1095846,1095846,4573202,4573202,1095846,1095846,species,10,47126,,TRUE,1095846,Bidens alba,50204,48460/47126/211194/47125/47124/47605/47604/632790/568277/50204,"48460,47126,211194,47125,47124,47605,47604,632790,568277,50204,1095846",FALSE,FALSE,2020-06-05T17:31:55+00:00,4,2,91756,FALSE,91756,NA,30122,NA,https://en.wikipedia.org/wiki/Bidens_alba,Plantae,White beggarticks,86500140,cc0,"no rights reserved, uploaded by 葉子",https://inaturalist-open-data.s3.amazonaws.com/photos/86500140/square.jpeg,,葉子,https://inaturalist-open-data.s3.amazonaws.com/photos/86500140/square.jpeg,https://inaturalist-open-data.s3.amazonaws.com/photos/86500140/medium.jpeg,1536,2048,3,0,4573202,gatorhawk,FALSE,FALSE,2021-06-12T12:38:13+00:00,gatorhawk,gatorhawk,Josiah Londerée,Josiah Londerée,NA,https://static.inaturalist.org/attachments/users/icons/4573202/thumb.jpeg?1726415157,31904,129404,0,161308,6903,2318,31904,,1,https://static.inaturalist.org/attachments/users/icons/4573202/medium.jpeg?1726415157,NA,NA,NA,NA,NA,NA,NA,NA,NA,Quiet Waters,Bidens alba,Bidens alba | Thorybes dorantes
Thorybes dorantes,https://www.inaturalist.org/observations/107228184,Lucas,Bidens,alba,Toni,100%,Thomas,17530694,1b4ef14f-aef7-4943-a18f-5f2f8df24199,3126,taxon,Interaction->Visited flower of,Interaction->Visited flower of,1095846,1095846,4573202,4573202,1095846,1095846,species,10,47126,,TRUE,1095846,Bidens alba,50204,48460/47126/211194/47125/47124/47605/47604/632790/568277/50204,"48460,47126,211194,47125,47124,47605,47604,632790,568277,50204,1095846",FALSE,FALSE,2020-06-05T17:31:55+00:00,4,2,91756,FALSE,91756,NA,30122,NA,https://en.wikipedia.org/wiki/Bidens_alba,Plantae,White beggarticks,86500140,cc0,"no rights reserved, uploaded by 葉子",https://inaturalist-open-data.s3.amazonaws.com/photos/86500140/square.jpeg,,葉子,https://inaturalist-open-data.s3.amazonaws.com/photos/86500140/square.jpeg,https://inaturalist-open-data.s3.amazonaws.com/photos/86500140/medium.jpeg,1536,2048,3,0,4573202,gatorhawk,FALSE,FALSE,2021-06-12T12:38:13+00:00,gatorhawk,gatorhawk,Josiah Londerée,Josiah Londerée,NA,https://static.inaturalist.org/attachments/users/icons/4573202/thumb.jpeg?1726415157,31904,129404,0,161308,6903,2318,31904,,1,https://static.inaturalist.org/attachments/users/icons/4573202/medium.jpeg?1726415157,NA,NA,NA,NA,NA,NA,NA,NA,NA,Quiet Waters,Bidens alba,Bidens alba | Thorybes dorantes
Marpesia petreus,https://www.inaturalist.org/observations/107228186,Lucas,Bidens,alba,Toni,100%,Thomas,17530693,1f5323d4-5cf7-4f45-96fd-772394d276ab,3126,taxon,Interaction->Visited flower of,Interaction->Visited flower of,1095846,1095846,4573202,4573202,1095846,1095846,species,10,47126,,TRUE,1095846,Bidens alba,50204,48460/47126/211194/47125/47124/47605/47604/632790/568277/50204,"48460,47126,211194,47125,47124,47605,47604,632790,568277,50204,1095846",FALSE,FALSE,2020-06-05T17:31:55+00:00,4,2,91756,FALSE,91756,NA,30122,NA,https://en.wikipedia.org/wiki/Bidens_alba,Plantae,White beggarticks,86500140,cc0,"no rights reserved, uploaded by 葉子",https://inaturalist-open-data.s3.amazonaws.com/photos/86500140/square.jpeg,,葉子,https://inaturalist-open-data.s3.amazonaws.com/photos/86500140/square.jpeg,https://inaturalist-open-data.s3.amazonaws.com/photos/86500140/medium.jpeg,1536,2048,3,0,4573202,gatorhawk,FALSE,FALSE,2021-06-12T12:38:13+00:00,gatorhawk,gatorhawk,Josiah Londerée,Josiah Londerée,NA,https://static.inaturalist.org/attachments/users/icons/4573202/thumb.jpeg?1726415157,31904,129404,0,161308,6903,2318,31904,,1,https://static.inaturalist.org/attachments/users/icons/4573202/medium.jpeg?1726415157,NA,NA,NA,NA,NA,NA,NA,NA,NA,Quiet Waters,Bidens alba,Bidens alba | Marpesia petreus
Cymaenes tripunctus,https://www.inaturalist.org/observations/107228189,Lucas,Bidens,alba,Toni,100%,Thomas,17530692,1efe3e70-a17f-4b34-a43a-aef0215e4f79,3126,taxon,Interaction->Visited flower of,Interaction->Visited flower of,1095846,1095846,4573202,4573202,1095846,1095846,species,10,47126,,TRUE,1095846,Bidens alba,50204,48460/47126/211194/47125/47124/47605/47604/632790/568277/50204,"48460,47126,211194,47125,47124,47605,47604,632790,568277,50204,1095846",FALSE,FALSE,2020-06-05T17:31:55+00:00,4,2,91756,FALSE,91756,NA,30122,NA,https://en.wikipedia.org/wiki/Bidens_alba,Plantae,White beggarticks,86500140,cc0,"no rights reserved, uploaded by 葉子",https://inaturalist-open-data.s3.amazonaws.com/photos/86500140/square.jpeg,,葉子,https://inaturalist-open-data.s3.amazonaws.com/photos/86500140/square.jpeg,https://inaturalist-open-data.s3.amazonaws.com/photos/86500140/medium.jpeg,1536,2048,3,0,4573202,gatorhawk,FALSE,FALSE,2021-06-12T12:38:13+00:00,gatorhawk,gatorhawk,Josiah Londerée,Josiah Londerée,NA,https://static.inaturalist.org/attachments/users/icons/4573202/thumb.jpeg?1726415157,31904,129404,0,161308,6903,2318,31904,,1,https://static.inaturalist.org/attachments/users/icons/4573202/medium.jpeg?1726415157,NA,NA,NA,NA,NA,NA,NA,NA,NA,Quiet Waters,Bidens alba,Bidens alba | Cymaenes tripunctus
Heliconius charithonia,https://www.inaturalist.org/observations/107484313,Noelle,Bidens,alba,Toni,100%,Thomas,NA,NA,NA,NA,NA,NA,NA,NA,NA,NA,NA,NA,NA,NA,NA,,NA,NA,NA,NA,NA,NA,NA,NA,NA,NA,NA,NA,NA,NA,NA,NA,NA,NA,NA,NA,NA,NA,NA,NA,,NA,NA,NA,NA,NA,NA,NA,NA,NA,NA,NA,NA,NA,NA,NA,NA,NA,NA,NA,NA,NA,NA,NA,NA,NA,,NA,NA,NA,NA,NA,NA,NA,NA,NA,NA,NA,Long Key,Bidens alba,Bidens alba | Heliconius charithonia
Halictus poeyi,https://www.inaturalist.org/observations/107580967,Thomas,Bidens,alba,Toni,100%,NA,17569166,ec3e8c64-e43b-4444-afd1-65785b9c480b,3126,taxon,Interaction->Visited flower of,Interaction->Visited flower of,1095846,1095846,349183,349183,1095846,1095846,species,10,47126,,TRUE,1095846,Bidens alba,50204,48460/47126/211194/47125/47124/47605/47604/632790/568277/50204,"48460,47126,211194,47125,47124,47605,47604,632790,568277,50204,1095846",FALSE,FALSE,2020-06-05T17:31:55+00:00,4,2,91756,FALSE,91756,NA,30122,NA,https://en.wikipedia.org/wiki/Bidens_alba,Plantae,White beggarticks,86500140,cc0,"no rights reserved, uploaded by 葉子",https://inaturalist-open-data.s3.amazonaws.com/photos/86500140/square.jpeg,,葉子,https://inaturalist-open-data.s3.amazonaws.com/photos/86500140/square.jpeg,https://inaturalist-open-data.s3.amazonaws.com/photos/86500140/medium.jpeg,1536,2048,3,0,349183,joemdo,FALSE,FALSE,2016-10-12T00:08:13+00:00,joemdo,joemdo,Joe MDO,Joe MDO,NA,https://static.inaturalist.org/attachments/users/icons/349183/thumb.jpg?1662070326,126435,249147,9,375591,11568,63401,126435,,1,https://static.inaturalist.org/attachments/users/icons/349183/medium.jpg?1662070326,NA,NA,NA,NA,NA,NA,NA,NA,NA,Helene Klein,Bidens alba,Bidens alba | Halictus poeyi
Heliconius charithonia,https://www.inaturalist.org/observations/107902777,Noelle,Bidens,alba,Toni,100%,Thomas,NA,NA,NA,NA,NA,NA,NA,NA,NA,NA,NA,NA,NA,NA,NA,,NA,NA,NA,NA,NA,NA,NA,NA,NA,NA,NA,NA,NA,NA,NA,NA,NA,NA,NA,NA,NA,NA,NA,NA,,NA,NA,NA,NA,NA,NA,NA,NA,NA,NA,NA,NA,NA,NA,NA,NA,NA,NA,NA,NA,NA,NA,NA,NA,NA,,NA,NA,NA,NA,NA,NA,NA,NA,NA,NA,NA,Long Key,Bidens alba,Bidens alba | Heliconius charithonia
Eurema daira,https://www.inaturalist.org/observations/108199345,Thomas,Sida,ulmifolia,Lange,100%,NA,NA,NA,NA,NA,NA,NA,NA,NA,NA,NA,NA,NA,NA,NA,NA,,NA,NA,NA,NA,NA,NA,NA,NA,NA,NA,NA,NA,NA,NA,NA,NA,NA,NA,NA,NA,NA,NA,NA,NA,,NA,NA,NA,NA,NA,NA,NA,NA,NA,NA,NA,NA,NA,NA,NA,NA,NA,NA,NA,NA,NA,NA,NA,NA,NA,,NA,NA,NA,NA,NA,NA,NA,NA,NA,NA,NA,Markham,Sida ulmifolia,Sida ulmifolia | Eurema daira
Trichiotinus lunulatus,https://www.inaturalist.org/observations/109476162,Noelle,Bidens,alba,Toni,100%,Thomas,17752345,9a78678a-561d-425d-85c1-d89c9d7ae576,3126,taxon,Interaction->Visited flower of,Interaction->Visited flower of,1095846,1095846,NA,349183,1095846,1095846,species,10,47126,,TRUE,1095846,Bidens alba,50204,48460/47126/211194/47125/47124/47605/47604/632790/568277/50204,"48460,47126,211194,47125,47124,47605,47604,632790,568277,50204,1095846",FALSE,FALSE,2020-06-05T17:31:55+00:00,4,2,91756,FALSE,91756,NA,30122,NA,https://en.wikipedia.org/wiki/Bidens_alba,Plantae,White beggarticks,86500140,cc0,"no rights reserved, uploaded by 葉子",https://inaturalist-open-data.s3.amazonaws.com/photos/86500140/square.jpeg,,葉子,https://inaturalist-open-data.s3.amazonaws.com/photos/86500140/square.jpeg,https://inaturalist-open-data.s3.amazonaws.com/photos/86500140/medium.jpeg,1536,2048,3,0,349183,joemdo,FALSE,FALSE,2016-10-12T00:08:13+00:00,joemdo,joemdo,Joe MDO,Joe MDO,NA,https://static.inaturalist.org/attachments/users/icons/349183/thumb.jpg?1662070326,126435,249147,9,375591,11568,63401,126435,,1,https://static.inaturalist.org/attachments/users/icons/349183/medium.jpg?1662070326,NA,NA,NA,NA,NA,NA,NA,NA,NA,Long Key,Bidens alba,Bidens alba | Trichiotinus lunulatus
Marpesia petreus,https://www.inaturalist.org/observations/109476289,Noelle,Psychotria,nervosa,Toni,100%,Thomas,NA,NA,NA,NA,NA,NA,NA,NA,NA,NA,NA,NA,NA,NA,NA,,NA,NA,NA,NA,NA,NA,NA,NA,NA,NA,NA,NA,NA,NA,NA,NA,NA,NA,NA,NA,NA,NA,NA,NA,,NA,NA,NA,NA,NA,NA,NA,NA,NA,NA,NA,NA,NA,NA,NA,NA,NA,NA,NA,NA,NA,NA,NA,NA,NA,,NA,NA,NA,NA,NA,NA,NA,NA,NA,NA,NA,Long Key,Psychotria nervosa,Psychotria nervosa | Marpesia petreus
Erynnis horatius,https://www.inaturalist.org/observations/109716682,Thomas,Bidens,alba,Lange,100%,NA,17770440,8adff7ec-65f2-4de3-984a-19d28e3455b9,3126,taxon,Interaction->Visited flower of,Interaction->Visited flower of,1095846,1095846,NA,349183,1095846,1095846,species,10,47126,,TRUE,1095846,Bidens alba,50204,48460/47126/211194/47125/47124/47605/47604/632790/568277/50204,"48460,47126,211194,47125,47124,47605,47604,632790,568277,50204,1095846",FALSE,FALSE,2020-06-05T17:31:55+00:00,4,2,91756,FALSE,91756,NA,30122,NA,https://en.wikipedia.org/wiki/Bidens_alba,Plantae,White beggarticks,86500140,cc0,"no rights reserved, uploaded by 葉子",https://inaturalist-open-data.s3.amazonaws.com/photos/86500140/square.jpeg,,葉子,https://inaturalist-open-data.s3.amazonaws.com/photos/86500140/square.jpeg,https://inaturalist-open-data.s3.amazonaws.com/photos/86500140/medium.jpeg,1536,2048,3,0,349183,joemdo,FALSE,FALSE,2016-10-12T00:08:13+00:00,joemdo,joemdo,Joe MDO,Joe MDO,NA,https://static.inaturalist.org/attachments/users/icons/349183/thumb.jpg?1662070326,126435,249147,9,375591,11568,63401,126435,,1,https://static.inaturalist.org/attachments/users/icons/349183/medium.jpg?1662070326,NA,NA,NA,NA,NA,NA,NA,NA,NA,Quiet Waters,Bidens alba,Bidens alba | Erynnis horatius
Danaus eresimus,https://www.inaturalist.org/observations/109785510,Noelle,Bidens,alba,Toni,100%,Thomas,NA,NA,NA,NA,NA,NA,NA,NA,NA,NA,NA,NA,NA,NA,NA,,NA,NA,NA,NA,NA,NA,NA,NA,NA,NA,NA,NA,NA,NA,NA,NA,NA,NA,NA,NA,NA,NA,NA,NA,,NA,NA,NA,NA,NA,NA,NA,NA,NA,NA,NA,NA,NA,NA,NA,NA,NA,NA,NA,NA,NA,NA,NA,NA,NA,,NA,NA,NA,NA,NA,NA,NA,NA,NA,NA,NA,Markham,Bidens alba,Bidens alba | Danaus eresimus
Marpesia petreus,https://www.inaturalist.org/observations/110311676,Noelle,Psychotria,nervosa,Toni,100%,Thomas,NA,NA,NA,NA,NA,NA,NA,NA,NA,NA,NA,NA,NA,NA,NA,,NA,NA,NA,NA,NA,NA,NA,NA,NA,NA,NA,NA,NA,NA,NA,NA,NA,NA,NA,NA,NA,NA,NA,NA,,NA,NA,NA,NA,NA,NA,NA,NA,NA,NA,NA,NA,NA,NA,NA,NA,NA,NA,NA,NA,NA,NA,NA,NA,NA,,NA,NA,NA,NA,NA,NA,NA,NA,NA,NA,NA,Long Key,Psychotria nervosa,Psychotria nervosa | Marpesia petreus
Dione vanillae,https://www.inaturalist.org/observations/111236595,Noelle,Bidens,alba,Toni,100%,Thomas,NA,NA,NA,NA,NA,NA,NA,NA,NA,NA,NA,NA,NA,NA,NA,,NA,NA,NA,NA,NA,NA,NA,NA,NA,NA,NA,NA,NA,NA,NA,NA,NA,NA,NA,NA,NA,NA,NA,NA,,NA,NA,NA,NA,NA,NA,NA,NA,NA,NA,NA,NA,NA,NA,NA,NA,NA,NA,NA,NA,NA,NA,NA,NA,NA,,NA,NA,NA,NA,NA,NA,NA,NA,NA,NA,NA,Markham,Bidens alba,Bidens alba | Dione vanillae
Eurema daira,https://www.inaturalist.org/observations/111272338,Thomas,Sida,ulmifolia,Lange,100%,NA,17901500,7d5f7358-472f-4d1a-b891-80fec0b52021,3126,taxon,Interaction->Visited flower of,Interaction->Visited flower of,131597,131597,NA,349183,131597,131597,species,10,47126,,TRUE,131597,Sida ulmifolia,54996,48460/47126/211194/47125/47124/48796/48797/860115/860842/54996,"48460,47126,211194,47125,47124,48796,48797,860115,860842,54996,131597",FALSE,FALSE,2012-06-22T14:45:03+00:00,0,2,5830,FALSE,5830,NA,NA,NA,NA,Plantae,Common Fanpetals,1917893,NA,"(c) BJ Stacey, all rights reserved",https://static.inaturalist.org/photos/1917893/square.jpg,,BJ Stacey,https://static.inaturalist.org/photos/1917893/square.jpg,https://static.inaturalist.org/photos/1917893/medium.jpg,826,1243,0,0,349183,joemdo,FALSE,FALSE,2016-10-12T00:08:13+00:00,joemdo,joemdo,Joe MDO,Joe MDO,NA,https://static.inaturalist.org/attachments/users/icons/349183/thumb.jpg?1662070326,126435,249147,9,375591,11568,63401,126435,,1,https://static.inaturalist.org/attachments/users/icons/349183/medium.jpg?1662070326,NA,NA,NA,NA,NA,NA,NA,NA,NA,Markham,Sida ulmifolia,Sida ulmifolia | Eurema daira
Ascia monuste,https://www.inaturalist.org/observations/111847769,Thomas,Bidens,alba,Toni,100%,NA,NA,NA,NA,NA,NA,NA,NA,NA,NA,NA,NA,NA,NA,NA,NA,,NA,NA,NA,NA,NA,NA,NA,NA,NA,NA,NA,NA,NA,NA,NA,NA,NA,NA,NA,NA,NA,NA,NA,NA,,NA,NA,NA,NA,NA,NA,NA,NA,NA,NA,NA,NA,NA,NA,NA,NA,NA,NA,NA,NA,NA,NA,NA,NA,NA,,NA,NA,NA,NA,NA,NA,NA,NA,NA,NA,NA,Vista View,Bidens alba,Bidens alba | Ascia monuste
Dione vanillae,https://www.inaturalist.org/observations/112034822,Lucas,Hamelia,patens,Toni,100%,Thomas,NA,NA,NA,NA,NA,NA,NA,NA,NA,NA,NA,NA,NA,NA,NA,,NA,NA,NA,NA,NA,NA,NA,NA,NA,NA,NA,NA,NA,NA,NA,NA,NA,NA,NA,NA,NA,NA,NA,NA,,NA,NA,NA,NA,NA,NA,NA,NA,NA,NA,NA,NA,NA,NA,NA,NA,NA,NA,NA,NA,NA,NA,NA,NA,NA,,NA,NA,NA,NA,NA,NA,NA,NA,NA,NA,NA,Quiet Waters,Hamelia patens,Hamelia patens | Dione vanillae
Ceratina floridana,https://www.inaturalist.org/observations/115721016,Noelle,Richardia,grandiflora,Toni,100%,Thomas,18205812,49fb9437-e395-4b5f-82fb-54b32ac3d07c,3126,taxon,Interaction->Visited flower of,Interaction->Visited flower of,52078,52078,349183,349183,52078,52078,species,10,47126,,TRUE,52078,Richardia grandiflora,52079,48460/47126/211194/47125/47124/47363/47693/788064/788088/52079,"48460,47126,211194,47125,47124,47363,47693,788064,788088,52079,52078",FALSE,FALSE,2009-07-01T11:57:21+00:00,0,2,15536,FALSE,15536,NA,NA,NA,https://en.wikipedia.org/wiki/Richardia_grandiflora,Plantae,largeflower Mexican clover,18320951,NA,"(c) Vanessa Trujillo, all rights reserved, uploaded by Vanessa Trujillo",https://static.inaturalist.org/photos/18320951/square.jpg,,Vanessa Trujillo,https://static.inaturalist.org/photos/18320951/square.jpg,https://static.inaturalist.org/photos/18320951/medium.jpg,800,600,0,0,349183,joemdo,FALSE,FALSE,2016-10-12T00:08:13+00:00,joemdo,joemdo,Joe MDO,Joe MDO,NA,https://static.inaturalist.org/attachments/users/icons/349183/thumb.jpg?1662070326,126435,249147,9,375591,11568,63401,126435,,1,https://static.inaturalist.org/attachments/users/icons/349183/medium.jpg?1662070326,NA,NA,NA,NA,NA,NA,NA,NA,NA,Markham,Richardia grandiflora,Richardia grandiflora | Ceratina floridana
Danaus plexippus,https://www.inaturalist.org/observations/115826599,Noelle,Bidens,alba,Toni,100%,Thomas,NA,NA,NA,NA,NA,NA,NA,NA,NA,NA,NA,NA,NA,NA,NA,,NA,NA,NA,NA,NA,NA,NA,NA,NA,NA,NA,NA,NA,NA,NA,NA,NA,NA,NA,NA,NA,NA,NA,NA,,NA,NA,NA,NA,NA,NA,NA,NA,NA,NA,NA,NA,NA,NA,NA,NA,NA,NA,NA,NA,NA,NA,NA,NA,NA,,NA,NA,NA,NA,NA,NA,NA,NA,NA,NA,NA,Long Key,Bidens alba,Bidens alba | Danaus plexippus
Dione vanillae,https://www.inaturalist.org/observations/116607005,Noelle,Gaillardia,pulchella,Toni,100%,Thomas,NA,NA,NA,NA,NA,NA,NA,NA,NA,NA,NA,NA,NA,NA,NA,,NA,NA,NA,NA,NA,NA,NA,NA,NA,NA,NA,NA,NA,NA,NA,NA,NA,NA,NA,NA,NA,NA,NA,NA,,NA,NA,NA,NA,NA,NA,NA,NA,NA,NA,NA,NA,NA,NA,NA,NA,NA,NA,NA,NA,NA,NA,NA,NA,NA,,NA,NA,NA,NA,NA,NA,NA,NA,NA,NA,NA,Markham,Gaillardia pulchella,Gaillardia pulchella | Dione vanillae
Heliconius charithonia,https://www.inaturalist.org/observations/121617652,Noelle,Hamelia,patens,Toni,100%,Thomas,NA,NA,NA,NA,NA,NA,NA,NA,NA,NA,NA,NA,NA,NA,NA,,NA,NA,NA,NA,NA,NA,NA,NA,NA,NA,NA,NA,NA,NA,NA,NA,NA,NA,NA,NA,NA,NA,NA,NA,,NA,NA,NA,NA,NA,NA,NA,NA,NA,NA,NA,NA,NA,NA,NA,NA,NA,NA,NA,NA,NA,NA,NA,NA,NA,,NA,NA,NA,NA,NA,NA,NA,NA,NA,NA,NA,Markham,Hamelia patens,Hamelia patens | Heliconius charithonia
Phyciodes tharos,https://www.inaturalist.org/observations/123140868,Noelle,Bidens,alba,Toni,100%,Thomas,NA,NA,NA,NA,NA,NA,NA,NA,NA,NA,NA,NA,NA,NA,NA,,NA,NA,NA,NA,NA,NA,NA,NA,NA,NA,NA,NA,NA,NA,NA,NA,NA,NA,NA,NA,NA,NA,NA,NA,,NA,NA,NA,NA,NA,NA,NA,NA,NA,NA,NA,NA,NA,NA,NA,NA,NA,NA,NA,NA,NA,NA,NA,NA,NA,,NA,NA,NA,NA,NA,NA,NA,NA,NA,NA,NA,Markham,Bidens alba,Bidens alba | Phyciodes tharos
Halictus poeyi,https://www.inaturalist.org/observations/123143424,Thomas,Helianthus,anuus,Lange,100%,NA,NA,NA,NA,NA,NA,NA,NA,NA,NA,NA,NA,NA,NA,NA,NA,,NA,NA,NA,NA,NA,NA,NA,NA,NA,NA,NA,NA,NA,NA,NA,NA,NA,NA,NA,NA,NA,NA,NA,NA,,NA,NA,NA,NA,NA,NA,NA,NA,NA,NA,NA,NA,NA,NA,NA,NA,NA,NA,NA,NA,NA,NA,NA,NA,NA,,NA,NA,NA,NA,NA,NA,NA,NA,NA,NA,NA,Markham,Helianthus anuus,Helianthus anuus | Halictus poeyi
Heliconius charithonia,https://www.inaturalist.org/observations/124476934,Noelle,Hamelia,patens,Toni,100%,Thomas,NA,NA,NA,NA,NA,NA,NA,NA,NA,NA,NA,NA,NA,NA,NA,,NA,NA,NA,NA,NA,NA,NA,NA,NA,NA,NA,NA,NA,NA,NA,NA,NA,NA,NA,NA,NA,NA,NA,NA,,NA,NA,NA,NA,NA,NA,NA,NA,NA,NA,NA,NA,NA,NA,NA,NA,NA,NA,NA,NA,NA,NA,NA,NA,NA,,NA,NA,NA,NA,NA,NA,NA,NA,NA,NA,NA,Markham,Hamelia patens,Hamelia patens | Heliconius charithonia
Anartia jatrophae,https://www.inaturalist.org/observations/124476943,Noelle,Bidens,alba,Toni,100%,Thomas,NA,NA,NA,NA,NA,NA,NA,NA,NA,NA,NA,NA,NA,NA,NA,,NA,NA,NA,NA,NA,NA,NA,NA,NA,NA,NA,NA,NA,NA,NA,NA,NA,NA,NA,NA,NA,NA,NA,NA,,NA,NA,NA,NA,NA,NA,NA,NA,NA,NA,NA,NA,NA,NA,NA,NA,NA,NA,NA,NA,NA,NA,NA,NA,NA,,NA,NA,NA,NA,NA,NA,NA,NA,NA,NA,NA,Markham,Bidens alba,Bidens alba | Anartia jatrophae
Phyciodes phaon,https://www.inaturalist.org/observations/125838762,Noelle,Mitreola,petiolata,Lange,100%,Thomas,NA,NA,NA,NA,NA,NA,NA,NA,NA,NA,NA,NA,NA,NA,NA,,NA,NA,NA,NA,NA,NA,NA,NA,NA,NA,NA,NA,NA,NA,NA,NA,NA,NA,NA,NA,NA,NA,NA,NA,,NA,NA,NA,NA,NA,NA,NA,NA,NA,NA,NA,NA,NA,NA,NA,NA,NA,NA,NA,NA,NA,NA,NA,NA,NA,,NA,NA,NA,NA,NA,NA,NA,NA,NA,NA,NA,Markham,Mitreola petiolata,Mitreola petiolata | Phyciodes phaon
Strymon istapa,https://www.inaturalist.org/observations/126643335,Thomas,Borreria,diacrodonta,Lange,100%,NA,NA,NA,NA,NA,NA,NA,NA,NA,NA,NA,NA,NA,NA,NA,NA,,NA,NA,NA,NA,NA,NA,NA,NA,NA,NA,NA,NA,NA,NA,NA,NA,NA,NA,NA,NA,NA,NA,NA,NA,,NA,NA,NA,NA,NA,NA,NA,NA,NA,NA,NA,NA,NA,NA,NA,NA,NA,NA,NA,NA,NA,NA,NA,NA,NA,,NA,NA,NA,NA,NA,NA,NA,NA,NA,NA,NA,Quiet Waters,Borreria diacrodonta,Borreria diacrodonta | Strymon istapa
Phoebis agarithe,https://www.inaturalist.org/observations/126643337,Lucas,Hamelia,patens,Toni,100%,Thomas,NA,NA,NA,NA,NA,NA,NA,NA,NA,NA,NA,NA,NA,NA,NA,,NA,NA,NA,NA,NA,NA,NA,NA,NA,NA,NA,NA,NA,NA,NA,NA,NA,NA,NA,NA,NA,NA,NA,NA,,NA,NA,NA,NA,NA,NA,NA,NA,NA,NA,NA,NA,NA,NA,NA,NA,NA,NA,NA,NA,NA,NA,NA,NA,NA,,NA,NA,NA,NA,NA,NA,NA,NA,NA,NA,NA,Quiet Waters,Hamelia patens,Hamelia patens | Phoebis agarithe
Phoebis agarithe,https://www.inaturalist.org/observations/126643339,Lucas,Hamelia,patens,Toni,100%,Thomas,NA,NA,NA,NA,NA,NA,NA,NA,NA,NA,NA,NA,NA,NA,NA,,NA,NA,NA,NA,NA,NA,NA,NA,NA,NA,NA,NA,NA,NA,NA,NA,NA,NA,NA,NA,NA,NA,NA,NA,,NA,NA,NA,NA,NA,NA,NA,NA,NA,NA,NA,NA,NA,NA,NA,NA,NA,NA,NA,NA,NA,NA,NA,NA,NA,,NA,NA,NA,NA,NA,NA,NA,NA,NA,NA,NA,Quiet Waters,Hamelia patens,Hamelia patens | Phoebis agarithe
Phoebis agarithe,https://www.inaturalist.org/observations/126643344,Lucas,Hamelia,patens,Toni,100%,Thomas,NA,NA,NA,NA,NA,NA,NA,NA,NA,NA,NA,NA,NA,NA,NA,,NA,NA,NA,NA,NA,NA,NA,NA,NA,NA,NA,NA,NA,NA,NA,NA,NA,NA,NA,NA,NA,NA,NA,NA,,NA,NA,NA,NA,NA,NA,NA,NA,NA,NA,NA,NA,NA,NA,NA,NA,NA,NA,NA,NA,NA,NA,NA,NA,NA,,NA,NA,NA,NA,NA,NA,NA,NA,NA,NA,NA,Quiet Waters,Hamelia patens,Hamelia patens | Phoebis agarithe
Dione vanillae,https://www.inaturalist.org/observations/129013049,Noelle,Richardia,grandiflora,Toni,100%,Thomas,NA,NA,NA,NA,NA,NA,NA,NA,NA,NA,NA,NA,NA,NA,NA,,NA,NA,NA,NA,NA,NA,NA,NA,NA,NA,NA,NA,NA,NA,NA,NA,NA,NA,NA,NA,NA,NA,NA,NA,,NA,NA,NA,NA,NA,NA,NA,NA,NA,NA,NA,NA,NA,NA,NA,NA,NA,NA,NA,NA,NA,NA,NA,NA,NA,,NA,NA,NA,NA,NA,NA,NA,NA,NA,NA,NA,Markham,Richardia grandiflora,Richardia grandiflora | Dione vanillae
Cymaenes tripunctus,https://www.inaturalist.org/observations/129451968,MaryJo,Catharanthus,roseus,Toni,100%,Thomas,NA,NA,NA,NA,NA,NA,NA,NA,NA,NA,NA,NA,NA,NA,NA,,NA,NA,NA,NA,NA,NA,NA,NA,NA,NA,NA,NA,NA,NA,NA,NA,NA,NA,NA,NA,NA,NA,NA,NA,,NA,NA,NA,NA,NA,NA,NA,NA,NA,NA,NA,NA,NA,NA,NA,NA,NA,NA,NA,NA,NA,NA,NA,NA,NA,,NA,NA,NA,NA,NA,NA,NA,NA,NA,NA,NA,Military Trail,Catharanthus roseus,Catharanthus roseus | Cymaenes tripunctus
Dione vanillae,https://www.inaturalist.org/observations/135853463,Noelle,Cestrum,diurnum,Adam,>80%,Thomas,NA,NA,NA,NA,NA,NA,NA,NA,NA,NA,NA,NA,NA,NA,NA,,NA,NA,NA,NA,NA,NA,NA,NA,NA,NA,NA,NA,NA,NA,NA,NA,NA,NA,NA,NA,NA,NA,NA,NA,,NA,NA,NA,NA,NA,NA,NA,NA,NA,NA,NA,NA,NA,NA,NA,NA,NA,NA,NA,NA,NA,NA,NA,NA,NA,,NA,NA,NA,NA,NA,NA,NA,NA,NA,NA,NA,Markham,Cestrum diurnum,Cestrum diurnum | Dione vanillae
Erynnis horatius,https://www.inaturalist.org/observations/135853467,Noelle,Bidens,alba,Adam,100%,Thomas,NA,NA,NA,NA,NA,NA,NA,NA,NA,NA,NA,NA,NA,NA,NA,,NA,NA,NA,NA,NA,NA,NA,NA,NA,NA,NA,NA,NA,NA,NA,NA,NA,NA,NA,NA,NA,NA,NA,NA,,NA,NA,NA,NA,NA,NA,NA,NA,NA,NA,NA,NA,NA,NA,NA,NA,NA,NA,NA,NA,NA,NA,NA,NA,NA,,NA,NA,NA,NA,NA,NA,NA,NA,NA,NA,NA,Markham,Bidens alba,Bidens alba | Erynnis horatius
Anartia jatrophae,https://www.inaturalist.org/observations/135853468,Thomas,Spermacoce,verticillata,Toni,100%,NA,NA,NA,NA,NA,NA,NA,NA,NA,NA,NA,NA,NA,NA,NA,NA,,NA,NA,NA,NA,NA,NA,NA,NA,NA,NA,NA,NA,NA,NA,NA,NA,NA,NA,NA,NA,NA,NA,NA,NA,,NA,NA,NA,NA,NA,NA,NA,NA,NA,NA,NA,NA,NA,NA,NA,NA,NA,NA,NA,NA,NA,NA,NA,NA,NA,,NA,NA,NA,NA,NA,NA,NA,NA,NA,NA,NA,Markham,Spermacoce verticillata,Spermacoce verticillata | Anartia jatrophae
Apis mellifera,https://www.inaturalist.org/observations/135853488,Thomas,Bidens,alba,Toni,100%,NA,NA,NA,NA,NA,NA,NA,NA,NA,NA,NA,NA,NA,NA,NA,NA,,NA,NA,NA,NA,NA,NA,NA,NA,NA,NA,NA,NA,NA,NA,NA,NA,NA,NA,NA,NA,NA,NA,NA,NA,,NA,NA,NA,NA,NA,NA,NA,NA,NA,NA,NA,NA,NA,NA,NA,NA,NA,NA,NA,NA,NA,NA,NA,NA,NA,,NA,NA,NA,NA,NA,NA,NA,NA,NA,NA,NA,Markham,Bidens alba,Bidens alba | Apis mellifera
Pontia protodice,https://www.inaturalist.org/observations/137457856,Lucas,Spermacoce,virticillata,Adam,>80%,Thomas,NA,NA,NA,NA,NA,NA,NA,NA,NA,NA,NA,NA,NA,NA,NA,,NA,NA,NA,NA,NA,NA,NA,NA,NA,NA,NA,NA,NA,NA,NA,NA,NA,NA,NA,NA,NA,NA,NA,NA,,NA,NA,NA,NA,NA,NA,NA,NA,NA,NA,NA,NA,NA,NA,NA,NA,NA,NA,NA,NA,NA,NA,NA,NA,NA,,NA,NA,NA,NA,NA,NA,NA,NA,NA,NA,NA,Vista View,Spermacoce virticillata,Spermacoce virticillata | Pontia protodice
Danaus gilippus,https://www.inaturalist.org/observations/137879595,Noelle,Ageratum,houstonianum,Toni,100%,Thomas,20130531,0c44f1d6-05c1-4d9f-953e-b4af898b838e,3126,taxon,Interaction->Visited flower of,Interaction->Visited flower of,901044,901044,2621666,2621666,901044,901044,subtribe,24,47126,,TRUE,901044,Ageratinae,153419,48460/47126/211194/47125/47124/47605/47604/632790/153419,"48460,47126,211194,47125,47124,47605,47604,632790,153419,901044",FALSE,FALSE,2019-06-17T09:01:05+00:00,0,0,103581,FALSE,103581,NA,NA,NA,NA,Plantae,NA,55960784,NA,"(c) Jeff Stauffer, all rights reserved, uploaded by Jeff Stauffer",https://static.inaturalist.org/photos/55960784/square.jpg,,Jeff Stauffer,https://static.inaturalist.org/photos/55960784/square.jpg,https://static.inaturalist.org/photos/55960784/medium.jpg,1536,2048,0,0,2621666,reedlindwurm,FALSE,FALSE,2020-03-04T02:04:29+00:00,reedlindwurm,reedlindwurm,Reed Lindwurm,Reed Lindwurm,NA,https://static.inaturalist.org/attachments/users/icons/2621666/b2e2f5a8319e8f03e5b7322810dde8f2-thumb.png?1753557932,4248,1777,1,6026,1086,4016,4248,,1,https://static.inaturalist.org/attachments/users/icons/2621666/b2e2f5a8319e8f03e5b7322810dde8f2-medium.png?1753557932,NA,NA,NA,NA,NA,NA,NA,NA,NA,Markham,Ageratum houstonianum,Ageratum houstonianum | Danaus gilippus
Marpesia petreus,https://www.inaturalist.org/observations/141737758,MaryJo,Bidens,alba,Adam,100%,Thomas,NA,NA,NA,NA,NA,NA,NA,NA,NA,NA,NA,NA,NA,NA,NA,,NA,NA,NA,NA,NA,NA,NA,NA,NA,NA,NA,NA,NA,NA,NA,NA,NA,NA,NA,NA,NA,NA,NA,NA,,NA,NA,NA,NA,NA,NA,NA,NA,NA,NA,NA,NA,NA,NA,NA,NA,NA,NA,NA,NA,NA,NA,NA,NA,NA,,NA,NA,NA,NA,NA,NA,NA,NA,NA,NA,NA,Long Key,Bidens alba,Bidens alba | Marpesia petreus
Eumaeus atala,https://www.inaturalist.org/observations/142791471,Thomas,Spagneticola,trilobata,Lange,100%,NA,NA,NA,NA,NA,NA,NA,NA,NA,NA,NA,NA,NA,NA,NA,NA,,NA,NA,NA,NA,NA,NA,NA,NA,NA,NA,NA,NA,NA,NA,NA,NA,NA,NA,NA,NA,NA,NA,NA,NA,,NA,NA,NA,NA,NA,NA,NA,NA,NA,NA,NA,NA,NA,NA,NA,NA,NA,NA,NA,NA,NA,NA,NA,NA,NA,,NA,NA,NA,NA,NA,NA,NA,NA,NA,NA,NA,Markham,Spagneticola trilobata,Spagneticola trilobata | Eumaeus atala
Dryas iulia,https://www.inaturalist.org/observations/142791473,Noelle,Bidens,alba,Toni,100%,Thomas,NA,NA,NA,NA,NA,NA,NA,NA,NA,NA,NA,NA,NA,NA,NA,,NA,NA,NA,NA,NA,NA,NA,NA,NA,NA,NA,NA,NA,NA,NA,NA,NA,NA,NA,NA,NA,NA,NA,NA,,NA,NA,NA,NA,NA,NA,NA,NA,NA,NA,NA,NA,NA,NA,NA,NA,NA,NA,NA,NA,NA,NA,NA,NA,NA,,NA,NA,NA,NA,NA,NA,NA,NA,NA,NA,NA,Markham,Bidens alba,Bidens alba | Dryas iulia
Marpesia petreus,https://www.inaturalist.org/observations/142970803,Noelle,Richardia,grandiflora,Toni,100%,Thomas,NA,NA,NA,NA,NA,NA,NA,NA,NA,NA,NA,NA,NA,NA,NA,,NA,NA,NA,NA,NA,NA,NA,NA,NA,NA,NA,NA,NA,NA,NA,NA,NA,NA,NA,NA,NA,NA,NA,NA,,NA,NA,NA,NA,NA,NA,NA,NA,NA,NA,NA,NA,NA,NA,NA,NA,NA,NA,NA,NA,NA,NA,NA,NA,NA,,NA,NA,NA,NA,NA,NA,NA,NA,NA,NA,NA,Markham,Richardia grandiflora,Richardia grandiflora | Marpesia petreus
Marpesia petreus,https://www.inaturalist.org/observations/144248256,Thomas,Chromolaena,odorata,Lange,100%,NA,NA,NA,NA,NA,NA,NA,NA,NA,NA,NA,NA,NA,NA,NA,NA,,NA,NA,NA,NA,NA,NA,NA,NA,NA,NA,NA,NA,NA,NA,NA,NA,NA,NA,NA,NA,NA,NA,NA,NA,,NA,NA,NA,NA,NA,NA,NA,NA,NA,NA,NA,NA,NA,NA,NA,NA,NA,NA,NA,NA,NA,NA,NA,NA,NA,,NA,NA,NA,NA,NA,NA,NA,NA,NA,NA,NA,Long Key,Chromolaena odorata,Chromolaena odorata | Marpesia petreus
Agapostemon splendens,https://www.inaturalist.org/observations/145689836,Lucas,Bidens,alba,Toni,100%,Thomas,NA,NA,NA,NA,NA,NA,NA,NA,NA,NA,NA,NA,NA,NA,NA,,NA,NA,NA,NA,NA,NA,NA,NA,NA,NA,NA,NA,NA,NA,NA,NA,NA,NA,NA,NA,NA,NA,NA,NA,,NA,NA,NA,NA,NA,NA,NA,NA,NA,NA,NA,NA,NA,NA,NA,NA,NA,NA,NA,NA,NA,NA,NA,NA,NA,,NA,NA,NA,NA,NA,NA,NA,NA,NA,NA,NA,Quiet Waters,Bidens alba,Bidens alba | Agapostemon splendens
Phyciodes tharos,https://www.inaturalist.org/observations/146154047,Thomas,Spermacoce,verticillata,Lange,100%,NA,21120816,11ce2414-fed9-4735-8882-cb90140ada37,3126,taxon,Interaction->Visited flower of,Interaction->Visited flower of,169171,169171,NA,349183,169171,169171,species,10,47126,,TRUE,169171,Spermacoce verticillata,131832,48460/47126/211194/47125/47124/47363/47693/788064/788088/131832,"48460,47126,211194,47125,47124,47363,47693,788064,788088,131832,169171",FALSE,FALSE,2012-10-22T22:59:30+00:00,1,3,12116,FALSE,12116,NA,NA,NA,https://en.wikipedia.org/wiki/Spermacoce_verticillata,Plantae,shrubby false buttonweed,2690565,NA,"(c) Jay Keller, all rights reserved, uploaded by Jay Keller",https://static.inaturalist.org/photos/2690565/square.jpg,,Jay Keller,https://static.inaturalist.org/photos/2690565/square.jpg,https://static.inaturalist.org/photos/2690565/medium.jpg,1536,2048,0,0,349183,joemdo,FALSE,FALSE,2016-10-12T00:08:13+00:00,joemdo,joemdo,Joe MDO,Joe MDO,NA,https://static.inaturalist.org/attachments/users/icons/349183/thumb.jpg?1662070326,126435,249147,9,375591,11568,63401,126435,,1,https://static.inaturalist.org/attachments/users/icons/349183/medium.jpg?1662070326,NA,NA,NA,NA,NA,NA,NA,NA,NA,Long Key,Spermacoce verticillata,Spermacoce verticillata | Phyciodes tharos
Danaus gilippus,https://www.inaturalist.org/observations/146155075,Noelle,Eupatorium,capilifolium,Lange,100%,Thomas,21120781,1b85bbec-ad8e-4082-bd50-10c7c149c60e,3126,taxon,Interaction->Visited flower of,Interaction->Visited flower of,162792,162792,349183,349183,162792,162792,species,10,47126,,TRUE,162792,Eupatorium leptophyllum,52935,48460/47126/211194/47125/47124/47605/47604/632790/153419/901053/52935,"48460,47126,211194,47125,47124,47605,47604,632790,153419,901053,52935,162792",FALSE,FALSE,2012-10-22T21:36:52+00:00,0,2,996,FALSE,996,NA,NA,NA,http://en.wikipedia.org/wiki/Eupatorium_leptophyllum,Plantae,false fennel,31621677,cc-by-nc,"(c) Eric M Powell, some rights reserved (CC BY-NC), uploaded by Eric M Powell",https://inaturalist-open-data.s3.amazonaws.com/photos/31621677/square.jpeg,,Eric M Powell,https://inaturalist-open-data.s3.amazonaws.com/photos/31621677/square.jpeg,https://inaturalist-open-data.s3.amazonaws.com/photos/31621677/medium.jpeg,1536,2048,0,0,349183,joemdo,FALSE,FALSE,2016-10-12T00:08:13+00:00,joemdo,joemdo,Joe MDO,Joe MDO,NA,https://static.inaturalist.org/attachments/users/icons/349183/thumb.jpg?1662070326,126435,249147,9,375591,11568,63401,126435,,1,https://static.inaturalist.org/attachments/users/icons/349183/medium.jpg?1662070326,NA,NA,NA,NA,NA,NA,NA,NA,NA,Long Key,Eupatorium capilifolium,Eupatorium capilifolium | Danaus gilippus
Nathalis iole,https://www.inaturalist.org/observations/146171196,Thomas,Bidens,alba,Toni,100%,NA,NA,NA,NA,NA,NA,NA,NA,NA,NA,NA,NA,NA,NA,NA,NA,,NA,NA,NA,NA,NA,NA,NA,NA,NA,NA,NA,NA,NA,NA,NA,NA,NA,NA,NA,NA,NA,NA,NA,NA,,NA,NA,NA,NA,NA,NA,NA,NA,NA,NA,NA,NA,NA,NA,NA,NA,NA,NA,NA,NA,NA,NA,NA,NA,NA,,NA,NA,NA,NA,NA,NA,NA,NA,NA,NA,NA,Quiet Waters,Bidens alba,Bidens alba | Nathalis iole
Strymon istapa,https://www.inaturalist.org/observations/146171197,Thomas,Bidens,alba,Lange,100%,NA,NA,NA,NA,NA,NA,NA,NA,NA,NA,NA,NA,NA,NA,NA,NA,,NA,NA,NA,NA,NA,NA,NA,NA,NA,NA,NA,NA,NA,NA,NA,NA,NA,NA,NA,NA,NA,NA,NA,NA,,NA,NA,NA,NA,NA,NA,NA,NA,NA,NA,NA,NA,NA,NA,NA,NA,NA,NA,NA,NA,NA,NA,NA,NA,NA,,NA,NA,NA,NA,NA,NA,NA,NA,NA,NA,NA,Quiet Waters,Bidens alba,Bidens alba | Strymon istapa
Eumaeus atala,https://www.inaturalist.org/observations/146757932,Thomas,Chromolaena,odorata,Lange,100%,NA,NA,NA,NA,NA,NA,NA,NA,NA,NA,NA,NA,NA,NA,NA,NA,,NA,NA,NA,NA,NA,NA,NA,NA,NA,NA,NA,NA,NA,NA,NA,NA,NA,NA,NA,NA,NA,NA,NA,NA,,NA,NA,NA,NA,NA,NA,NA,NA,NA,NA,NA,NA,NA,NA,NA,NA,NA,NA,NA,NA,NA,NA,NA,NA,NA,,NA,NA,NA,NA,NA,NA,NA,NA,NA,NA,NA,Long Key,Chromolaena odorata,Chromolaena odorata | Eumaeus atala
Heliconius charithonia,https://www.inaturalist.org/observations/147732208,Noelle,Bidens,alba,Toni,100%,Thomas,21310486,6b65aff0-5708-4c0d-8115-a62652626ef3,3126,taxon,Interaction->Visited flower of,Interaction->Visited flower of,1095846,1095846,NA,349183,1095846,1095846,species,10,47126,,TRUE,1095846,Bidens alba,50204,48460/47126/211194/47125/47124/47605/47604/632790/568277/50204,"48460,47126,211194,47125,47124,47605,47604,632790,568277,50204,1095846",FALSE,FALSE,2020-06-05T17:31:55+00:00,4,2,91756,FALSE,91756,NA,30122,NA,https://en.wikipedia.org/wiki/Bidens_alba,Plantae,White beggarticks,86500140,cc0,"no rights reserved, uploaded by 葉子",https://inaturalist-open-data.s3.amazonaws.com/photos/86500140/square.jpeg,,葉子,https://inaturalist-open-data.s3.amazonaws.com/photos/86500140/square.jpeg,https://inaturalist-open-data.s3.amazonaws.com/photos/86500140/medium.jpeg,1536,2048,3,0,349183,joemdo,FALSE,FALSE,2016-10-12T00:08:13+00:00,joemdo,joemdo,Joe MDO,Joe MDO,NA,https://static.inaturalist.org/attachments/users/icons/349183/thumb.jpg?1662070326,126435,249147,9,375591,11568,63401,126435,,1,https://static.inaturalist.org/attachments/users/icons/349183/medium.jpg?1662070326,NA,NA,NA,NA,NA,NA,NA,NA,NA,Markham,Bidens alba,Bidens alba | Heliconius charithonia
Dryas iulia,https://www.inaturalist.org/observations/148901688,Noelle,Hamelia,patens,Adam,100%,Thomas,NA,NA,NA,NA,NA,NA,NA,NA,NA,NA,NA,NA,NA,NA,NA,,NA,NA,NA,NA,NA,NA,NA,NA,NA,NA,NA,NA,NA,NA,NA,NA,NA,NA,NA,NA,NA,NA,NA,NA,,NA,NA,NA,NA,NA,NA,NA,NA,NA,NA,NA,NA,NA,NA,NA,NA,NA,NA,NA,NA,NA,NA,NA,NA,NA,,NA,NA,NA,NA,NA,NA,NA,NA,NA,NA,NA,Long Key,Hamelia patens,Hamelia patens | Dryas iulia
Dryas iulia,https://www.inaturalist.org/observations/149160471,Noelle,Heliotropium,angioermum,Toni,100%,Thomas,NA,NA,NA,NA,NA,NA,NA,NA,NA,NA,NA,NA,NA,NA,NA,,NA,NA,NA,NA,NA,NA,NA,NA,NA,NA,NA,NA,NA,NA,NA,NA,NA,NA,NA,NA,NA,NA,NA,NA,,NA,NA,NA,NA,NA,NA,NA,NA,NA,NA,NA,NA,NA,NA,NA,NA,NA,NA,NA,NA,NA,NA,NA,NA,NA,,NA,NA,NA,NA,NA,NA,NA,NA,NA,NA,NA,Markham,Heliotropium angioermum,Heliotropium angioermum | Dryas iulia
Heliconius charithonia,https://www.inaturalist.org/observations/149161334,Noelle,Bidens,alba,Toni,100%,Thomas,NA,NA,NA,NA,NA,NA,NA,NA,NA,NA,NA,NA,NA,NA,NA,,NA,NA,NA,NA,NA,NA,NA,NA,NA,NA,NA,NA,NA,NA,NA,NA,NA,NA,NA,NA,NA,NA,NA,NA,,NA,NA,NA,NA,NA,NA,NA,NA,NA,NA,NA,NA,NA,NA,NA,NA,NA,NA,NA,NA,NA,NA,NA,NA,NA,,NA,NA,NA,NA,NA,NA,NA,NA,NA,NA,NA,Markham,Bidens alba,Bidens alba | Heliconius charithonia
Phoebis philea,https://www.inaturalist.org/observations/149161446,Noelle,Salvia,coccinea,Lange,100%,Thomas,NA,NA,NA,NA,NA,NA,NA,NA,NA,NA,NA,NA,NA,NA,NA,,NA,NA,NA,NA,NA,NA,NA,NA,NA,NA,NA,NA,NA,NA,NA,NA,NA,NA,NA,NA,NA,NA,NA,NA,,NA,NA,NA,NA,NA,NA,NA,NA,NA,NA,NA,NA,NA,NA,NA,NA,NA,NA,NA,NA,NA,NA,NA,NA,NA,,NA,NA,NA,NA,NA,NA,NA,NA,NA,NA,NA,Markham,Salvia coccinea,Salvia coccinea | Phoebis philea
Danaus eresimus,https://www.inaturalist.org/observations/149163284,Noelle,Bidens,alba,Toni,100%,Thomas,NA,NA,NA,NA,NA,NA,NA,NA,NA,NA,NA,NA,NA,NA,NA,,NA,NA,NA,NA,NA,NA,NA,NA,NA,NA,NA,NA,NA,NA,NA,NA,NA,NA,NA,NA,NA,NA,NA,NA,,NA,NA,NA,NA,NA,NA,NA,NA,NA,NA,NA,NA,NA,NA,NA,NA,NA,NA,NA,NA,NA,NA,NA,NA,NA,,NA,NA,NA,NA,NA,NA,NA,NA,NA,NA,NA,Markham,Bidens alba,Bidens alba | Danaus eresimus
Euglossa dilemma,https://www.inaturalist.org/observations/149164135,Noelle,Pentas,lanceolata,Lange,100%,Thomas,NA,NA,NA,NA,NA,NA,NA,NA,NA,NA,NA,NA,NA,NA,NA,,NA,NA,NA,NA,NA,NA,NA,NA,NA,NA,NA,NA,NA,NA,NA,NA,NA,NA,NA,NA,NA,NA,NA,NA,,NA,NA,NA,NA,NA,NA,NA,NA,NA,NA,NA,NA,NA,NA,NA,NA,NA,NA,NA,NA,NA,NA,NA,NA,NA,,NA,NA,NA,NA,NA,NA,NA,NA,NA,NA,NA,Markham,Pentas lanceolata,Pentas lanceolata | Euglossa dilemma
Phoebis sennae,https://www.inaturalist.org/observations/149167561,Thomas,Salvia,coccinea,Lange,100%,NA,NA,NA,NA,NA,NA,NA,NA,NA,NA,NA,NA,NA,NA,NA,NA,,NA,NA,NA,NA,NA,NA,NA,NA,NA,NA,NA,NA,NA,NA,NA,NA,NA,NA,NA,NA,NA,NA,NA,NA,,NA,NA,NA,NA,NA,NA,NA,NA,NA,NA,NA,NA,NA,NA,NA,NA,NA,NA,NA,NA,NA,NA,NA,NA,NA,,NA,NA,NA,NA,NA,NA,NA,NA,NA,NA,NA,Markham,Salvia coccinea,Salvia coccinea | Phoebis sennae
Dryas iulia,https://www.inaturalist.org/observations/149198402,Noelle,Heliotropium,angioermum,Toni,100%,Thomas,NA,NA,NA,NA,NA,NA,NA,NA,NA,NA,NA,NA,NA,NA,NA,,NA,NA,NA,NA,NA,NA,NA,NA,NA,NA,NA,NA,NA,NA,NA,NA,NA,NA,NA,NA,NA,NA,NA,NA,,NA,NA,NA,NA,NA,NA,NA,NA,NA,NA,NA,NA,NA,NA,NA,NA,NA,NA,NA,NA,NA,NA,NA,NA,NA,,NA,NA,NA,NA,NA,NA,NA,NA,NA,NA,NA,Markham,Heliotropium angioermum,Heliotropium angioermum | Dryas iulia
Erynnis horatius,https://www.inaturalist.org/observations/149786525,Noelle,Fimbristylis,cymosa,Lange,100%,Thomas,NA,NA,NA,NA,NA,NA,NA,NA,NA,NA,NA,NA,NA,NA,NA,,NA,NA,NA,NA,NA,NA,NA,NA,NA,NA,NA,NA,NA,NA,NA,NA,NA,NA,NA,NA,NA,NA,NA,NA,,NA,NA,NA,NA,NA,NA,NA,NA,NA,NA,NA,NA,NA,NA,NA,NA,NA,NA,NA,NA,NA,NA,NA,NA,NA,,NA,NA,NA,NA,NA,NA,NA,NA,NA,NA,NA,Long Key,Fimbristylis cymosa,Fimbristylis cymosa | Erynnis horatius
Apis mellifera,https://www.inaturalist.org/observations/150247426,Thomas,Spermacoce,verticillata,Toni,100%,NA,NA,NA,NA,NA,NA,NA,NA,NA,NA,NA,NA,NA,NA,NA,NA,,NA,NA,NA,NA,NA,NA,NA,NA,NA,NA,NA,NA,NA,NA,NA,NA,NA,NA,NA,NA,NA,NA,NA,NA,,NA,NA,NA,NA,NA,NA,NA,NA,NA,NA,NA,NA,NA,NA,NA,NA,NA,NA,NA,NA,NA,NA,NA,NA,NA,,NA,NA,NA,NA,NA,NA,NA,NA,NA,NA,NA,Vista View,Spermacoce verticillata,Spermacoce verticillata | Apis mellifera
Anartia jatrophae,https://www.inaturalist.org/observations/151080001,Tessa,Spermacoce,verticillata,Toni,100%,Thomas,NA,NA,NA,NA,NA,NA,NA,NA,NA,NA,NA,NA,NA,NA,NA,,NA,NA,NA,NA,NA,NA,NA,NA,NA,NA,NA,NA,NA,NA,NA,NA,NA,NA,NA,NA,NA,NA,NA,NA,,NA,NA,NA,NA,NA,NA,NA,NA,NA,NA,NA,NA,NA,NA,NA,NA,NA,NA,NA,NA,NA,NA,NA,NA,NA,,NA,NA,NA,NA,NA,NA,NA,NA,NA,NA,NA,CB Smith,Spermacoce verticillata,Spermacoce verticillata | Anartia jatrophae
Phyciodes phaon,https://www.inaturalist.org/observations/151139641,Thomas,Spermacoce,verticillata,Toni,100%,NA,NA,NA,NA,NA,NA,NA,NA,NA,NA,NA,NA,NA,NA,NA,NA,,NA,NA,NA,NA,NA,NA,NA,NA,NA,NA,NA,NA,NA,NA,NA,NA,NA,NA,NA,NA,NA,NA,NA,NA,,NA,NA,NA,NA,NA,NA,NA,NA,NA,NA,NA,NA,NA,NA,NA,NA,NA,NA,NA,NA,NA,NA,NA,NA,NA,,NA,NA,NA,NA,NA,NA,NA,NA,NA,NA,NA,Markham,Spermacoce verticillata,Spermacoce verticillata | Phyciodes phaon
Dione vanillae,https://www.inaturalist.org/observations/151951609,Noelle,Bidens,alba,Toni,100%,Thomas,NA,NA,NA,NA,NA,NA,NA,NA,NA,NA,NA,NA,NA,NA,NA,,NA,NA,NA,NA,NA,NA,NA,NA,NA,NA,NA,NA,NA,NA,NA,NA,NA,NA,NA,NA,NA,NA,NA,NA,,NA,NA,NA,NA,NA,NA,NA,NA,NA,NA,NA,NA,NA,NA,NA,NA,NA,NA,NA,NA,NA,NA,NA,NA,NA,,NA,NA,NA,NA,NA,NA,NA,NA,NA,NA,NA,Long Key,Bidens alba,Bidens alba | Dione vanillae
Heliconius charithonia,https://www.inaturalist.org/observations/151951612,Noelle,Bidens,alba,Toni,100%,Thomas,NA,NA,NA,NA,NA,NA,NA,NA,NA,NA,NA,NA,NA,NA,NA,,NA,NA,NA,NA,NA,NA,NA,NA,NA,NA,NA,NA,NA,NA,NA,NA,NA,NA,NA,NA,NA,NA,NA,NA,,NA,NA,NA,NA,NA,NA,NA,NA,NA,NA,NA,NA,NA,NA,NA,NA,NA,NA,NA,NA,NA,NA,NA,NA,NA,,NA,NA,NA,NA,NA,NA,NA,NA,NA,NA,NA,Long Key,Bidens alba,Bidens alba | Heliconius charithonia
Danaus plexippus,https://www.inaturalist.org/observations/152288483,Thomas,Bidens,alba,Toni,100%,NA,NA,NA,NA,NA,NA,NA,NA,NA,NA,NA,NA,NA,NA,NA,NA,,NA,NA,NA,NA,NA,NA,NA,NA,NA,NA,NA,NA,NA,NA,NA,NA,NA,NA,NA,NA,NA,NA,NA,NA,,NA,NA,NA,NA,NA,NA,NA,NA,NA,NA,NA,NA,NA,NA,NA,NA,NA,NA,NA,NA,NA,NA,NA,NA,NA,,NA,NA,NA,NA,NA,NA,NA,NA,NA,NA,NA,Markham,Bidens alba,Bidens alba | Danaus plexippus
Heliconius charithonia,https://www.inaturalist.org/observations/152289455,Thomas,Bidens,alba,Toni,100%,NA,NA,NA,NA,NA,NA,NA,NA,NA,NA,NA,NA,NA,NA,NA,NA,,NA,NA,NA,NA,NA,NA,NA,NA,NA,NA,NA,NA,NA,NA,NA,NA,NA,NA,NA,NA,NA,NA,NA,NA,,NA,NA,NA,NA,NA,NA,NA,NA,NA,NA,NA,NA,NA,NA,NA,NA,NA,NA,NA,NA,NA,NA,NA,NA,NA,,NA,NA,NA,NA,NA,NA,NA,NA,NA,NA,NA,Markham,Bidens alba,Bidens alba | Heliconius charithonia
Dryas iulia,https://www.inaturalist.org/observations/152363355,Thomas,Chromolaena,odorata,Lange,100%,NA,NA,NA,NA,NA,NA,NA,NA,NA,NA,NA,NA,NA,NA,NA,NA,,NA,NA,NA,NA,NA,NA,NA,NA,NA,NA,NA,NA,NA,NA,NA,NA,NA,NA,NA,NA,NA,NA,NA,NA,,NA,NA,NA,NA,NA,NA,NA,NA,NA,NA,NA,NA,NA,NA,NA,NA,NA,NA,NA,NA,NA,NA,NA,NA,NA,,NA,NA,NA,NA,NA,NA,NA,NA,NA,NA,NA,Markham,Chromolaena odorata,Chromolaena odorata | Dryas iulia
Dione vanillae,https://www.inaturalist.org/observations/152371893,Thomas,Bidens,alba,Lange,100%,NA,NA,NA,NA,NA,NA,NA,NA,NA,NA,NA,NA,NA,NA,NA,NA,,NA,NA,NA,NA,NA,NA,NA,NA,NA,NA,NA,NA,NA,NA,NA,NA,NA,NA,NA,NA,NA,NA,NA,NA,,NA,NA,NA,NA,NA,NA,NA,NA,NA,NA,NA,NA,NA,NA,NA,NA,NA,NA,NA,NA,NA,NA,NA,NA,NA,,NA,NA,NA,NA,NA,NA,NA,NA,NA,NA,NA,Markham,Bidens alba,Bidens alba | Dione vanillae
Heliconius charithonia,https://www.inaturalist.org/observations/152420491,Thomas,Jatropha,integerrima,Lange,100%,NA,NA,NA,NA,NA,NA,NA,NA,NA,NA,NA,NA,NA,NA,NA,NA,,NA,NA,NA,NA,NA,NA,NA,NA,NA,NA,NA,NA,NA,NA,NA,NA,NA,NA,NA,NA,NA,NA,NA,NA,,NA,NA,NA,NA,NA,NA,NA,NA,NA,NA,NA,NA,NA,NA,NA,NA,NA,NA,NA,NA,NA,NA,NA,NA,NA,,NA,NA,NA,NA,NA,NA,NA,NA,NA,NA,NA,Markham,Jatropha integerrima,Jatropha integerrima | Heliconius charithonia
Apis mellifera,https://www.inaturalist.org/observations/152420492,Noelle,Bidens,alba,Toni,100%,Thomas,NA,NA,NA,NA,NA,NA,NA,NA,NA,NA,NA,NA,NA,NA,NA,,NA,NA,NA,NA,NA,NA,NA,NA,NA,NA,NA,NA,NA,NA,NA,NA,NA,NA,NA,NA,NA,NA,NA,NA,,NA,NA,NA,NA,NA,NA,NA,NA,NA,NA,NA,NA,NA,NA,NA,NA,NA,NA,NA,NA,NA,NA,NA,NA,NA,,NA,NA,NA,NA,NA,NA,NA,NA,NA,NA,NA,Markham,Bidens alba,Bidens alba | Apis mellifera
Danaus plexippus,https://www.inaturalist.org/observations/152420493,Noelle,Jatropha,integerrima,Toni,100%,Thomas,NA,NA,NA,NA,NA,NA,NA,NA,NA,NA,NA,NA,NA,NA,NA,,NA,NA,NA,NA,NA,NA,NA,NA,NA,NA,NA,NA,NA,NA,NA,NA,NA,NA,NA,NA,NA,NA,NA,NA,,NA,NA,NA,NA,NA,NA,NA,NA,NA,NA,NA,NA,NA,NA,NA,NA,NA,NA,NA,NA,NA,NA,NA,NA,NA,,NA,NA,NA,NA,NA,NA,NA,NA,NA,NA,NA,Markham,Jatropha integerrima,Jatropha integerrima | Danaus plexippus
Danaus eresimus,https://www.inaturalist.org/observations/152420495,Noelle,Ageratum,conyzoides,Lange,100%,Thomas,NA,NA,NA,NA,NA,NA,NA,NA,NA,NA,NA,NA,NA,NA,NA,,NA,NA,NA,NA,NA,NA,NA,NA,NA,NA,NA,NA,NA,NA,NA,NA,NA,NA,NA,NA,NA,NA,NA,NA,,NA,NA,NA,NA,NA,NA,NA,NA,NA,NA,NA,NA,NA,NA,NA,NA,NA,NA,NA,NA,NA,NA,NA,NA,NA,,NA,NA,NA,NA,NA,NA,NA,NA,NA,NA,NA,Markham,Ageratum conyzoides,Ageratum conyzoides | Danaus eresimus
Phoebis philea,https://www.inaturalist.org/observations/153733351,Noelle,Lonicera,sempervirens,Toni,100%,Thomas,NA,NA,NA,NA,NA,NA,NA,NA,NA,NA,NA,NA,NA,NA,NA,,NA,NA,NA,NA,NA,NA,NA,NA,NA,NA,NA,NA,NA,NA,NA,NA,NA,NA,NA,NA,NA,NA,NA,NA,,NA,NA,NA,NA,NA,NA,NA,NA,NA,NA,NA,NA,NA,NA,NA,NA,NA,NA,NA,NA,NA,NA,NA,NA,NA,,NA,NA,NA,NA,NA,NA,NA,NA,NA,NA,NA,Markham,Lonicera sempervirens,Lonicera sempervirens | Phoebis philea
Apis mellifera,https://www.inaturalist.org/observations/154327247,Noelle,Spermacoce,verticillata,Toni,100%,Thomas,NA,NA,NA,NA,NA,NA,NA,NA,NA,NA,NA,NA,NA,NA,NA,,NA,NA,NA,NA,NA,NA,NA,NA,NA,NA,NA,NA,NA,NA,NA,NA,NA,NA,NA,NA,NA,NA,NA,NA,,NA,NA,NA,NA,NA,NA,NA,NA,NA,NA,NA,NA,NA,NA,NA,NA,NA,NA,NA,NA,NA,NA,NA,NA,NA,,NA,NA,NA,NA,NA,NA,NA,NA,NA,NA,NA,Markham,Spermacoce verticillata,Spermacoce verticillata | Apis mellifera
Dione vanillae,https://www.inaturalist.org/observations/154338429,Noelle,Richardia,grandiflora,Toni,100%,Thomas,NA,NA,NA,NA,NA,NA,NA,NA,NA,NA,NA,NA,NA,NA,NA,,NA,NA,NA,NA,NA,NA,NA,NA,NA,NA,NA,NA,NA,NA,NA,NA,NA,NA,NA,NA,NA,NA,NA,NA,,NA,NA,NA,NA,NA,NA,NA,NA,NA,NA,NA,NA,NA,NA,NA,NA,NA,NA,NA,NA,NA,NA,NA,NA,NA,,NA,NA,NA,NA,NA,NA,NA,NA,NA,NA,NA,Markham,Richardia grandiflora,Richardia grandiflora | Dione vanillae
Phoebis philea,https://www.inaturalist.org/observations/154338761,Thomas,Jatropha,integerrima,Lange,100%,NA,NA,NA,NA,NA,NA,NA,NA,NA,NA,NA,NA,NA,NA,NA,NA,,NA,NA,NA,NA,NA,NA,NA,NA,NA,NA,NA,NA,NA,NA,NA,NA,NA,NA,NA,NA,NA,NA,NA,NA,,NA,NA,NA,NA,NA,NA,NA,NA,NA,NA,NA,NA,NA,NA,NA,NA,NA,NA,NA,NA,NA,NA,NA,NA,NA,,NA,NA,NA,NA,NA,NA,NA,NA,NA,NA,NA,Markham,Jatropha integerrima,Jatropha integerrima | Phoebis philea
Dryas iulia,https://www.inaturalist.org/observations/154338775,Noelle,Jatropha,integerrima,Toni,100%,Thomas,NA,NA,NA,NA,NA,NA,NA,NA,NA,NA,NA,NA,NA,NA,NA,,NA,NA,NA,NA,NA,NA,NA,NA,NA,NA,NA,NA,NA,NA,NA,NA,NA,NA,NA,NA,NA,NA,NA,NA,,NA,NA,NA,NA,NA,NA,NA,NA,NA,NA,NA,NA,NA,NA,NA,NA,NA,NA,NA,NA,NA,NA,NA,NA,NA,,NA,NA,NA,NA,NA,NA,NA,NA,NA,NA,NA,Markham,Jatropha integerrima,Jatropha integerrima | Dryas iulia
Strymon istapa,https://www.inaturalist.org/observations/154338777,Thomas,Spermacoce,verticillata,Toni,100%,NA,21920982,9c478d54-110e-47d9-8146-de6ef4e5c540,3126,taxon,Interaction->Visited flower of,Interaction->Visited flower of,169171,169171,NA,349183,169171,169171,species,10,47126,,TRUE,169171,Spermacoce verticillata,131832,48460/47126/211194/47125/47124/47363/47693/788064/788088/131832,"48460,47126,211194,47125,47124,47363,47693,788064,788088,131832,169171",FALSE,FALSE,2012-10-22T22:59:30+00:00,1,3,12116,FALSE,12116,NA,NA,NA,https://en.wikipedia.org/wiki/Spermacoce_verticillata,Plantae,shrubby false buttonweed,2690565,NA,"(c) Jay Keller, all rights reserved, uploaded by Jay Keller",https://static.inaturalist.org/photos/2690565/square.jpg,,Jay Keller,https://static.inaturalist.org/photos/2690565/square.jpg,https://static.inaturalist.org/photos/2690565/medium.jpg,1536,2048,0,0,349183,joemdo,FALSE,FALSE,2016-10-12T00:08:13+00:00,joemdo,joemdo,Joe MDO,Joe MDO,NA,https://static.inaturalist.org/attachments/users/icons/349183/thumb.jpg?1662070326,126435,249147,9,375591,11568,63401,126435,,1,https://static.inaturalist.org/attachments/users/icons/349183/medium.jpg?1662070326,NA,NA,NA,NA,NA,NA,NA,NA,NA,Markham,Spermacoce verticillata,Spermacoce verticillata | Strymon istapa
Anartia jatrophae,https://www.inaturalist.org/observations/154338778,Thomas,Richardia,grandiflora,Toni,100%,NA,NA,NA,NA,NA,NA,NA,NA,NA,NA,NA,NA,NA,NA,NA,NA,,NA,NA,NA,NA,NA,NA,NA,NA,NA,NA,NA,NA,NA,NA,NA,NA,NA,NA,NA,NA,NA,NA,NA,NA,,NA,NA,NA,NA,NA,NA,NA,NA,NA,NA,NA,NA,NA,NA,NA,NA,NA,NA,NA,NA,NA,NA,NA,NA,NA,,NA,NA,NA,NA,NA,NA,NA,NA,NA,NA,NA,Markham,Richardia grandiflora,Richardia grandiflora | Anartia jatrophae
Apis mellifera,https://www.inaturalist.org/observations/154343624,Noelle,Spermacoce,verticillata,Toni,100%,Thomas,NA,NA,NA,NA,NA,NA,NA,NA,NA,NA,NA,NA,NA,NA,NA,,NA,NA,NA,NA,NA,NA,NA,NA,NA,NA,NA,NA,NA,NA,NA,NA,NA,NA,NA,NA,NA,NA,NA,NA,,NA,NA,NA,NA,NA,NA,NA,NA,NA,NA,NA,NA,NA,NA,NA,NA,NA,NA,NA,NA,NA,NA,NA,NA,NA,,NA,NA,NA,NA,NA,NA,NA,NA,NA,NA,NA,Markham,Spermacoce verticillata,Spermacoce verticillata | Apis mellifera
Hylephila phyleus,https://www.inaturalist.org/observations/154343638,Noelle,Spermacoce,verticillata,Toni,100%,Thomas,NA,NA,NA,NA,NA,NA,NA,NA,NA,NA,NA,NA,NA,NA,NA,,NA,NA,NA,NA,NA,NA,NA,NA,NA,NA,NA,NA,NA,NA,NA,NA,NA,NA,NA,NA,NA,NA,NA,NA,,NA,NA,NA,NA,NA,NA,NA,NA,NA,NA,NA,NA,NA,NA,NA,NA,NA,NA,NA,NA,NA,NA,NA,NA,NA,,NA,NA,NA,NA,NA,NA,NA,NA,NA,NA,NA,Markham,Spermacoce verticillata,Spermacoce verticillata | Hylephila phyleus
Dione vanillae,https://www.inaturalist.org/observations/154344144,Noelle,Richardia,grandiflora,Toni,100%,Thomas,NA,NA,NA,NA,NA,NA,NA,NA,NA,NA,NA,NA,NA,NA,NA,,NA,NA,NA,NA,NA,NA,NA,NA,NA,NA,NA,NA,NA,NA,NA,NA,NA,NA,NA,NA,NA,NA,NA,NA,,NA,NA,NA,NA,NA,NA,NA,NA,NA,NA,NA,NA,NA,NA,NA,NA,NA,NA,NA,NA,NA,NA,NA,NA,NA,,NA,NA,NA,NA,NA,NA,NA,NA,NA,NA,NA,Markham,Richardia grandiflora,Richardia grandiflora | Dione vanillae
Phoebis philea,https://www.inaturalist.org/observations/154446233,Noelle,Lonicera,sempervirens,Toni,100%,Thomas,NA,NA,NA,NA,NA,NA,NA,NA,NA,NA,NA,NA,NA,NA,NA,,NA,NA,NA,NA,NA,NA,NA,NA,NA,NA,NA,NA,NA,NA,NA,NA,NA,NA,NA,NA,NA,NA,NA,NA,,NA,NA,NA,NA,NA,NA,NA,NA,NA,NA,NA,NA,NA,NA,NA,NA,NA,NA,NA,NA,NA,NA,NA,NA,NA,,NA,NA,NA,NA,NA,NA,NA,NA,NA,NA,NA,Markham,Lonicera sempervirens,Lonicera sempervirens | Phoebis philea
Marpesia petreus,https://www.inaturalist.org/observations/155247826,Lucas,Zanthoxylum,fagara,Toni,100%,Thomas,NA,NA,NA,NA,NA,NA,NA,NA,NA,NA,NA,NA,NA,NA,NA,,NA,NA,NA,NA,NA,NA,NA,NA,NA,NA,NA,NA,NA,NA,NA,NA,NA,NA,NA,NA,NA,NA,NA,NA,,NA,NA,NA,NA,NA,NA,NA,NA,NA,NA,NA,NA,NA,NA,NA,NA,NA,NA,NA,NA,NA,NA,NA,NA,NA,,NA,NA,NA,NA,NA,NA,NA,NA,NA,NA,NA,Quiet Waters,Zanthoxylum fagara,Zanthoxylum fagara | Marpesia petreus
Chlorostrymon maesites,https://www.inaturalist.org/observations/155486110,Thomas,Coccoloba,uvifera,Lange,100%,NA,NA,NA,NA,NA,NA,NA,NA,NA,NA,NA,NA,NA,NA,NA,NA,,NA,NA,NA,NA,NA,NA,NA,NA,NA,NA,NA,NA,NA,NA,NA,NA,NA,NA,NA,NA,NA,NA,NA,NA,,NA,NA,NA,NA,NA,NA,NA,NA,NA,NA,NA,NA,NA,NA,NA,NA,NA,NA,NA,NA,NA,NA,NA,NA,NA,,NA,NA,NA,NA,NA,NA,NA,NA,NA,NA,NA,Quiet Waters,Coccoloba uvifera,Coccoloba uvifera | Chlorostrymon maesites
Erynnis horatius,https://www.inaturalist.org/observations/155922664,Lucas,Bidens,alba,Toni,100%,Thomas,NA,NA,NA,NA,NA,NA,NA,NA,NA,NA,NA,NA,NA,NA,NA,,NA,NA,NA,NA,NA,NA,NA,NA,NA,NA,NA,NA,NA,NA,NA,NA,NA,NA,NA,NA,NA,NA,NA,NA,,NA,NA,NA,NA,NA,NA,NA,NA,NA,NA,NA,NA,NA,NA,NA,NA,NA,NA,NA,NA,NA,NA,NA,NA,NA,,NA,NA,NA,NA,NA,NA,NA,NA,NA,NA,NA,Quiet Waters,Bidens alba,Bidens alba | Erynnis horatius
Lerodea eufala,https://www.inaturalist.org/observations/156124128,Thomas,Phyla,nodiflora,Toni,100%,NA,NA,NA,NA,NA,NA,NA,NA,NA,NA,NA,NA,NA,NA,NA,NA,,NA,NA,NA,NA,NA,NA,NA,NA,NA,NA,NA,NA,NA,NA,NA,NA,NA,NA,NA,NA,NA,NA,NA,NA,,NA,NA,NA,NA,NA,NA,NA,NA,NA,NA,NA,NA,NA,NA,NA,NA,NA,NA,NA,NA,NA,NA,NA,NA,NA,,NA,NA,NA,NA,NA,NA,NA,NA,NA,NA,NA,Markham,Phyla nodiflora,Phyla nodiflora | Lerodea eufala
Danaus eresimus,https://www.inaturalist.org/observations/156320784,Thomas,Ageratum,conyzoides,Lange,100%,NA,NA,NA,NA,NA,NA,NA,NA,NA,NA,NA,NA,NA,NA,NA,NA,,NA,NA,NA,NA,NA,NA,NA,NA,NA,NA,NA,NA,NA,NA,NA,NA,NA,NA,NA,NA,NA,NA,NA,NA,,NA,NA,NA,NA,NA,NA,NA,NA,NA,NA,NA,NA,NA,NA,NA,NA,NA,NA,NA,NA,NA,NA,NA,NA,NA,,NA,NA,NA,NA,NA,NA,NA,NA,NA,NA,NA,Markham,Ageratum conyzoides,Ageratum conyzoides | Danaus eresimus
Utetheisa ornatrix,https://www.inaturalist.org/observations/156320795,Noelle,Spermacoce,verticillata,Adam,100%,Thomas,NA,NA,NA,NA,NA,NA,NA,NA,NA,NA,NA,NA,NA,NA,NA,,NA,NA,NA,NA,NA,NA,NA,NA,NA,NA,NA,NA,NA,NA,NA,NA,NA,NA,NA,NA,NA,NA,NA,NA,,NA,NA,NA,NA,NA,NA,NA,NA,NA,NA,NA,NA,NA,NA,NA,NA,NA,NA,NA,NA,NA,NA,NA,NA,NA,,NA,NA,NA,NA,NA,NA,NA,NA,NA,NA,NA,Markham,Spermacoce verticillata,Spermacoce verticillata | Utetheisa ornatrix
Syntomeida epilais,https://www.inaturalist.org/observations/156649886,Noelle,Spermacoce,verticillata,Adam,100%,Thomas,22106389,f41b2778-f3ac-4b58-859b-1f657f2ebdc7,3126,taxon,Interaction->Visited flower of,Interaction->Visited flower of,169171,169171,NA,349183,169171,169171,species,10,47126,,TRUE,169171,Spermacoce verticillata,131832,48460/47126/211194/47125/47124/47363/47693/788064/788088/131832,"48460,47126,211194,47125,47124,47363,47693,788064,788088,131832,169171",FALSE,FALSE,2012-10-22T22:59:30+00:00,1,3,12116,FALSE,12116,NA,NA,NA,https://en.wikipedia.org/wiki/Spermacoce_verticillata,Plantae,shrubby false buttonweed,2690565,NA,"(c) Jay Keller, all rights reserved, uploaded by Jay Keller",https://static.inaturalist.org/photos/2690565/square.jpg,,Jay Keller,https://static.inaturalist.org/photos/2690565/square.jpg,https://static.inaturalist.org/photos/2690565/medium.jpg,1536,2048,0,0,349183,joemdo,FALSE,FALSE,2016-10-12T00:08:13+00:00,joemdo,joemdo,Joe MDO,Joe MDO,NA,https://static.inaturalist.org/attachments/users/icons/349183/thumb.jpg?1662070326,126435,249147,9,375591,11568,63401,126435,,1,https://static.inaturalist.org/attachments/users/icons/349183/medium.jpg?1662070326,NA,NA,NA,NA,NA,NA,NA,NA,NA,Markham,Spermacoce verticillata,Spermacoce verticillata | Syntomeida epilais
Ascia monuste,https://www.inaturalist.org/observations/156656571,Noelle,Psychotria,nervosa,Adam,100%,Thomas,22106536,d8d8687a-274f-4d37-bee5-62672098c720,3126,taxon,Interaction->Visited flower of,Interaction->Visited flower of,51599,51599,NA,349183,51599,51599,species,10,47126,,TRUE,51599,Psychotria nervosa,51600,48460/47126/211194/47125/47124/47363/47693/788064/788081/51600,"48460,47126,211194,47125,47124,47363,47693,788064,788081,51600,51599",FALSE,FALSE,2009-05-26T01:15:00+00:00,0,3,12267,FALSE,12267,NA,NA,NA,http://en.wikipedia.org/wiki/Psychotria_nervosa,Plantae,Shiny-leaved Wild Coffee,16401876,NA,"(c) Sandra St. Hilaire, all rights reserved, uploaded by Sandra St. Hilaire",https://static.inaturalist.org/photos/16401876/square.jpg,,Sandra St. Hilaire,https://static.inaturalist.org/photos/16401876/square.jpg,https://static.inaturalist.org/photos/16401876/medium.jpg,2048,1536,0,0,349183,joemdo,FALSE,FALSE,2016-10-12T00:08:13+00:00,joemdo,joemdo,Joe MDO,Joe MDO,NA,https://static.inaturalist.org/attachments/users/icons/349183/thumb.jpg?1662070326,126435,249147,9,375591,11568,63401,126435,,1,https://static.inaturalist.org/attachments/users/icons/349183/medium.jpg?1662070326,NA,NA,NA,NA,NA,NA,NA,NA,NA,Markham,Psychotria nervosa,Psychotria nervosa | Ascia monuste
Apis mellifera,https://www.inaturalist.org/observations/156657088,Noelle,Psychotria,nervosa,Toni,100%,Thomas,NA,NA,NA,NA,NA,NA,NA,NA,NA,NA,NA,NA,NA,NA,NA,,NA,NA,NA,NA,NA,NA,NA,NA,NA,NA,NA,NA,NA,NA,NA,NA,NA,NA,NA,NA,NA,NA,NA,NA,,NA,NA,NA,NA,NA,NA,NA,NA,NA,NA,NA,NA,NA,NA,NA,NA,NA,NA,NA,NA,NA,NA,NA,NA,NA,,NA,NA,NA,NA,NA,NA,NA,NA,NA,NA,NA,Markham,Psychotria nervosa,Psychotria nervosa | Apis mellifera
Danaus gilippus,https://www.inaturalist.org/observations/156657171,Noelle,Bidens,alba,Toni,100%,Thomas,22106605,f67488e3-8fe7-47f2-b766-95057d0f324c,498,taxon,Nectar Plant,Nectar Plant,1095846,1095846,6696865,6696865,1095846,1095846,species,10,47126,,TRUE,1095846,Bidens alba,50204,48460/47126/211194/47125/47124/47605/47604/632790/568277/50204,"48460,47126,211194,47125,47124,47605,47604,632790,568277,50204,1095846",FALSE,FALSE,2020-06-05T17:31:55+00:00,4,2,91756,FALSE,91756,NA,30122,NA,https://en.wikipedia.org/wiki/Bidens_alba,Plantae,White beggarticks,86500140,cc0,"no rights reserved, uploaded by 葉子",https://inaturalist-open-data.s3.amazonaws.com/photos/86500140/square.jpeg,,葉子,https://inaturalist-open-data.s3.amazonaws.com/photos/86500140/square.jpeg,https://inaturalist-open-data.s3.amazonaws.com/photos/86500140/medium.jpeg,1536,2048,3,0,6696865,anipwrites,FALSE,FALSE,2023-04-17T18:29:17+00:00,anipwrites,anipwrites,NA,NA,NA,https://static.inaturalist.org/attachments/users/icons/6696865/thumb.png?1681764240,2744,876,0,3620,511,2724,2744,,1,https://static.inaturalist.org/attachments/users/icons/6696865/medium.png?1681764240,NA,NA,NA,NA,NA,NA,NA,NA,NA,Markham,Bidens alba,Bidens alba | Danaus gilippus
Dione vanillae,https://www.inaturalist.org/observations/156657263,Noelle,Duranta,erecta,Toni,100%,Thomas,NA,NA,NA,NA,NA,NA,NA,NA,NA,NA,NA,NA,NA,NA,NA,,NA,NA,NA,NA,NA,NA,NA,NA,NA,NA,NA,NA,NA,NA,NA,NA,NA,NA,NA,NA,NA,NA,NA,NA,,NA,NA,NA,NA,NA,NA,NA,NA,NA,NA,NA,NA,NA,NA,NA,NA,NA,NA,NA,NA,NA,NA,NA,NA,NA,,NA,NA,NA,NA,NA,NA,NA,NA,NA,NA,NA,Markham,Duranta erecta,Duranta erecta | Dione vanillae
Phyciodes phaon,https://www.inaturalist.org/observations/158222524,Thomas,Spermacoce,verticillata,Lange,100%,NA,NA,NA,NA,NA,NA,NA,NA,NA,NA,NA,NA,NA,NA,NA,NA,,NA,NA,NA,NA,NA,NA,NA,NA,NA,NA,NA,NA,NA,NA,NA,NA,NA,NA,NA,NA,NA,NA,NA,NA,,NA,NA,NA,NA,NA,NA,NA,NA,NA,NA,NA,NA,NA,NA,NA,NA,NA,NA,NA,NA,NA,NA,NA,NA,NA,,NA,NA,NA,NA,NA,NA,NA,NA,NA,NA,NA,Markham,Spermacoce verticillata,Spermacoce verticillata | Phyciodes phaon
Phoebis philea,https://www.inaturalist.org/observations/158226724,Noelle,Lonicera,sempervirens,Toni,100%,Thomas,NA,NA,NA,NA,NA,NA,NA,NA,NA,NA,NA,NA,NA,NA,NA,,NA,NA,NA,NA,NA,NA,NA,NA,NA,NA,NA,NA,NA,NA,NA,NA,NA,NA,NA,NA,NA,NA,NA,NA,,NA,NA,NA,NA,NA,NA,NA,NA,NA,NA,NA,NA,NA,NA,NA,NA,NA,NA,NA,NA,NA,NA,NA,NA,NA,,NA,NA,NA,NA,NA,NA,NA,NA,NA,NA,NA,Markham,Lonicera sempervirens,Lonicera sempervirens | Phoebis philea
Cymaenes tripunctus,https://www.inaturalist.org/observations/158227397,Thomas,Turnera,ulmifolia,Lange,100%,NA,NA,NA,NA,NA,NA,NA,NA,NA,NA,NA,NA,NA,NA,NA,NA,,NA,NA,NA,NA,NA,NA,NA,NA,NA,NA,NA,NA,NA,NA,NA,NA,NA,NA,NA,NA,NA,NA,NA,NA,,NA,NA,NA,NA,NA,NA,NA,NA,NA,NA,NA,NA,NA,NA,NA,NA,NA,NA,NA,NA,NA,NA,NA,NA,NA,,NA,NA,NA,NA,NA,NA,NA,NA,NA,NA,NA,Markham,Turnera ulmifolia,Turnera ulmifolia | Cymaenes tripunctus
Heliconius charithonia,https://www.inaturalist.org/observations/158227629,Noelle,Plumbago,auriculata,Lange,100%,Thomas,NA,NA,NA,NA,NA,NA,NA,NA,NA,NA,NA,NA,NA,NA,NA,,NA,NA,NA,NA,NA,NA,NA,NA,NA,NA,NA,NA,NA,NA,NA,NA,NA,NA,NA,NA,NA,NA,NA,NA,,NA,NA,NA,NA,NA,NA,NA,NA,NA,NA,NA,NA,NA,NA,NA,NA,NA,NA,NA,NA,NA,NA,NA,NA,NA,,NA,NA,NA,NA,NA,NA,NA,NA,NA,NA,NA,Markham,Plumbago auriculata,Plumbago auriculata | Heliconius charithonia
Heliconius charithonia,https://www.inaturalist.org/observations/158929106,Noelle,Heliotropium,angioermum,Toni,100%,Thomas,NA,NA,NA,NA,NA,NA,NA,NA,NA,NA,NA,NA,NA,NA,NA,,NA,NA,NA,NA,NA,NA,NA,NA,NA,NA,NA,NA,NA,NA,NA,NA,NA,NA,NA,NA,NA,NA,NA,NA,,NA,NA,NA,NA,NA,NA,NA,NA,NA,NA,NA,NA,NA,NA,NA,NA,NA,NA,NA,NA,NA,NA,NA,NA,NA,,NA,NA,NA,NA,NA,NA,NA,NA,NA,NA,NA,Markham,Heliotropium angioermum,Heliotropium angioermum | Heliconius charithonia
Ascia monuste,https://www.inaturalist.org/observations/158929126,Noelle,Spermacoce,verticillata,Toni,100%,Thomas,NA,NA,NA,NA,NA,NA,NA,NA,NA,NA,NA,NA,NA,NA,NA,,NA,NA,NA,NA,NA,NA,NA,NA,NA,NA,NA,NA,NA,NA,NA,NA,NA,NA,NA,NA,NA,NA,NA,NA,,NA,NA,NA,NA,NA,NA,NA,NA,NA,NA,NA,NA,NA,NA,NA,NA,NA,NA,NA,NA,NA,NA,NA,NA,NA,,NA,NA,NA,NA,NA,NA,NA,NA,NA,NA,NA,Markham,Spermacoce verticillata,Spermacoce verticillata | Ascia monuste
Phoebis philea,https://www.inaturalist.org/observations/158929130,Noelle,Lonicera,sempervirens,Toni,100%,Thomas,NA,NA,NA,NA,NA,NA,NA,NA,NA,NA,NA,NA,NA,NA,NA,,NA,NA,NA,NA,NA,NA,NA,NA,NA,NA,NA,NA,NA,NA,NA,NA,NA,NA,NA,NA,NA,NA,NA,NA,,NA,NA,NA,NA,NA,NA,NA,NA,NA,NA,NA,NA,NA,NA,NA,NA,NA,NA,NA,NA,NA,NA,NA,NA,NA,,NA,NA,NA,NA,NA,NA,NA,NA,NA,NA,NA,Markham,Lonicera sempervirens,Lonicera sempervirens | Phoebis philea
Danaus plexippus,https://www.inaturalist.org/observations/158929133,Noelle,Bidens,alba,Toni,100%,Thomas,NA,NA,NA,NA,NA,NA,NA,NA,NA,NA,NA,NA,NA,NA,NA,,NA,NA,NA,NA,NA,NA,NA,NA,NA,NA,NA,NA,NA,NA,NA,NA,NA,NA,NA,NA,NA,NA,NA,NA,,NA,NA,NA,NA,NA,NA,NA,NA,NA,NA,NA,NA,NA,NA,NA,NA,NA,NA,NA,NA,NA,NA,NA,NA,NA,,NA,NA,NA,NA,NA,NA,NA,NA,NA,NA,NA,Markham,Bidens alba,Bidens alba | Danaus plexippus
Danaus eresimus,https://www.inaturalist.org/observations/158929145,Noelle,Bidens,alba,Toni,100%,Thomas,NA,NA,NA,NA,NA,NA,NA,NA,NA,NA,NA,NA,NA,NA,NA,,NA,NA,NA,NA,NA,NA,NA,NA,NA,NA,NA,NA,NA,NA,NA,NA,NA,NA,NA,NA,NA,NA,NA,NA,,NA,NA,NA,NA,NA,NA,NA,NA,NA,NA,NA,NA,NA,NA,NA,NA,NA,NA,NA,NA,NA,NA,NA,NA,NA,,NA,NA,NA,NA,NA,NA,NA,NA,NA,NA,NA,Markham,Bidens alba,Bidens alba | Danaus eresimus
Marpesia petreus,https://www.inaturalist.org/observations/158929147,Noelle,Psychotria,nervosa,Toni,100%,Thomas,NA,NA,NA,NA,NA,NA,NA,NA,NA,NA,NA,NA,NA,NA,NA,,NA,NA,NA,NA,NA,NA,NA,NA,NA,NA,NA,NA,NA,NA,NA,NA,NA,NA,NA,NA,NA,NA,NA,NA,,NA,NA,NA,NA,NA,NA,NA,NA,NA,NA,NA,NA,NA,NA,NA,NA,NA,NA,NA,NA,NA,NA,NA,NA,NA,,NA,NA,NA,NA,NA,NA,NA,NA,NA,NA,NA,Markham,Psychotria nervosa,Psychotria nervosa | Marpesia petreus
Burnsius oileus,https://www.inaturalist.org/observations/158929160,MaryJo,Spermacoce,verticillata,Toni,100%,Thomas,NA,NA,NA,NA,NA,NA,NA,NA,NA,NA,NA,NA,NA,NA,NA,,NA,NA,NA,NA,NA,NA,NA,NA,NA,NA,NA,NA,NA,NA,NA,NA,NA,NA,NA,NA,NA,NA,NA,NA,,NA,NA,NA,NA,NA,NA,NA,NA,NA,NA,NA,NA,NA,NA,NA,NA,NA,NA,NA,NA,NA,NA,NA,NA,NA,,NA,NA,NA,NA,NA,NA,NA,NA,NA,NA,NA,Markham,Spermacoce verticillata,Spermacoce verticillata | Burnsius oileus
Hylephila phyleus,https://www.inaturalist.org/observations/158931998,Thomas,Euploca,polyphylla,Lange,100%,NA,NA,NA,NA,NA,NA,NA,NA,NA,NA,NA,NA,NA,NA,NA,NA,,NA,NA,NA,NA,NA,NA,NA,NA,NA,NA,NA,NA,NA,NA,NA,NA,NA,NA,NA,NA,NA,NA,NA,NA,,NA,NA,NA,NA,NA,NA,NA,NA,NA,NA,NA,NA,NA,NA,NA,NA,NA,NA,NA,NA,NA,NA,NA,NA,NA,,NA,NA,NA,NA,NA,NA,NA,NA,NA,NA,NA,Markham,Euploca polyphylla,Euploca polyphylla | Hylephila phyleus
Hylephila phyleus,https://www.inaturalist.org/observations/158932004,Thomas,Euploca,polyphylla,Lange,100%,NA,NA,NA,NA,NA,NA,NA,NA,NA,NA,NA,NA,NA,NA,NA,NA,,NA,NA,NA,NA,NA,NA,NA,NA,NA,NA,NA,NA,NA,NA,NA,NA,NA,NA,NA,NA,NA,NA,NA,NA,,NA,NA,NA,NA,NA,NA,NA,NA,NA,NA,NA,NA,NA,NA,NA,NA,NA,NA,NA,NA,NA,NA,NA,NA,NA,,NA,NA,NA,NA,NA,NA,NA,NA,NA,NA,NA,Markham,Euploca polyphylla,Euploca polyphylla | Hylephila phyleus
Hylephila phyleus,https://www.inaturalist.org/observations/158933255,Thomas,Euploca,polyphylla,Lange,100%,NA,NA,NA,NA,NA,NA,NA,NA,NA,NA,NA,NA,NA,NA,NA,NA,,NA,NA,NA,NA,NA,NA,NA,NA,NA,NA,NA,NA,NA,NA,NA,NA,NA,NA,NA,NA,NA,NA,NA,NA,,NA,NA,NA,NA,NA,NA,NA,NA,NA,NA,NA,NA,NA,NA,NA,NA,NA,NA,NA,NA,NA,NA,NA,NA,NA,,NA,NA,NA,NA,NA,NA,NA,NA,NA,NA,NA,Markham,Euploca polyphylla,Euploca polyphylla | Hylephila phyleus
Dione vanillae,https://www.inaturalist.org/observations/158933269,MaryJo,Bidens,alba,Toni,100%,Thomas,NA,NA,NA,NA,NA,NA,NA,NA,NA,NA,NA,NA,NA,NA,NA,,NA,NA,NA,NA,NA,NA,NA,NA,NA,NA,NA,NA,NA,NA,NA,NA,NA,NA,NA,NA,NA,NA,NA,NA,,NA,NA,NA,NA,NA,NA,NA,NA,NA,NA,NA,NA,NA,NA,NA,NA,NA,NA,NA,NA,NA,NA,NA,NA,NA,,NA,NA,NA,NA,NA,NA,NA,NA,NA,NA,NA,Markham,Bidens alba,Bidens alba | Dione vanillae
Erynnis horatius,https://www.inaturalist.org/observations/158933270,MaryJo,Psychotria,nervosa,Toni,100%,Thomas,NA,NA,NA,NA,NA,NA,NA,NA,NA,NA,NA,NA,NA,NA,NA,,NA,NA,NA,NA,NA,NA,NA,NA,NA,NA,NA,NA,NA,NA,NA,NA,NA,NA,NA,NA,NA,NA,NA,NA,,NA,NA,NA,NA,NA,NA,NA,NA,NA,NA,NA,NA,NA,NA,NA,NA,NA,NA,NA,NA,NA,NA,NA,NA,NA,,NA,NA,NA,NA,NA,NA,NA,NA,NA,NA,NA,Markham,Psychotria nervosa,Psychotria nervosa | Erynnis horatius
Apis mellifera,https://www.inaturalist.org/observations/160555977,Thomas,Coccoloba,uvifera,Toni,100%,NA,NA,NA,NA,NA,NA,NA,NA,NA,NA,NA,NA,NA,NA,NA,NA,,NA,NA,NA,NA,NA,NA,NA,NA,NA,NA,NA,NA,NA,NA,NA,NA,NA,NA,NA,NA,NA,NA,NA,NA,,NA,NA,NA,NA,NA,NA,NA,NA,NA,NA,NA,NA,NA,NA,NA,NA,NA,NA,NA,NA,NA,NA,NA,NA,NA,,NA,NA,NA,NA,NA,NA,NA,NA,NA,NA,NA,Quiet Waters,Coccoloba uvifera,Coccoloba uvifera | Apis mellifera
Eurema daira,https://www.inaturalist.org/observations/160673287,Thomas,Richardia,grandiflora,Lange,100%,NA,NA,NA,NA,NA,NA,NA,NA,NA,NA,NA,NA,NA,NA,NA,NA,,NA,NA,NA,NA,NA,NA,NA,NA,NA,NA,NA,NA,NA,NA,NA,NA,NA,NA,NA,NA,NA,NA,NA,NA,,NA,NA,NA,NA,NA,NA,NA,NA,NA,NA,NA,NA,NA,NA,NA,NA,NA,NA,NA,NA,NA,NA,NA,NA,NA,,NA,NA,NA,NA,NA,NA,NA,NA,NA,NA,NA,Quiet Waters,Richardia grandiflora,Richardia grandiflora | Eurema daira
Marpesia petreus,https://www.inaturalist.org/observations/160673327,Thomas,Coccoloba,uvifera,Lange,100%,NA,NA,NA,NA,NA,NA,NA,NA,NA,NA,NA,NA,NA,NA,NA,NA,,NA,NA,NA,NA,NA,NA,NA,NA,NA,NA,NA,NA,NA,NA,NA,NA,NA,NA,NA,NA,NA,NA,NA,NA,,NA,NA,NA,NA,NA,NA,NA,NA,NA,NA,NA,NA,NA,NA,NA,NA,NA,NA,NA,NA,NA,NA,NA,NA,NA,,NA,NA,NA,NA,NA,NA,NA,NA,NA,NA,NA,Quiet Waters,Coccoloba uvifera,Coccoloba uvifera | Marpesia petreus
Anartia jatrophae,https://www.inaturalist.org/observations/164079480,MaryJo,Chrysobalanus,icaco,Lange,100%,Thomas,NA,NA,NA,NA,NA,NA,NA,NA,NA,NA,NA,NA,NA,NA,NA,,NA,NA,NA,NA,NA,NA,NA,NA,NA,NA,NA,NA,NA,NA,NA,NA,NA,NA,NA,NA,NA,NA,NA,NA,,NA,NA,NA,NA,NA,NA,NA,NA,NA,NA,NA,NA,NA,NA,NA,NA,NA,NA,NA,NA,NA,NA,NA,NA,NA,,NA,NA,NA,NA,NA,NA,NA,NA,NA,NA,NA,Markham,Chrysobalanus icaco,Chrysobalanus icaco | Anartia jatrophae
Heliconius charithonia,https://www.inaturalist.org/observations/164168314,MaryJo,Hamelia,patens,Toni,100%,Thomas,NA,NA,NA,NA,NA,NA,NA,NA,NA,NA,NA,NA,NA,NA,NA,,NA,NA,NA,NA,NA,NA,NA,NA,NA,NA,NA,NA,NA,NA,NA,NA,NA,NA,NA,NA,NA,NA,NA,NA,,NA,NA,NA,NA,NA,NA,NA,NA,NA,NA,NA,NA,NA,NA,NA,NA,NA,NA,NA,NA,NA,NA,NA,NA,NA,,NA,NA,NA,NA,NA,NA,NA,NA,NA,NA,NA,Markham,Hamelia patens,Hamelia patens | Heliconius charithonia
Phoebis sennae,https://www.inaturalist.org/observations/164879313,MaryJo,Richardia,grandiflora,Toni,100%,Thomas,NA,NA,NA,NA,NA,NA,NA,NA,NA,NA,NA,NA,NA,NA,NA,,NA,NA,NA,NA,NA,NA,NA,NA,NA,NA,NA,NA,NA,NA,NA,NA,NA,NA,NA,NA,NA,NA,NA,NA,,NA,NA,NA,NA,NA,NA,NA,NA,NA,NA,NA,NA,NA,NA,NA,NA,NA,NA,NA,NA,NA,NA,NA,NA,NA,,NA,NA,NA,NA,NA,NA,NA,NA,NA,NA,NA,Markham,Richardia grandiflora,Richardia grandiflora | Phoebis sennae
Urbanus proteus,https://www.inaturalist.org/observations/165204751,MaryJo,Richardia,grandiflora,Toni,100%,Thomas,NA,NA,NA,NA,NA,NA,NA,NA,NA,NA,NA,NA,NA,NA,NA,,NA,NA,NA,NA,NA,NA,NA,NA,NA,NA,NA,NA,NA,NA,NA,NA,NA,NA,NA,NA,NA,NA,NA,NA,,NA,NA,NA,NA,NA,NA,NA,NA,NA,NA,NA,NA,NA,NA,NA,NA,NA,NA,NA,NA,NA,NA,NA,NA,NA,,NA,NA,NA,NA,NA,NA,NA,NA,NA,NA,NA,Markham,Richardia grandiflora,Richardia grandiflora | Urbanus proteus
Papilio polyxenes,https://www.inaturalist.org/observations/165429112,Thomas,Cirsium,nuttallii,Lange,100%,NA,NA,NA,NA,NA,NA,NA,NA,NA,NA,NA,NA,NA,NA,NA,NA,,NA,NA,NA,NA,NA,NA,NA,NA,NA,NA,NA,NA,NA,NA,NA,NA,NA,NA,NA,NA,NA,NA,NA,NA,,NA,NA,NA,NA,NA,NA,NA,NA,NA,NA,NA,NA,NA,NA,NA,NA,NA,NA,NA,NA,NA,NA,NA,NA,NA,,NA,NA,NA,NA,NA,NA,NA,NA,NA,NA,NA,Markham,Cirsium nuttallii,Cirsium nuttallii | Papilio polyxenes
Halictus poeyi,https://www.inaturalist.org/observations/165429292,Thomas,Cirsium,nuttallii,Lange,100%,NA,NA,NA,NA,NA,NA,NA,NA,NA,NA,NA,NA,NA,NA,NA,NA,,NA,NA,NA,NA,NA,NA,NA,NA,NA,NA,NA,NA,NA,NA,NA,NA,NA,NA,NA,NA,NA,NA,NA,NA,,NA,NA,NA,NA,NA,NA,NA,NA,NA,NA,NA,NA,NA,NA,NA,NA,NA,NA,NA,NA,NA,NA,NA,NA,NA,,NA,NA,NA,NA,NA,NA,NA,NA,NA,NA,NA,Markham,Cirsium nuttallii,Cirsium nuttallii | Halictus poeyi
Phoebis sennae,https://www.inaturalist.org/observations/165598504,MaryJo,Richardia,grandiflora,Toni,100%,Thomas,NA,NA,NA,NA,NA,NA,NA,NA,NA,NA,NA,NA,NA,NA,NA,,NA,NA,NA,NA,NA,NA,NA,NA,NA,NA,NA,NA,NA,NA,NA,NA,NA,NA,NA,NA,NA,NA,NA,NA,,NA,NA,NA,NA,NA,NA,NA,NA,NA,NA,NA,NA,NA,NA,NA,NA,NA,NA,NA,NA,NA,NA,NA,NA,NA,,NA,NA,NA,NA,NA,NA,NA,NA,NA,NA,NA,Markham,Richardia grandiflora,Richardia grandiflora | Phoebis sennae
Leptotes cassius,https://www.inaturalist.org/observations/165599169,Thomas,Bidens,alba,Toni,100%,NA,NA,NA,NA,NA,NA,NA,NA,NA,NA,NA,NA,NA,NA,NA,NA,,NA,NA,NA,NA,NA,NA,NA,NA,NA,NA,NA,NA,NA,NA,NA,NA,NA,NA,NA,NA,NA,NA,NA,NA,,NA,NA,NA,NA,NA,NA,NA,NA,NA,NA,NA,NA,NA,NA,NA,NA,NA,NA,NA,NA,NA,NA,NA,NA,NA,,NA,NA,NA,NA,NA,NA,NA,NA,NA,NA,NA,Markham,Bidens alba,Bidens alba | Leptotes cassius
Thorybes dorantes,https://www.inaturalist.org/observations/165898347,Lucas,Bidens,alba,Toni,100%,Thomas,NA,NA,NA,NA,NA,NA,NA,NA,NA,NA,NA,NA,NA,NA,NA,,NA,NA,NA,NA,NA,NA,NA,NA,NA,NA,NA,NA,NA,NA,NA,NA,NA,NA,NA,NA,NA,NA,NA,NA,,NA,NA,NA,NA,NA,NA,NA,NA,NA,NA,NA,NA,NA,NA,NA,NA,NA,NA,NA,NA,NA,NA,NA,NA,NA,,NA,NA,NA,NA,NA,NA,NA,NA,NA,NA,NA,Markham,Bidens alba,Bidens alba | Thorybes dorantes
Poecilanthrax lucifer,https://www.inaturalist.org/observations/166850678,Thomas,Bidens,alba,Lange,100%,NA,NA,NA,NA,NA,NA,NA,NA,NA,NA,NA,NA,NA,NA,NA,NA,,NA,NA,NA,NA,NA,NA,NA,NA,NA,NA,NA,NA,NA,NA,NA,NA,NA,NA,NA,NA,NA,NA,NA,NA,,NA,NA,NA,NA,NA,NA,NA,NA,NA,NA,NA,NA,NA,NA,NA,NA,NA,NA,NA,NA,NA,NA,NA,NA,NA,,NA,NA,NA,NA,NA,NA,NA,NA,NA,NA,NA,Quiet Waters,Bidens alba,Bidens alba | Poecilanthrax lucifer
Heliconius charithonia,https://www.inaturalist.org/observations/168483577,Noelle,Hamelia,patens,Toni,100%,Thomas,NA,NA,NA,NA,NA,NA,NA,NA,NA,NA,NA,NA,NA,NA,NA,,NA,NA,NA,NA,NA,NA,NA,NA,NA,NA,NA,NA,NA,NA,NA,NA,NA,NA,NA,NA,NA,NA,NA,NA,,NA,NA,NA,NA,NA,NA,NA,NA,NA,NA,NA,NA,NA,NA,NA,NA,NA,NA,NA,NA,NA,NA,NA,NA,NA,,NA,NA,NA,NA,NA,NA,NA,NA,NA,NA,NA,Long Key,Hamelia patens,Hamelia patens | Heliconius charithonia
Papilio palamedes,https://www.inaturalist.org/observations/168483674,Thomas,Pentas,lanceolata,Lange,100%,NA,NA,NA,NA,NA,NA,NA,NA,NA,NA,NA,NA,NA,NA,NA,NA,,NA,NA,NA,NA,NA,NA,NA,NA,NA,NA,NA,NA,NA,NA,NA,NA,NA,NA,NA,NA,NA,NA,NA,NA,,NA,NA,NA,NA,NA,NA,NA,NA,NA,NA,NA,NA,NA,NA,NA,NA,NA,NA,NA,NA,NA,NA,NA,NA,NA,,NA,NA,NA,NA,NA,NA,NA,NA,NA,NA,NA,Long Key,Pentas lanceolata,Pentas lanceolata | Papilio palamedes
Polites otho,https://www.inaturalist.org/observations/168500220,Thomas,Bidens,alba,Lange,100%,NA,NA,NA,NA,NA,NA,NA,NA,NA,NA,NA,NA,NA,NA,NA,NA,,NA,NA,NA,NA,NA,NA,NA,NA,NA,NA,NA,NA,NA,NA,NA,NA,NA,NA,NA,NA,NA,NA,NA,NA,,NA,NA,NA,NA,NA,NA,NA,NA,NA,NA,NA,NA,NA,NA,NA,NA,NA,NA,NA,NA,NA,NA,NA,NA,NA,,NA,NA,NA,NA,NA,NA,NA,NA,NA,NA,NA,Long Key,Bidens alba,Bidens alba | Polites otho
Dione vanillae,https://www.inaturalist.org/observations/168500269,Noelle,Spermacoce,verticillata,Toni,100%,Thomas,NA,NA,NA,NA,NA,NA,NA,NA,NA,NA,NA,NA,NA,NA,NA,,NA,NA,NA,NA,NA,NA,NA,NA,NA,NA,NA,NA,NA,NA,NA,NA,NA,NA,NA,NA,NA,NA,NA,NA,,NA,NA,NA,NA,NA,NA,NA,NA,NA,NA,NA,NA,NA,NA,NA,NA,NA,NA,NA,NA,NA,NA,NA,NA,NA,,NA,NA,NA,NA,NA,NA,NA,NA,NA,NA,NA,Long Key,Spermacoce verticillata,Spermacoce verticillata | Dione vanillae
Polites otho,https://www.inaturalist.org/observations/168500780,Noelle,Bidens,alba,Lange,100%,Thomas,NA,NA,NA,NA,NA,NA,NA,NA,NA,NA,NA,NA,NA,NA,NA,,NA,NA,NA,NA,NA,NA,NA,NA,NA,NA,NA,NA,NA,NA,NA,NA,NA,NA,NA,NA,NA,NA,NA,NA,,NA,NA,NA,NA,NA,NA,NA,NA,NA,NA,NA,NA,NA,NA,NA,NA,NA,NA,NA,NA,NA,NA,NA,NA,NA,,NA,NA,NA,NA,NA,NA,NA,NA,NA,NA,NA,Long Key,Bidens alba,Bidens alba | Polites otho
Dryas iulia,https://www.inaturalist.org/observations/168500828,Noelle,Bidens,alba,Toni,100%,Thomas,NA,NA,NA,NA,NA,NA,NA,NA,NA,NA,NA,NA,NA,NA,NA,,NA,NA,NA,NA,NA,NA,NA,NA,NA,NA,NA,NA,NA,NA,NA,NA,NA,NA,NA,NA,NA,NA,NA,NA,,NA,NA,NA,NA,NA,NA,NA,NA,NA,NA,NA,NA,NA,NA,NA,NA,NA,NA,NA,NA,NA,NA,NA,NA,NA,,NA,NA,NA,NA,NA,NA,NA,NA,NA,NA,NA,Long Key,Bidens alba,Bidens alba | Dryas iulia
Hylephila phyleus,https://www.inaturalist.org/observations/168500862,Noelle,Bidens,alba,Toni,100%,Thomas,NA,NA,NA,NA,NA,NA,NA,NA,NA,NA,NA,NA,NA,NA,NA,,NA,NA,NA,NA,NA,NA,NA,NA,NA,NA,NA,NA,NA,NA,NA,NA,NA,NA,NA,NA,NA,NA,NA,NA,,NA,NA,NA,NA,NA,NA,NA,NA,NA,NA,NA,NA,NA,NA,NA,NA,NA,NA,NA,NA,NA,NA,NA,NA,NA,,NA,NA,NA,NA,NA,NA,NA,NA,NA,NA,NA,Long Key,Bidens alba,Bidens alba | Hylephila phyleus
Hymenia perspectalis,https://www.inaturalist.org/observations/168500922,Noelle,Bidens,alba,Toni,100%,Thomas,NA,NA,NA,NA,NA,NA,NA,NA,NA,NA,NA,NA,NA,NA,NA,,NA,NA,NA,NA,NA,NA,NA,NA,NA,NA,NA,NA,NA,NA,NA,NA,NA,NA,NA,NA,NA,NA,NA,NA,,NA,NA,NA,NA,NA,NA,NA,NA,NA,NA,NA,NA,NA,NA,NA,NA,NA,NA,NA,NA,NA,NA,NA,NA,NA,,NA,NA,NA,NA,NA,NA,NA,NA,NA,NA,NA,Long Key,Bidens alba,Bidens alba | Hymenia perspectalis
Halictus poeyi,https://www.inaturalist.org/observations/168500990,Thomas,Bidens,alba,Lange,100%,NA,NA,NA,NA,NA,NA,NA,NA,NA,NA,NA,NA,NA,NA,NA,NA,,NA,NA,NA,NA,NA,NA,NA,NA,NA,NA,NA,NA,NA,NA,NA,NA,NA,NA,NA,NA,NA,NA,NA,NA,,NA,NA,NA,NA,NA,NA,NA,NA,NA,NA,NA,NA,NA,NA,NA,NA,NA,NA,NA,NA,NA,NA,NA,NA,NA,,NA,NA,NA,NA,NA,NA,NA,NA,NA,NA,NA,Long Key,Bidens alba,Bidens alba | Halictus poeyi
Strymon istapa,https://www.inaturalist.org/observations/169686986,Thomas,Sphagneticola,trilobata,Lange,100%,NA,NA,NA,NA,NA,NA,NA,NA,NA,NA,NA,NA,NA,NA,NA,NA,,NA,NA,NA,NA,NA,NA,NA,NA,NA,NA,NA,NA,NA,NA,NA,NA,NA,NA,NA,NA,NA,NA,NA,NA,,NA,NA,NA,NA,NA,NA,NA,NA,NA,NA,NA,NA,NA,NA,NA,NA,NA,NA,NA,NA,NA,NA,NA,NA,NA,,NA,NA,NA,NA,NA,NA,NA,NA,NA,NA,NA,Quiet Waters,Sphagneticola trilobata,Sphagneticola trilobata | Strymon istapa
Dryas iulia,https://www.inaturalist.org/observations/170919040,Thomas,Pluchea,carolinensis,Lange,100%,NA,NA,NA,NA,NA,NA,NA,NA,NA,NA,NA,NA,NA,NA,NA,NA,,NA,NA,NA,NA,NA,NA,NA,NA,NA,NA,NA,NA,NA,NA,NA,NA,NA,NA,NA,NA,NA,NA,NA,NA,,NA,NA,NA,NA,NA,NA,NA,NA,NA,NA,NA,NA,NA,NA,NA,NA,NA,NA,NA,NA,NA,NA,NA,NA,NA,,NA,NA,NA,NA,NA,NA,NA,NA,NA,NA,NA,Markham,Pluchea carolinensis,Pluchea carolinensis | Dryas iulia
Heliconius charithonia,https://www.inaturalist.org/observations/171268701,MaryJo,Hamelia,patens,Toni,100%,Thomas,NA,NA,NA,NA,NA,NA,NA,NA,NA,NA,NA,NA,NA,NA,NA,,NA,NA,NA,NA,NA,NA,NA,NA,NA,NA,NA,NA,NA,NA,NA,NA,NA,NA,NA,NA,NA,NA,NA,NA,,NA,NA,NA,NA,NA,NA,NA,NA,NA,NA,NA,NA,NA,NA,NA,NA,NA,NA,NA,NA,NA,NA,NA,NA,NA,,NA,NA,NA,NA,NA,NA,NA,NA,NA,NA,NA,Markham,Hamelia patens,Hamelia patens | Heliconius charithonia
Phyciodes phaon,https://www.inaturalist.org/observations/171271152,Thomas,Phyla,nodiflora,Lange,100%,NA,NA,NA,NA,NA,NA,NA,NA,NA,NA,NA,NA,NA,NA,NA,NA,,NA,NA,NA,NA,NA,NA,NA,NA,NA,NA,NA,NA,NA,NA,NA,NA,NA,NA,NA,NA,NA,NA,NA,NA,,NA,NA,NA,NA,NA,NA,NA,NA,NA,NA,NA,NA,NA,NA,NA,NA,NA,NA,NA,NA,NA,NA,NA,NA,NA,,NA,NA,NA,NA,NA,NA,NA,NA,NA,NA,NA,Markham,Phyla nodiflora,Phyla nodiflora | Phyciodes phaon
Anartia jatrophae,https://www.inaturalist.org/observations/172050079,MaryJo,Sphagneticola,trilobata,Lange,100%,Thomas,NA,NA,NA,NA,NA,NA,NA,NA,NA,NA,NA,NA,NA,NA,NA,,NA,NA,NA,NA,NA,NA,NA,NA,NA,NA,NA,NA,NA,NA,NA,NA,NA,NA,NA,NA,NA,NA,NA,NA,,NA,NA,NA,NA,NA,NA,NA,NA,NA,NA,NA,NA,NA,NA,NA,NA,NA,NA,NA,NA,NA,NA,NA,NA,NA,,NA,NA,NA,NA,NA,NA,NA,NA,NA,NA,NA,Markham,Sphagneticola trilobata,Sphagneticola trilobata | Anartia jatrophae
Oligoria maculata,https://www.inaturalist.org/observations/172554051,Thomas,Ruellia,simplex,Lange,100%,NA,NA,NA,NA,NA,NA,NA,NA,NA,NA,NA,NA,NA,NA,NA,NA,,NA,NA,NA,NA,NA,NA,NA,NA,NA,NA,NA,NA,NA,NA,NA,NA,NA,NA,NA,NA,NA,NA,NA,NA,,NA,NA,NA,NA,NA,NA,NA,NA,NA,NA,NA,NA,NA,NA,NA,NA,NA,NA,NA,NA,NA,NA,NA,NA,NA,,NA,NA,NA,NA,NA,NA,NA,NA,NA,NA,NA,Markham,Ruellia simplex,Ruellia simplex | Oligoria maculata
Urbanus proteus,https://www.inaturalist.org/observations/173322158,MaryJo,Richardia,grandiflora,Toni,100%,Thomas,NA,NA,NA,NA,NA,NA,NA,NA,NA,NA,NA,NA,NA,NA,NA,,NA,NA,NA,NA,NA,NA,NA,NA,NA,NA,NA,NA,NA,NA,NA,NA,NA,NA,NA,NA,NA,NA,NA,NA,,NA,NA,NA,NA,NA,NA,NA,NA,NA,NA,NA,NA,NA,NA,NA,NA,NA,NA,NA,NA,NA,NA,NA,NA,NA,,NA,NA,NA,NA,NA,NA,NA,NA,NA,NA,NA,Markham,Richardia grandiflora,Richardia grandiflora | Urbanus proteus
Dione vanillae,https://www.inaturalist.org/observations/174896100,Thomas,Stachytarpheta,jamaicensis,Lange,100%,NA,NA,NA,NA,NA,NA,NA,NA,NA,NA,NA,NA,NA,NA,NA,NA,,NA,NA,NA,NA,NA,NA,NA,NA,NA,NA,NA,NA,NA,NA,NA,NA,NA,NA,NA,NA,NA,NA,NA,NA,,NA,NA,NA,NA,NA,NA,NA,NA,NA,NA,NA,NA,NA,NA,NA,NA,NA,NA,NA,NA,NA,NA,NA,NA,NA,,NA,NA,NA,NA,NA,NA,NA,NA,NA,NA,NA,Markham,Stachytarpheta jamaicensis,Stachytarpheta jamaicensis | Dione vanillae
Anartia jatrophae,https://www.inaturalist.org/observations/178880468,MaryJo,Phyla,nodiflora,Toni,100%,Thomas,NA,NA,NA,NA,NA,NA,NA,NA,NA,NA,NA,NA,NA,NA,NA,,NA,NA,NA,NA,NA,NA,NA,NA,NA,NA,NA,NA,NA,NA,NA,NA,NA,NA,NA,NA,NA,NA,NA,NA,,NA,NA,NA,NA,NA,NA,NA,NA,NA,NA,NA,NA,NA,NA,NA,NA,NA,NA,NA,NA,NA,NA,NA,NA,NA,,NA,NA,NA,NA,NA,NA,NA,NA,NA,NA,NA,Markham,Phyla nodiflora,Phyla nodiflora | Anartia jatrophae
Heliconius charithonia,https://www.inaturalist.org/observations/178880537,MaryJo,Hamelia,patens,Toni,100%,Thomas,NA,NA,NA,NA,NA,NA,NA,NA,NA,NA,NA,NA,NA,NA,NA,,NA,NA,NA,NA,NA,NA,NA,NA,NA,NA,NA,NA,NA,NA,NA,NA,NA,NA,NA,NA,NA,NA,NA,NA,,NA,NA,NA,NA,NA,NA,NA,NA,NA,NA,NA,NA,NA,NA,NA,NA,NA,NA,NA,NA,NA,NA,NA,NA,NA,,NA,NA,NA,NA,NA,NA,NA,NA,NA,NA,NA,Markham,Hamelia patens,Hamelia patens | Heliconius charithonia
Heliconius charithonia,https://www.inaturalist.org/observations/181249566,MaryJo,Hamelia,patens,Toni,100%,Thomas,NA,NA,NA,NA,NA,NA,NA,NA,NA,NA,NA,NA,NA,NA,NA,,NA,NA,NA,NA,NA,NA,NA,NA,NA,NA,NA,NA,NA,NA,NA,NA,NA,NA,NA,NA,NA,NA,NA,NA,,NA,NA,NA,NA,NA,NA,NA,NA,NA,NA,NA,NA,NA,NA,NA,NA,NA,NA,NA,NA,NA,NA,NA,NA,NA,,NA,NA,NA,NA,NA,NA,NA,NA,NA,NA,NA,Markham,Hamelia patens,Hamelia patens | Heliconius charithonia
Eurema daira,https://www.inaturalist.org/observations/181251129,Thomas,Phyla,nodiflora,Lange,100%,NA,NA,NA,NA,NA,NA,NA,NA,NA,NA,NA,NA,NA,NA,NA,NA,,NA,NA,NA,NA,NA,NA,NA,NA,NA,NA,NA,NA,NA,NA,NA,NA,NA,NA,NA,NA,NA,NA,NA,NA,,NA,NA,NA,NA,NA,NA,NA,NA,NA,NA,NA,NA,NA,NA,NA,NA,NA,NA,NA,NA,NA,NA,NA,NA,NA,,NA,NA,NA,NA,NA,NA,NA,NA,NA,NA,NA,Markham,Phyla nodiflora,Phyla nodiflora | Eurema daira
Anartia jatrophae,https://www.inaturalist.org/observations/181391831,MaryJo,Chromolaena,odorata,Lange,100%,Thomas,NA,NA,NA,NA,NA,NA,NA,NA,NA,NA,NA,NA,NA,NA,NA,,NA,NA,NA,NA,NA,NA,NA,NA,NA,NA,NA,NA,NA,NA,NA,NA,NA,NA,NA,NA,NA,NA,NA,NA,,NA,NA,NA,NA,NA,NA,NA,NA,NA,NA,NA,NA,NA,NA,NA,NA,NA,NA,NA,NA,NA,NA,NA,NA,NA,,NA,NA,NA,NA,NA,NA,NA,NA,NA,NA,NA,Markham,Chromolaena odorata,Chromolaena odorata | Anartia jatrophae
Anartia jatrophae,https://www.inaturalist.org/observations/181552297,MaryJo,Bidens,alba,Toni,100%,Thomas,NA,NA,NA,NA,NA,NA,NA,NA,NA,NA,NA,NA,NA,NA,NA,,NA,NA,NA,NA,NA,NA,NA,NA,NA,NA,NA,NA,NA,NA,NA,NA,NA,NA,NA,NA,NA,NA,NA,NA,,NA,NA,NA,NA,NA,NA,NA,NA,NA,NA,NA,NA,NA,NA,NA,NA,NA,NA,NA,NA,NA,NA,NA,NA,NA,,NA,NA,NA,NA,NA,NA,NA,NA,NA,NA,NA,Markham,Bidens alba,Bidens alba | Anartia jatrophae
Halictus poeyi,https://www.inaturalist.org/observations/181677702,Thomas,Bidens,alba,Lange,100%,NA,NA,NA,NA,NA,NA,NA,NA,NA,NA,NA,NA,NA,NA,NA,NA,,NA,NA,NA,NA,NA,NA,NA,NA,NA,NA,NA,NA,NA,NA,NA,NA,NA,NA,NA,NA,NA,NA,NA,NA,,NA,NA,NA,NA,NA,NA,NA,NA,NA,NA,NA,NA,NA,NA,NA,NA,NA,NA,NA,NA,NA,NA,NA,NA,NA,,NA,NA,NA,NA,NA,NA,NA,NA,NA,NA,NA,Markham,Bidens alba,Bidens alba | Halictus poeyi
Anartia jatrophae,https://www.inaturalist.org/observations/181818576,MaryJo,Bidens,alba,Lange,100%,Thomas,NA,NA,NA,NA,NA,NA,NA,NA,NA,NA,NA,NA,NA,NA,NA,,NA,NA,NA,NA,NA,NA,NA,NA,NA,NA,NA,NA,NA,NA,NA,NA,NA,NA,NA,NA,NA,NA,NA,NA,,NA,NA,NA,NA,NA,NA,NA,NA,NA,NA,NA,NA,NA,NA,NA,NA,NA,NA,NA,NA,NA,NA,NA,NA,NA,,NA,NA,NA,NA,NA,NA,NA,NA,NA,NA,NA,Markham,Bidens alba,Bidens alba | Anartia jatrophae
Heliconius charithonia,https://www.inaturalist.org/observations/181818637,MaryJo,Hamelia,patens,Toni,100%,Thomas,NA,NA,NA,NA,NA,NA,NA,NA,NA,NA,NA,NA,NA,NA,NA,,NA,NA,NA,NA,NA,NA,NA,NA,NA,NA,NA,NA,NA,NA,NA,NA,NA,NA,NA,NA,NA,NA,NA,NA,,NA,NA,NA,NA,NA,NA,NA,NA,NA,NA,NA,NA,NA,NA,NA,NA,NA,NA,NA,NA,NA,NA,NA,NA,NA,,NA,NA,NA,NA,NA,NA,NA,NA,NA,NA,NA,Markham,Hamelia patens,Hamelia patens | Heliconius charithonia
Danaus eresimus,https://www.inaturalist.org/observations/181819252,Thomas,Ageratum,conyzoides,Lange,100%,NA,NA,NA,NA,NA,NA,NA,NA,NA,NA,NA,NA,NA,NA,NA,NA,,NA,NA,NA,NA,NA,NA,NA,NA,NA,NA,NA,NA,NA,NA,NA,NA,NA,NA,NA,NA,NA,NA,NA,NA,,NA,NA,NA,NA,NA,NA,NA,NA,NA,NA,NA,NA,NA,NA,NA,NA,NA,NA,NA,NA,NA,NA,NA,NA,NA,,NA,NA,NA,NA,NA,NA,NA,NA,NA,NA,NA,Markham,Ageratum conyzoides,Ageratum conyzoides | Danaus eresimus
Danaus eresimus,https://www.inaturalist.org/observations/181819391,MaryJo,Jatropha,integerrima,Toni,100%,Thomas,NA,NA,NA,NA,NA,NA,NA,NA,NA,NA,NA,NA,NA,NA,NA,,NA,NA,NA,NA,NA,NA,NA,NA,NA,NA,NA,NA,NA,NA,NA,NA,NA,NA,NA,NA,NA,NA,NA,NA,,NA,NA,NA,NA,NA,NA,NA,NA,NA,NA,NA,NA,NA,NA,NA,NA,NA,NA,NA,NA,NA,NA,NA,NA,NA,,NA,NA,NA,NA,NA,NA,NA,NA,NA,NA,NA,Markham,Jatropha integerrima,Jatropha integerrima | Danaus eresimus
Danaus plexippus,https://www.inaturalist.org/observations/181819543,MaryJo,Jatropha,integerrima,Toni,100%,Thomas,NA,NA,NA,NA,NA,NA,NA,NA,NA,NA,NA,NA,NA,NA,NA,,NA,NA,NA,NA,NA,NA,NA,NA,NA,NA,NA,NA,NA,NA,NA,NA,NA,NA,NA,NA,NA,NA,NA,NA,,NA,NA,NA,NA,NA,NA,NA,NA,NA,NA,NA,NA,NA,NA,NA,NA,NA,NA,NA,NA,NA,NA,NA,NA,NA,,NA,NA,NA,NA,NA,NA,NA,NA,NA,NA,NA,Markham,Jatropha integerrima,Jatropha integerrima | Danaus plexippus
Danaus plexippus,https://www.inaturalist.org/observations/181819696,MaryJo,Asclepias,curassavica,Toni,100%,Thomas,NA,NA,NA,NA,NA,NA,NA,NA,NA,NA,NA,NA,NA,NA,NA,,NA,NA,NA,NA,NA,NA,NA,NA,NA,NA,NA,NA,NA,NA,NA,NA,NA,NA,NA,NA,NA,NA,NA,NA,,NA,NA,NA,NA,NA,NA,NA,NA,NA,NA,NA,NA,NA,NA,NA,NA,NA,NA,NA,NA,NA,NA,NA,NA,NA,,NA,NA,NA,NA,NA,NA,NA,NA,NA,NA,NA,Markham,Asclepias curassavica,Asclepias curassavica | Danaus plexippus
Heliconius charithonia,https://www.inaturalist.org/observations/181821006,MaryJo,Bidens,alba,Toni,100%,Thomas,NA,NA,NA,NA,NA,NA,NA,NA,NA,NA,NA,NA,NA,NA,NA,,NA,NA,NA,NA,NA,NA,NA,NA,NA,NA,NA,NA,NA,NA,NA,NA,NA,NA,NA,NA,NA,NA,NA,NA,,NA,NA,NA,NA,NA,NA,NA,NA,NA,NA,NA,NA,NA,NA,NA,NA,NA,NA,NA,NA,NA,NA,NA,NA,NA,,NA,NA,NA,NA,NA,NA,NA,NA,NA,NA,NA,Markham,Bidens alba,Bidens alba | Heliconius charithonia
Erynnis horatius,https://www.inaturalist.org/observations/182470976,Lucas,Bidens,alba,Toni,100%,Thomas,NA,NA,NA,NA,NA,NA,NA,NA,NA,NA,NA,NA,NA,NA,NA,,NA,NA,NA,NA,NA,NA,NA,NA,NA,NA,NA,NA,NA,NA,NA,NA,NA,NA,NA,NA,NA,NA,NA,NA,,NA,NA,NA,NA,NA,NA,NA,NA,NA,NA,NA,NA,NA,NA,NA,NA,NA,NA,NA,NA,NA,NA,NA,NA,NA,,NA,NA,NA,NA,NA,NA,NA,NA,NA,NA,NA,Quiet Waters,Bidens alba,Bidens alba | Erynnis horatius
Erynnis horatius,https://www.inaturalist.org/observations/182471022,Thomas,Bidens,alba,Toni,100%,Thomas,NA,NA,NA,NA,NA,NA,NA,NA,NA,NA,NA,NA,NA,NA,NA,,NA,NA,NA,NA,NA,NA,NA,NA,NA,NA,NA,NA,NA,NA,NA,NA,NA,NA,NA,NA,NA,NA,NA,NA,,NA,NA,NA,NA,NA,NA,NA,NA,NA,NA,NA,NA,NA,NA,NA,NA,NA,NA,NA,NA,NA,NA,NA,NA,NA,,NA,NA,NA,NA,NA,NA,NA,NA,NA,NA,NA,Quiet Waters,Bidens alba,Bidens alba | Erynnis horatius
Apis mellifera,https://www.inaturalist.org/observations/182471698,Lucas,Hamelia,patens,Toni,100%,Thomas,NA,NA,NA,NA,NA,NA,NA,NA,NA,NA,NA,NA,NA,NA,NA,,NA,NA,NA,NA,NA,NA,NA,NA,NA,NA,NA,NA,NA,NA,NA,NA,NA,NA,NA,NA,NA,NA,NA,NA,,NA,NA,NA,NA,NA,NA,NA,NA,NA,NA,NA,NA,NA,NA,NA,NA,NA,NA,NA,NA,NA,NA,NA,NA,NA,,NA,NA,NA,NA,NA,NA,NA,NA,NA,NA,NA,Quiet Waters,Hamelia patens,Hamelia patens | Apis mellifera
Phoebis philea,https://www.inaturalist.org/observations/184793674,MaryJo,Hamelia,patens,Toni,100%,Thomas,NA,NA,NA,NA,NA,NA,NA,NA,NA,NA,NA,NA,NA,NA,NA,,NA,NA,NA,NA,NA,NA,NA,NA,NA,NA,NA,NA,NA,NA,NA,NA,NA,NA,NA,NA,NA,NA,NA,NA,,NA,NA,NA,NA,NA,NA,NA,NA,NA,NA,NA,NA,NA,NA,NA,NA,NA,NA,NA,NA,NA,NA,NA,NA,NA,,NA,NA,NA,NA,NA,NA,NA,NA,NA,NA,NA,Markham,Hamelia patens,Hamelia patens | Phoebis philea
Heliconius charithonia,https://www.inaturalist.org/observations/190736453,Thomas,Bidens,alba,Lange,100%,NA,NA,NA,NA,NA,NA,NA,NA,NA,NA,NA,NA,NA,NA,NA,NA,,NA,NA,NA,NA,NA,NA,NA,NA,NA,NA,NA,NA,NA,NA,NA,NA,NA,NA,NA,NA,NA,NA,NA,NA,,NA,NA,NA,NA,NA,NA,NA,NA,NA,NA,NA,NA,NA,NA,NA,NA,NA,NA,NA,NA,NA,NA,NA,NA,NA,,NA,NA,NA,NA,NA,NA,NA,NA,NA,NA,NA,Markham,Bidens alba,Bidens alba | Heliconius charithonia
Anartia jatrophae,https://www.inaturalist.org/observations/190930950,Noelle,Bidens,alba,Lange,100%,Thomas,NA,NA,NA,NA,NA,NA,NA,NA,NA,NA,NA,NA,NA,NA,NA,,NA,NA,NA,NA,NA,NA,NA,NA,NA,NA,NA,NA,NA,NA,NA,NA,NA,NA,NA,NA,NA,NA,NA,NA,,NA,NA,NA,NA,NA,NA,NA,NA,NA,NA,NA,NA,NA,NA,NA,NA,NA,NA,NA,NA,NA,NA,NA,NA,NA,,NA,NA,NA,NA,NA,NA,NA,NA,NA,NA,NA,Long Key,Bidens alba,Bidens alba | Anartia jatrophae
Thorybes dorantes,https://www.inaturalist.org/observations/190955363,Thomas,Richardia,grandiflora,Lange,100%,NA,NA,NA,NA,NA,NA,NA,NA,NA,NA,NA,NA,NA,NA,NA,NA,,NA,NA,NA,NA,NA,NA,NA,NA,NA,NA,NA,NA,NA,NA,NA,NA,NA,NA,NA,NA,NA,NA,NA,NA,,NA,NA,NA,NA,NA,NA,NA,NA,NA,NA,NA,NA,NA,NA,NA,NA,NA,NA,NA,NA,NA,NA,NA,NA,NA,,NA,NA,NA,NA,NA,NA,NA,NA,NA,NA,NA,Vista View,Richardia grandiflora,Richardia grandiflora | Thorybes dorantes
Marpesia petreus,https://www.inaturalist.org/observations/190955501,Thomas,Baccharis,glomeruliflora,Toni,100%,NA,NA,NA,NA,NA,NA,NA,NA,NA,NA,NA,NA,NA,NA,NA,NA,,NA,NA,NA,NA,NA,NA,NA,NA,NA,NA,NA,NA,NA,NA,NA,NA,NA,NA,NA,NA,NA,NA,NA,NA,,NA,NA,NA,NA,NA,NA,NA,NA,NA,NA,NA,NA,NA,NA,NA,NA,NA,NA,NA,NA,NA,NA,NA,NA,NA,,NA,NA,NA,NA,NA,NA,NA,NA,NA,NA,NA,Vista View,Baccharis glomeruliflora,Baccharis glomeruliflora | Marpesia petreus
Apis mellifera,https://www.inaturalist.org/observations/191190679,Thomas,Richardia,grandiflora,Toni,100%,NA,NA,NA,NA,NA,NA,NA,NA,NA,NA,NA,NA,NA,NA,NA,NA,,NA,NA,NA,NA,NA,NA,NA,NA,NA,NA,NA,NA,NA,NA,NA,NA,NA,NA,NA,NA,NA,NA,NA,NA,,NA,NA,NA,NA,NA,NA,NA,NA,NA,NA,NA,NA,NA,NA,NA,NA,NA,NA,NA,NA,NA,NA,NA,NA,NA,,NA,NA,NA,NA,NA,NA,NA,NA,NA,NA,NA,Highlands Scrub,Richardia grandiflora,Richardia grandiflora | Apis mellifera
Anartia jatrophae,https://www.inaturalist.org/observations/191196157,Thomas,Richardia,grandiflora,Toni,100%,NA,NA,NA,NA,NA,NA,NA,NA,NA,NA,NA,NA,NA,NA,NA,NA,,NA,NA,NA,NA,NA,NA,NA,NA,NA,NA,NA,NA,NA,NA,NA,NA,NA,NA,NA,NA,NA,NA,NA,NA,,NA,NA,NA,NA,NA,NA,NA,NA,NA,NA,NA,NA,NA,NA,NA,NA,NA,NA,NA,NA,NA,NA,NA,NA,NA,,NA,NA,NA,NA,NA,NA,NA,NA,NA,NA,NA,Highlands Scrub,Richardia grandiflora,Richardia grandiflora | Anartia jatrophae
Anartia jatrophae,https://www.inaturalist.org/observations/192094288,Tessa,Spermacoce,verticillata,Toni,100%,Thomas,NA,NA,NA,NA,NA,NA,NA,NA,NA,NA,NA,NA,NA,NA,NA,,NA,NA,NA,NA,NA,NA,NA,NA,NA,NA,NA,NA,NA,NA,NA,NA,NA,NA,NA,NA,NA,NA,NA,NA,,NA,NA,NA,NA,NA,NA,NA,NA,NA,NA,NA,NA,NA,NA,NA,NA,NA,NA,NA,NA,NA,NA,NA,NA,NA,,NA,NA,NA,NA,NA,NA,NA,NA,NA,NA,NA,Markham,Spermacoce verticillata,Spermacoce verticillata | Anartia jatrophae
Danaus eresimus,https://www.inaturalist.org/observations/192252080,Tessa,Bidens,alba,Toni,100%,Thomas,NA,NA,NA,NA,NA,NA,NA,NA,NA,NA,NA,NA,NA,NA,NA,,NA,NA,NA,NA,NA,NA,NA,NA,NA,NA,NA,NA,NA,NA,NA,NA,NA,NA,NA,NA,NA,NA,NA,NA,,NA,NA,NA,NA,NA,NA,NA,NA,NA,NA,NA,NA,NA,NA,NA,NA,NA,NA,NA,NA,NA,NA,NA,NA,NA,,NA,NA,NA,NA,NA,NA,NA,NA,NA,NA,NA,Markham,Bidens alba,Bidens alba | Danaus eresimus
Danaus plexippus,https://www.inaturalist.org/observations/192945235,Thomas,Richardia,grandiflora,Toni,100%,Thomas,NA,NA,NA,NA,NA,NA,NA,NA,NA,NA,NA,NA,NA,NA,NA,,NA,NA,NA,NA,NA,NA,NA,NA,NA,NA,NA,NA,NA,NA,NA,NA,NA,NA,NA,NA,NA,NA,NA,NA,,NA,NA,NA,NA,NA,NA,NA,NA,NA,NA,NA,NA,NA,NA,NA,NA,NA,NA,NA,NA,NA,NA,NA,NA,NA,,NA,NA,NA,NA,NA,NA,NA,NA,NA,NA,NA,Vista View,Richardia grandiflora,Richardia grandiflora | Danaus plexippus
Dryas iulia,https://www.inaturalist.org/observations/193062710,Tessa,Chromolaena,odorata,Toni,100%,Thomas,25205802,125851e6-166d-4377-b369-6a52243afac5,3126,taxon,Interaction->Visited flower of,Interaction->Visited flower of,199400,199400,NA,349183,199400,199400,species,10,47126,,TRUE,199400,Chromolaena odorata,154029,48460/47126/211194/47125/47124/47605/47604/632790/153419/901068/154029,"48460,47126,211194,47125,47124,47605,47604,632790,153419,901068,154029,199400",FALSE,FALSE,2012-12-29T23:03:23+00:00,1,3,23068,FALSE,23068,NA,NA,NA,http://en.wikipedia.org/wiki/Chromolaena_odorata,Plantae,Siam weed,63410243,cc-by,"(c) Brian Oakes Haiti Hunter, some rights reserved (CC BY), uploaded by Brian Oakes Haiti Hunter",https://inaturalist-open-data.s3.amazonaws.com/photos/63410243/square.jpeg,,Brian Oakes Haiti Hunter,https://inaturalist-open-data.s3.amazonaws.com/photos/63410243/square.jpeg,https://inaturalist-open-data.s3.amazonaws.com/photos/63410243/medium.jpeg,683,1024,1,0,349183,joemdo,FALSE,FALSE,2016-10-12T00:08:13+00:00,joemdo,joemdo,Joe MDO,Joe MDO,NA,https://static.inaturalist.org/attachments/users/icons/349183/thumb.jpg?1662070326,126435,249147,9,375591,11568,63401,126435,,1,https://static.inaturalist.org/attachments/users/icons/349183/medium.jpg?1662070326,NA,NA,NA,NA,NA,NA,NA,NA,NA,Markham,Chromolaena odorata,Chromolaena odorata | Dryas iulia
Heliconius charithonia,https://www.inaturalist.org/observations/194047518,Lucas,Bidens,alba,Toni,100%,Thomas,NA,NA,NA,NA,NA,NA,NA,NA,NA,NA,NA,NA,NA,NA,NA,,NA,NA,NA,NA,NA,NA,NA,NA,NA,NA,NA,NA,NA,NA,NA,NA,NA,NA,NA,NA,NA,NA,NA,NA,,NA,NA,NA,NA,NA,NA,NA,NA,NA,NA,NA,NA,NA,NA,NA,NA,NA,NA,NA,NA,NA,NA,NA,NA,NA,,NA,NA,NA,NA,NA,NA,NA,NA,NA,NA,NA,Quiet Waters,Bidens alba,Bidens alba | Heliconius charithonia
Cymaenes tripunctus,https://www.inaturalist.org/observations/194310628,Tessa,Richardia,grandiflora,Toni,100%,Thomas,NA,NA,NA,NA,NA,NA,NA,NA,NA,NA,NA,NA,NA,NA,NA,,NA,NA,NA,NA,NA,NA,NA,NA,NA,NA,NA,NA,NA,NA,NA,NA,NA,NA,NA,NA,NA,NA,NA,NA,,NA,NA,NA,NA,NA,NA,NA,NA,NA,NA,NA,NA,NA,NA,NA,NA,NA,NA,NA,NA,NA,NA,NA,NA,NA,,NA,NA,NA,NA,NA,NA,NA,NA,NA,NA,NA,Markham,Richardia grandiflora,Richardia grandiflora | Cymaenes tripunctus
Phoebis philea,https://www.inaturalist.org/observations/194311054,Thomas,Calliandra,haematocephala,Lange,100%,NA,NA,NA,NA,NA,NA,NA,NA,NA,NA,NA,NA,NA,NA,NA,NA,,NA,NA,NA,NA,NA,NA,NA,NA,NA,NA,NA,NA,NA,NA,NA,NA,NA,NA,NA,NA,NA,NA,NA,NA,,NA,NA,NA,NA,NA,NA,NA,NA,NA,NA,NA,NA,NA,NA,NA,NA,NA,NA,NA,NA,NA,NA,NA,NA,NA,,NA,NA,NA,NA,NA,NA,NA,NA,NA,NA,NA,Markham,Calliandra haematocephala,Calliandra haematocephala | Phoebis philea
Danaus gilippus,https://www.inaturalist.org/observations/194311095,Tessa,Bidens,alba,Toni,100%,Thomas,NA,NA,NA,NA,NA,NA,NA,NA,NA,NA,NA,NA,NA,NA,NA,,NA,NA,NA,NA,NA,NA,NA,NA,NA,NA,NA,NA,NA,NA,NA,NA,NA,NA,NA,NA,NA,NA,NA,NA,,NA,NA,NA,NA,NA,NA,NA,NA,NA,NA,NA,NA,NA,NA,NA,NA,NA,NA,NA,NA,NA,NA,NA,NA,NA,,NA,NA,NA,NA,NA,NA,NA,NA,NA,NA,NA,Markham,Bidens alba,Bidens alba | Danaus gilippus
Dione vanillae,https://www.inaturalist.org/observations/194311300,Tessa,Richardia,grandiflora,Toni,100%,Thomas,NA,NA,NA,NA,NA,NA,NA,NA,NA,NA,NA,NA,NA,NA,NA,,NA,NA,NA,NA,NA,NA,NA,NA,NA,NA,NA,NA,NA,NA,NA,NA,NA,NA,NA,NA,NA,NA,NA,NA,,NA,NA,NA,NA,NA,NA,NA,NA,NA,NA,NA,NA,NA,NA,NA,NA,NA,NA,NA,NA,NA,NA,NA,NA,NA,,NA,NA,NA,NA,NA,NA,NA,NA,NA,NA,NA,Markham,Richardia grandiflora,Richardia grandiflora | Dione vanillae
Marpesia petreus,https://www.inaturalist.org/observations/194311386,Thomas,Eupatorium,serotinum,Lange,100%,NA,NA,NA,NA,NA,NA,NA,NA,NA,NA,NA,NA,NA,NA,NA,NA,,NA,NA,NA,NA,NA,NA,NA,NA,NA,NA,NA,NA,NA,NA,NA,NA,NA,NA,NA,NA,NA,NA,NA,NA,,NA,NA,NA,NA,NA,NA,NA,NA,NA,NA,NA,NA,NA,NA,NA,NA,NA,NA,NA,NA,NA,NA,NA,NA,NA,,NA,NA,NA,NA,NA,NA,NA,NA,NA,NA,NA,Markham,Eupatorium serotinum,Eupatorium serotinum | Marpesia petreus
Eurema daira,https://www.inaturalist.org/observations/194311586,Thomas,Richardia,grandiflora,Lange,100%,NA,NA,NA,NA,NA,NA,NA,NA,NA,NA,NA,NA,NA,NA,NA,NA,,NA,NA,NA,NA,NA,NA,NA,NA,NA,NA,NA,NA,NA,NA,NA,NA,NA,NA,NA,NA,NA,NA,NA,NA,,NA,NA,NA,NA,NA,NA,NA,NA,NA,NA,NA,NA,NA,NA,NA,NA,NA,NA,NA,NA,NA,NA,NA,NA,NA,,NA,NA,NA,NA,NA,NA,NA,NA,NA,NA,NA,Markham,Richardia grandiflora,Richardia grandiflora | Eurema daira
Cymaenes tripunctus,https://www.inaturalist.org/observations/194311665,Tessa,Richardia,grandiflora,Toni,100%,Thomas,NA,NA,NA,NA,NA,NA,NA,NA,NA,NA,NA,NA,NA,NA,NA,,NA,NA,NA,NA,NA,NA,NA,NA,NA,NA,NA,NA,NA,NA,NA,NA,NA,NA,NA,NA,NA,NA,NA,NA,,NA,NA,NA,NA,NA,NA,NA,NA,NA,NA,NA,NA,NA,NA,NA,NA,NA,NA,NA,NA,NA,NA,NA,NA,NA,,NA,NA,NA,NA,NA,NA,NA,NA,NA,NA,NA,Markham,Richardia grandiflora,Richardia grandiflora | Cymaenes tripunctus
Eurema daira,https://www.inaturalist.org/observations/194311724,Tessa,Stylosanthes,hamata,Lange,100%,Thomas,NA,NA,NA,NA,NA,NA,NA,NA,NA,NA,NA,NA,NA,NA,NA,,NA,NA,NA,NA,NA,NA,NA,NA,NA,NA,NA,NA,NA,NA,NA,NA,NA,NA,NA,NA,NA,NA,NA,NA,,NA,NA,NA,NA,NA,NA,NA,NA,NA,NA,NA,NA,NA,NA,NA,NA,NA,NA,NA,NA,NA,NA,NA,NA,NA,,NA,NA,NA,NA,NA,NA,NA,NA,NA,NA,NA,Markham,Stylosanthes hamata,Stylosanthes hamata | Eurema daira
Danaus eresimus,https://www.inaturalist.org/observations/194311823,Tessa,Chromolaena,odorata,Toni,100%,Thomas,NA,NA,NA,NA,NA,NA,NA,NA,NA,NA,NA,NA,NA,NA,NA,,NA,NA,NA,NA,NA,NA,NA,NA,NA,NA,NA,NA,NA,NA,NA,NA,NA,NA,NA,NA,NA,NA,NA,NA,,NA,NA,NA,NA,NA,NA,NA,NA,NA,NA,NA,NA,NA,NA,NA,NA,NA,NA,NA,NA,NA,NA,NA,NA,NA,,NA,NA,NA,NA,NA,NA,NA,NA,NA,NA,NA,Markham,Chromolaena odorata,Chromolaena odorata | Danaus eresimus
Marpesia petreus,https://www.inaturalist.org/observations/194311884,Thomas,Eupatorium,serotinum,Lange,100%,NA,NA,NA,NA,NA,NA,NA,NA,NA,NA,NA,NA,NA,NA,NA,NA,,NA,NA,NA,NA,NA,NA,NA,NA,NA,NA,NA,NA,NA,NA,NA,NA,NA,NA,NA,NA,NA,NA,NA,NA,,NA,NA,NA,NA,NA,NA,NA,NA,NA,NA,NA,NA,NA,NA,NA,NA,NA,NA,NA,NA,NA,NA,NA,NA,NA,,NA,NA,NA,NA,NA,NA,NA,NA,NA,NA,NA,Markham,Eupatorium serotinum,Eupatorium serotinum | Marpesia petreus
Polygonus leo,https://www.inaturalist.org/observations/194311937,Thomas,Eupatorium,serotinum,Lange,100%,NA,NA,NA,NA,NA,NA,NA,NA,NA,NA,NA,NA,NA,NA,NA,NA,,NA,NA,NA,NA,NA,NA,NA,NA,NA,NA,NA,NA,NA,NA,NA,NA,NA,NA,NA,NA,NA,NA,NA,NA,,NA,NA,NA,NA,NA,NA,NA,NA,NA,NA,NA,NA,NA,NA,NA,NA,NA,NA,NA,NA,NA,NA,NA,NA,NA,,NA,NA,NA,NA,NA,NA,NA,NA,NA,NA,NA,Markham,Eupatorium serotinum,Eupatorium serotinum | Polygonus leo
Thorybes dorantes,https://www.inaturalist.org/observations/194312001,Thomas,Eupatorium,serotinum,Lange,100%,NA,NA,NA,NA,NA,NA,NA,NA,NA,NA,NA,NA,NA,NA,NA,NA,,NA,NA,NA,NA,NA,NA,NA,NA,NA,NA,NA,NA,NA,NA,NA,NA,NA,NA,NA,NA,NA,NA,NA,NA,,NA,NA,NA,NA,NA,NA,NA,NA,NA,NA,NA,NA,NA,NA,NA,NA,NA,NA,NA,NA,NA,NA,NA,NA,NA,,NA,NA,NA,NA,NA,NA,NA,NA,NA,NA,NA,Markham,Eupatorium serotinum,Eupatorium serotinum | Thorybes dorantes
Eurema daira,https://www.inaturalist.org/observations/194312148,Thomas,Richardia,grandiflora,Lange,100%,NA,NA,NA,NA,NA,NA,NA,NA,NA,NA,NA,NA,NA,NA,NA,NA,,NA,NA,NA,NA,NA,NA,NA,NA,NA,NA,NA,NA,NA,NA,NA,NA,NA,NA,NA,NA,NA,NA,NA,NA,,NA,NA,NA,NA,NA,NA,NA,NA,NA,NA,NA,NA,NA,NA,NA,NA,NA,NA,NA,NA,NA,NA,NA,NA,NA,,NA,NA,NA,NA,NA,NA,NA,NA,NA,NA,NA,Markham,Richardia grandiflora,Richardia grandiflora | Eurema daira
Thorybes dorantes,https://www.inaturalist.org/observations/194312179,Tessa,Sphagneticola,trilobata,Lange,100%,Thomas,NA,NA,NA,NA,NA,NA,NA,NA,NA,NA,NA,NA,NA,NA,NA,,NA,NA,NA,NA,NA,NA,NA,NA,NA,NA,NA,NA,NA,NA,NA,NA,NA,NA,NA,NA,NA,NA,NA,NA,,NA,NA,NA,NA,NA,NA,NA,NA,NA,NA,NA,NA,NA,NA,NA,NA,NA,NA,NA,NA,NA,NA,NA,NA,NA,,NA,NA,NA,NA,NA,NA,NA,NA,NA,NA,NA,Markham,Sphagneticola trilobata,Sphagneticola trilobata | Thorybes dorantes
Anticarsia gemmatalis,https://www.inaturalist.org/observations/195876774,Lucas,Richardia,grandiflora,Toni,100%,Thomas,NA,NA,NA,NA,NA,NA,NA,NA,NA,NA,NA,NA,NA,NA,NA,,NA,NA,NA,NA,NA,NA,NA,NA,NA,NA,NA,NA,NA,NA,NA,NA,NA,NA,NA,NA,NA,NA,NA,NA,,NA,NA,NA,NA,NA,NA,NA,NA,NA,NA,NA,NA,NA,NA,NA,NA,NA,NA,NA,NA,NA,NA,NA,NA,NA,,NA,NA,NA,NA,NA,NA,NA,NA,NA,NA,NA,Quiet Waters,Richardia grandiflora,Richardia grandiflora | Anticarsia gemmatalis
Heliconius charithonia,https://www.inaturalist.org/observations/196812026,Tessa,Bidens,alba,Toni,100%,Thomas,NA,NA,NA,NA,NA,NA,NA,NA,NA,NA,NA,NA,NA,NA,NA,,NA,NA,NA,NA,NA,NA,NA,NA,NA,NA,NA,NA,NA,NA,NA,NA,NA,NA,NA,NA,NA,NA,NA,NA,,NA,NA,NA,NA,NA,NA,NA,NA,NA,NA,NA,NA,NA,NA,NA,NA,NA,NA,NA,NA,NA,NA,NA,NA,NA,,NA,NA,NA,NA,NA,NA,NA,NA,NA,NA,NA,Markham,Bidens alba,Bidens alba | Heliconius charithonia
Apis mellifera,https://www.inaturalist.org/observations/196812038,Tessa,Spermacoce,verticillata,Toni,100%,Thomas,NA,NA,NA,NA,NA,NA,NA,NA,NA,NA,NA,NA,NA,NA,NA,,NA,NA,NA,NA,NA,NA,NA,NA,NA,NA,NA,NA,NA,NA,NA,NA,NA,NA,NA,NA,NA,NA,NA,NA,,NA,NA,NA,NA,NA,NA,NA,NA,NA,NA,NA,NA,NA,NA,NA,NA,NA,NA,NA,NA,NA,NA,NA,NA,NA,,NA,NA,NA,NA,NA,NA,NA,NA,NA,NA,NA,Markham,Spermacoce verticillata,Spermacoce verticillata | Apis mellifera
Thorybes dorantes,https://www.inaturalist.org/observations/196812132,Tessa,Spermacoce,verticillata,Toni,100%,Thomas,NA,NA,NA,NA,NA,NA,NA,NA,NA,NA,NA,NA,NA,NA,NA,,NA,NA,NA,NA,NA,NA,NA,NA,NA,NA,NA,NA,NA,NA,NA,NA,NA,NA,NA,NA,NA,NA,NA,NA,,NA,NA,NA,NA,NA,NA,NA,NA,NA,NA,NA,NA,NA,NA,NA,NA,NA,NA,NA,NA,NA,NA,NA,NA,NA,,NA,NA,NA,NA,NA,NA,NA,NA,NA,NA,NA,Markham,Spermacoce verticillata,Spermacoce verticillata | Thorybes dorantes
Dryas iulia,https://www.inaturalist.org/observations/196812212,Thomas,Spermacoce,verticillata,Toni,100%,NA,NA,NA,NA,NA,NA,NA,NA,NA,NA,NA,NA,NA,NA,NA,NA,,NA,NA,NA,NA,NA,NA,NA,NA,NA,NA,NA,NA,NA,NA,NA,NA,NA,NA,NA,NA,NA,NA,NA,NA,,NA,NA,NA,NA,NA,NA,NA,NA,NA,NA,NA,NA,NA,NA,NA,NA,NA,NA,NA,NA,NA,NA,NA,NA,NA,,NA,NA,NA,NA,NA,NA,NA,NA,NA,NA,NA,Markham,Spermacoce verticillata,Spermacoce verticillata | Dryas iulia
Syngamia florella,https://www.inaturalist.org/observations/196812282,Tessa,Spermacoce,verticillata,Toni,100%,Thomas,NA,NA,NA,NA,NA,NA,NA,NA,NA,NA,NA,NA,NA,NA,NA,,NA,NA,NA,NA,NA,NA,NA,NA,NA,NA,NA,NA,NA,NA,NA,NA,NA,NA,NA,NA,NA,NA,NA,NA,,NA,NA,NA,NA,NA,NA,NA,NA,NA,NA,NA,NA,NA,NA,NA,NA,NA,NA,NA,NA,NA,NA,NA,NA,NA,,NA,NA,NA,NA,NA,NA,NA,NA,NA,NA,NA,Markham,Spermacoce verticillata,Spermacoce verticillata | Syngamia florella
Marpesia petreus,https://www.inaturalist.org/observations/196812513,Tessa,Cestrum,diurnum,Toni,100%,Thomas,NA,NA,NA,NA,NA,NA,NA,NA,NA,NA,NA,NA,NA,NA,NA,,NA,NA,NA,NA,NA,NA,NA,NA,NA,NA,NA,NA,NA,NA,NA,NA,NA,NA,NA,NA,NA,NA,NA,NA,,NA,NA,NA,NA,NA,NA,NA,NA,NA,NA,NA,NA,NA,NA,NA,NA,NA,NA,NA,NA,NA,NA,NA,NA,NA,,NA,NA,NA,NA,NA,NA,NA,NA,NA,NA,NA,Markham,Cestrum diurnum,Cestrum diurnum | Marpesia petreus
Eurema daira,https://www.inaturalist.org/observations/196812717,Tessa,Stylosanthes,hamata,Lange,100%,Thomas,NA,NA,NA,NA,NA,NA,NA,NA,NA,NA,NA,NA,NA,NA,NA,,NA,NA,NA,NA,NA,NA,NA,NA,NA,NA,NA,NA,NA,NA,NA,NA,NA,NA,NA,NA,NA,NA,NA,NA,,NA,NA,NA,NA,NA,NA,NA,NA,NA,NA,NA,NA,NA,NA,NA,NA,NA,NA,NA,NA,NA,NA,NA,NA,NA,,NA,NA,NA,NA,NA,NA,NA,NA,NA,NA,NA,Markham,Stylosanthes hamata,Stylosanthes hamata | Eurema daira
Marpesia petreus,https://www.inaturalist.org/observations/197109216,Noelle,Psychotria,nervosa,Toni,100%,Thomas,NA,NA,NA,NA,NA,NA,NA,NA,NA,NA,NA,NA,NA,NA,NA,,NA,NA,NA,NA,NA,NA,NA,NA,NA,NA,NA,NA,NA,NA,NA,NA,NA,NA,NA,NA,NA,NA,NA,NA,,NA,NA,NA,NA,NA,NA,NA,NA,NA,NA,NA,NA,NA,NA,NA,NA,NA,NA,NA,NA,NA,NA,NA,NA,NA,,NA,NA,NA,NA,NA,NA,NA,NA,NA,NA,NA,Long Key,Psychotria nervosa,Psychotria nervosa | Marpesia petreus
Danaus plexippus,https://www.inaturalist.org/observations/197491406,Lucas,Chromolaena,odorata,Toni,100%,Thomas,NA,NA,NA,NA,NA,NA,NA,NA,NA,NA,NA,NA,NA,NA,NA,,NA,NA,NA,NA,NA,NA,NA,NA,NA,NA,NA,NA,NA,NA,NA,NA,NA,NA,NA,NA,NA,NA,NA,NA,,NA,NA,NA,NA,NA,NA,NA,NA,NA,NA,NA,NA,NA,NA,NA,NA,NA,NA,NA,NA,NA,NA,NA,NA,NA,,NA,NA,NA,NA,NA,NA,NA,NA,NA,NA,NA,Quiet Waters,Chromolaena odorata,Chromolaena odorata | Danaus plexippus
Phoebis philea,https://www.inaturalist.org/observations/197491466,Thomas,Cuphea,micropetala,Toni,100%,NA,NA,NA,NA,NA,NA,NA,NA,NA,NA,NA,NA,NA,NA,NA,NA,,NA,NA,NA,NA,NA,NA,NA,NA,NA,NA,NA,NA,NA,NA,NA,NA,NA,NA,NA,NA,NA,NA,NA,NA,,NA,NA,NA,NA,NA,NA,NA,NA,NA,NA,NA,NA,NA,NA,NA,NA,NA,NA,NA,NA,NA,NA,NA,NA,NA,,NA,NA,NA,NA,NA,NA,NA,NA,NA,NA,NA,Markham,Cuphea micropetala,Cuphea micropetala | Phoebis philea
Thorybes dorantes,https://www.inaturalist.org/observations/197491611,Lucas,Richardia,grandiflora,Jake,100%,Thomas,NA,NA,NA,NA,NA,NA,NA,NA,NA,NA,NA,NA,NA,NA,NA,,NA,NA,NA,NA,NA,NA,NA,NA,NA,NA,NA,NA,NA,NA,NA,NA,NA,NA,NA,NA,NA,NA,NA,NA,,NA,NA,NA,NA,NA,NA,NA,NA,NA,NA,NA,NA,NA,NA,NA,NA,NA,NA,NA,NA,NA,NA,NA,NA,NA,,NA,NA,NA,NA,NA,NA,NA,NA,NA,NA,NA,Quiet Waters,Richardia grandiflora,Richardia grandiflora | Thorybes dorantes
Danaus gilippus,https://www.inaturalist.org/observations/197664217,Noelle,Bidens,alba,Toni,100%,Thomas,NA,NA,NA,NA,NA,NA,NA,NA,NA,NA,NA,NA,NA,NA,NA,,NA,NA,NA,NA,NA,NA,NA,NA,NA,NA,NA,NA,NA,NA,NA,NA,NA,NA,NA,NA,NA,NA,NA,NA,,NA,NA,NA,NA,NA,NA,NA,NA,NA,NA,NA,NA,NA,NA,NA,NA,NA,NA,NA,NA,NA,NA,NA,NA,NA,,NA,NA,NA,NA,NA,NA,NA,NA,NA,NA,NA,Long Key,Bidens alba,Bidens alba | Danaus gilippus
Burnsius oileus,https://www.inaturalist.org/observations/197745728,Lucas,Richardia,grandiflora,Toni,100%,Thomas,NA,NA,NA,NA,NA,NA,NA,NA,NA,NA,NA,NA,NA,NA,NA,,NA,NA,NA,NA,NA,NA,NA,NA,NA,NA,NA,NA,NA,NA,NA,NA,NA,NA,NA,NA,NA,NA,NA,NA,,NA,NA,NA,NA,NA,NA,NA,NA,NA,NA,NA,NA,NA,NA,NA,NA,NA,NA,NA,NA,NA,NA,NA,NA,NA,,NA,NA,NA,NA,NA,NA,NA,NA,NA,NA,NA,Quiet Waters,Richardia grandiflora,Richardia grandiflora | Burnsius oileus
Dryas iulia,https://www.inaturalist.org/observations/197983170,Tessa,Bidens,alba,Toni,100%,Thomas,NA,NA,NA,NA,NA,NA,NA,NA,NA,NA,NA,NA,NA,NA,NA,,NA,NA,NA,NA,NA,NA,NA,NA,NA,NA,NA,NA,NA,NA,NA,NA,NA,NA,NA,NA,NA,NA,NA,NA,,NA,NA,NA,NA,NA,NA,NA,NA,NA,NA,NA,NA,NA,NA,NA,NA,NA,NA,NA,NA,NA,NA,NA,NA,NA,,NA,NA,NA,NA,NA,NA,NA,NA,NA,NA,NA,Markham,Bidens alba,Bidens alba | Dryas iulia
Heliconius charithonia,https://www.inaturalist.org/observations/197983172,Tessa,Bidens,alba,Toni,100%,Thomas,NA,NA,NA,NA,NA,NA,NA,NA,NA,NA,NA,NA,NA,NA,NA,,NA,NA,NA,NA,NA,NA,NA,NA,NA,NA,NA,NA,NA,NA,NA,NA,NA,NA,NA,NA,NA,NA,NA,NA,,NA,NA,NA,NA,NA,NA,NA,NA,NA,NA,NA,NA,NA,NA,NA,NA,NA,NA,NA,NA,NA,NA,NA,NA,NA,,NA,NA,NA,NA,NA,NA,NA,NA,NA,NA,NA,Markham,Bidens alba,Bidens alba | Heliconius charithonia
Dryas iulia,https://www.inaturalist.org/observations/197983173,Tessa,Bidens,alba,Toni,100%,Thomas,NA,NA,NA,NA,NA,NA,NA,NA,NA,NA,NA,NA,NA,NA,NA,,NA,NA,NA,NA,NA,NA,NA,NA,NA,NA,NA,NA,NA,NA,NA,NA,NA,NA,NA,NA,NA,NA,NA,NA,,NA,NA,NA,NA,NA,NA,NA,NA,NA,NA,NA,NA,NA,NA,NA,NA,NA,NA,NA,NA,NA,NA,NA,NA,NA,,NA,NA,NA,NA,NA,NA,NA,NA,NA,NA,NA,Markham,Bidens alba,Bidens alba | Dryas iulia
Anartia jatrophae,https://www.inaturalist.org/observations/197983174,Tessa,Spermacoce,verticillata,Toni,100%,Thomas,NA,NA,NA,NA,NA,NA,NA,NA,NA,NA,NA,NA,NA,NA,NA,,NA,NA,NA,NA,NA,NA,NA,NA,NA,NA,NA,NA,NA,NA,NA,NA,NA,NA,NA,NA,NA,NA,NA,NA,,NA,NA,NA,NA,NA,NA,NA,NA,NA,NA,NA,NA,NA,NA,NA,NA,NA,NA,NA,NA,NA,NA,NA,NA,NA,,NA,NA,NA,NA,NA,NA,NA,NA,NA,NA,NA,Markham,Spermacoce verticillata,Spermacoce verticillata | Anartia jatrophae
Heliconius charithonia,https://www.inaturalist.org/observations/197983176,Tessa,Bidens,alba,Toni,100%,Thomas,NA,NA,NA,NA,NA,NA,NA,NA,NA,NA,NA,NA,NA,NA,NA,,NA,NA,NA,NA,NA,NA,NA,NA,NA,NA,NA,NA,NA,NA,NA,NA,NA,NA,NA,NA,NA,NA,NA,NA,,NA,NA,NA,NA,NA,NA,NA,NA,NA,NA,NA,NA,NA,NA,NA,NA,NA,NA,NA,NA,NA,NA,NA,NA,NA,,NA,NA,NA,NA,NA,NA,NA,NA,NA,NA,NA,Markham,Bidens alba,Bidens alba | Heliconius charithonia
Dione vanillae,https://www.inaturalist.org/observations/197983188,Tessa,Richardia,grandiflora,Toni,100%,Thomas,NA,NA,NA,NA,NA,NA,NA,NA,NA,NA,NA,NA,NA,NA,NA,,NA,NA,NA,NA,NA,NA,NA,NA,NA,NA,NA,NA,NA,NA,NA,NA,NA,NA,NA,NA,NA,NA,NA,NA,,NA,NA,NA,NA,NA,NA,NA,NA,NA,NA,NA,NA,NA,NA,NA,NA,NA,NA,NA,NA,NA,NA,NA,NA,NA,,NA,NA,NA,NA,NA,NA,NA,NA,NA,NA,NA,Markham,Richardia grandiflora,Richardia grandiflora | Dione vanillae
Danaus plexippus,https://www.inaturalist.org/observations/197983189,Tessa,Spermacoce,verticillata,Toni,100%,Thomas,NA,NA,NA,NA,NA,NA,NA,NA,NA,NA,NA,NA,NA,NA,NA,,NA,NA,NA,NA,NA,NA,NA,NA,NA,NA,NA,NA,NA,NA,NA,NA,NA,NA,NA,NA,NA,NA,NA,NA,,NA,NA,NA,NA,NA,NA,NA,NA,NA,NA,NA,NA,NA,NA,NA,NA,NA,NA,NA,NA,NA,NA,NA,NA,NA,,NA,NA,NA,NA,NA,NA,NA,NA,NA,NA,NA,Markham,Spermacoce verticillata,Spermacoce verticillata | Danaus plexippus
Phoebis philea,https://www.inaturalist.org/observations/197983192,Thomas,Salvia,coccinea,Lange,100%,NA,NA,NA,NA,NA,NA,NA,NA,NA,NA,NA,NA,NA,NA,NA,NA,,NA,NA,NA,NA,NA,NA,NA,NA,NA,NA,NA,NA,NA,NA,NA,NA,NA,NA,NA,NA,NA,NA,NA,NA,,NA,NA,NA,NA,NA,NA,NA,NA,NA,NA,NA,NA,NA,NA,NA,NA,NA,NA,NA,NA,NA,NA,NA,NA,NA,,NA,NA,NA,NA,NA,NA,NA,NA,NA,NA,NA,Markham,Salvia coccinea,Salvia coccinea | Phoebis philea
Danaus gilippus,https://www.inaturalist.org/observations/199019870,Tessa,Aloysia,virgata,Toni,100%,Thomas,NA,NA,NA,NA,NA,NA,NA,NA,NA,NA,NA,NA,NA,NA,NA,,NA,NA,NA,NA,NA,NA,NA,NA,NA,NA,NA,NA,NA,NA,NA,NA,NA,NA,NA,NA,NA,NA,NA,NA,,NA,NA,NA,NA,NA,NA,NA,NA,NA,NA,NA,NA,NA,NA,NA,NA,NA,NA,NA,NA,NA,NA,NA,NA,NA,,NA,NA,NA,NA,NA,NA,NA,NA,NA,NA,NA,Markham,Aloysia virgata,Aloysia virgata | Danaus gilippus
Danaus gilippus,https://www.inaturalist.org/observations/199019884,Tessa,Aloysia,virgata,Toni,100%,Thomas,NA,NA,NA,NA,NA,NA,NA,NA,NA,NA,NA,NA,NA,NA,NA,,NA,NA,NA,NA,NA,NA,NA,NA,NA,NA,NA,NA,NA,NA,NA,NA,NA,NA,NA,NA,NA,NA,NA,NA,,NA,NA,NA,NA,NA,NA,NA,NA,NA,NA,NA,NA,NA,NA,NA,NA,NA,NA,NA,NA,NA,NA,NA,NA,NA,,NA,NA,NA,NA,NA,NA,NA,NA,NA,NA,NA,Markham,Aloysia virgata,Aloysia virgata | Danaus gilippus
Heliconius charithonia,https://www.inaturalist.org/observations/199019902,Tessa,Bidens,alba,Toni,100%,Thomas,NA,NA,NA,NA,NA,NA,NA,NA,NA,NA,NA,NA,NA,NA,NA,,NA,NA,NA,NA,NA,NA,NA,NA,NA,NA,NA,NA,NA,NA,NA,NA,NA,NA,NA,NA,NA,NA,NA,NA,,NA,NA,NA,NA,NA,NA,NA,NA,NA,NA,NA,NA,NA,NA,NA,NA,NA,NA,NA,NA,NA,NA,NA,NA,NA,,NA,NA,NA,NA,NA,NA,NA,NA,NA,NA,NA,Markham,Bidens alba,Bidens alba | Heliconius charithonia
Apis mellifera,https://www.inaturalist.org/observations/199024367,Tessa,Spermacoce,verticillata,Toni,100%,Thomas,NA,NA,NA,NA,NA,NA,NA,NA,NA,NA,NA,NA,NA,NA,NA,,NA,NA,NA,NA,NA,NA,NA,NA,NA,NA,NA,NA,NA,NA,NA,NA,NA,NA,NA,NA,NA,NA,NA,NA,,NA,NA,NA,NA,NA,NA,NA,NA,NA,NA,NA,NA,NA,NA,NA,NA,NA,NA,NA,NA,NA,NA,NA,NA,NA,,NA,NA,NA,NA,NA,NA,NA,NA,NA,NA,NA,Markham,Spermacoce verticillata,Spermacoce verticillata | Apis mellifera
Syngamia florella,https://www.inaturalist.org/observations/199024410,Tessa,Spermacoce,verticillata,Toni,100%,Thomas,NA,NA,NA,NA,NA,NA,NA,NA,NA,NA,NA,NA,NA,NA,NA,,NA,NA,NA,NA,NA,NA,NA,NA,NA,NA,NA,NA,NA,NA,NA,NA,NA,NA,NA,NA,NA,NA,NA,NA,,NA,NA,NA,NA,NA,NA,NA,NA,NA,NA,NA,NA,NA,NA,NA,NA,NA,NA,NA,NA,NA,NA,NA,NA,NA,,NA,NA,NA,NA,NA,NA,NA,NA,NA,NA,NA,Markham,Spermacoce verticillata,Spermacoce verticillata | Syngamia florella
Dryas iulia,https://www.inaturalist.org/observations/199024424,Tessa,Bidens,alba,Toni,100%,Thomas,25810862,41077b76-9c6b-424c-8e5d-9b2d62dd7d85,3126,taxon,Interaction->Visited flower of,Interaction->Visited flower of,1095846,1095846,NA,349183,1095846,1095846,species,10,47126,,TRUE,1095846,Bidens alba,50204,48460/47126/211194/47125/47124/47605/47604/632790/568277/50204,"48460,47126,211194,47125,47124,47605,47604,632790,568277,50204,1095846",FALSE,FALSE,2020-06-05T17:31:55+00:00,4,2,91756,FALSE,91756,NA,30122,NA,https://en.wikipedia.org/wiki/Bidens_alba,Plantae,White beggarticks,86500140,cc0,"no rights reserved, uploaded by 葉子",https://inaturalist-open-data.s3.amazonaws.com/photos/86500140/square.jpeg,,葉子,https://inaturalist-open-data.s3.amazonaws.com/photos/86500140/square.jpeg,https://inaturalist-open-data.s3.amazonaws.com/photos/86500140/medium.jpeg,1536,2048,3,0,349183,joemdo,FALSE,FALSE,2016-10-12T00:08:13+00:00,joemdo,joemdo,Joe MDO,Joe MDO,NA,https://static.inaturalist.org/attachments/users/icons/349183/thumb.jpg?1662070326,126435,249147,9,375591,11568,63401,126435,,1,https://static.inaturalist.org/attachments/users/icons/349183/medium.jpg?1662070326,NA,NA,NA,NA,NA,NA,NA,NA,NA,Markham,Bidens alba,Bidens alba | Dryas iulia
Burnsius oileus,https://www.inaturalist.org/observations/199024468,Tessa,Richardia,grandiflora,Toni,100%,Thomas,NA,NA,NA,NA,NA,NA,NA,NA,NA,NA,NA,NA,NA,NA,NA,,NA,NA,NA,NA,NA,NA,NA,NA,NA,NA,NA,NA,NA,NA,NA,NA,NA,NA,NA,NA,NA,NA,NA,NA,,NA,NA,NA,NA,NA,NA,NA,NA,NA,NA,NA,NA,NA,NA,NA,NA,NA,NA,NA,NA,NA,NA,NA,NA,NA,,NA,NA,NA,NA,NA,NA,NA,NA,NA,NA,NA,Markham,Richardia grandiflora,Richardia grandiflora | Burnsius oileus
Heliconius charithonia,https://www.inaturalist.org/observations/199026497,Lucas,Bidens,alba,Toni,100%,Thomas,NA,NA,NA,NA,NA,NA,NA,NA,NA,NA,NA,NA,NA,NA,NA,,NA,NA,NA,NA,NA,NA,NA,NA,NA,NA,NA,NA,NA,NA,NA,NA,NA,NA,NA,NA,NA,NA,NA,NA,,NA,NA,NA,NA,NA,NA,NA,NA,NA,NA,NA,NA,NA,NA,NA,NA,NA,NA,NA,NA,NA,NA,NA,NA,NA,,NA,NA,NA,NA,NA,NA,NA,NA,NA,NA,NA,Quiet Waters,Bidens alba,Bidens alba | Heliconius charithonia
Anartia jatrophae,https://www.inaturalist.org/observations/199033063,Lucas,Richardia,grandiflora,Toni,100%,Thomas,NA,NA,NA,NA,NA,NA,NA,NA,NA,NA,NA,NA,NA,NA,NA,,NA,NA,NA,NA,NA,NA,NA,NA,NA,NA,NA,NA,NA,NA,NA,NA,NA,NA,NA,NA,NA,NA,NA,NA,,NA,NA,NA,NA,NA,NA,NA,NA,NA,NA,NA,NA,NA,NA,NA,NA,NA,NA,NA,NA,NA,NA,NA,NA,NA,,NA,NA,NA,NA,NA,NA,NA,NA,NA,NA,NA,Quiet Waters,Richardia grandiflora,Richardia grandiflora | Anartia jatrophae
Anartia jatrophae,https://www.inaturalist.org/observations/199046445,Thomas,Spermacoce,verticillata,Adam,100%,NA,NA,NA,NA,NA,NA,NA,NA,NA,NA,NA,NA,NA,NA,NA,NA,,NA,NA,NA,NA,NA,NA,NA,NA,NA,NA,NA,NA,NA,NA,NA,NA,NA,NA,NA,NA,NA,NA,NA,NA,,NA,NA,NA,NA,NA,NA,NA,NA,NA,NA,NA,NA,NA,NA,NA,NA,NA,NA,NA,NA,NA,NA,NA,NA,NA,,NA,NA,NA,NA,NA,NA,NA,NA,NA,NA,NA,Markham,Spermacoce verticillata,Spermacoce verticillata | Anartia jatrophae
Erynnis horatius,https://www.inaturalist.org/observations/199046447,Tessa,Bidens,alba,Toni,100%,Thomas,25811620,0cbb3105-d7b7-462d-bfc2-b86b7c22a434,3126,taxon,Interaction->Visited flower of,Interaction->Visited flower of,1095846,1095846,NA,349183,1095846,1095846,species,10,47126,,TRUE,1095846,Bidens alba,50204,48460/47126/211194/47125/47124/47605/47604/632790/568277/50204,"48460,47126,211194,47125,47124,47605,47604,632790,568277,50204,1095846",FALSE,FALSE,2020-06-05T17:31:55+00:00,4,2,91756,FALSE,91756,NA,30122,NA,https://en.wikipedia.org/wiki/Bidens_alba,Plantae,White beggarticks,86500140,cc0,"no rights reserved, uploaded by 葉子",https://inaturalist-open-data.s3.amazonaws.com/photos/86500140/square.jpeg,,葉子,https://inaturalist-open-data.s3.amazonaws.com/photos/86500140/square.jpeg,https://inaturalist-open-data.s3.amazonaws.com/photos/86500140/medium.jpeg,1536,2048,3,0,349183,joemdo,FALSE,FALSE,2016-10-12T00:08:13+00:00,joemdo,joemdo,Joe MDO,Joe MDO,NA,https://static.inaturalist.org/attachments/users/icons/349183/thumb.jpg?1662070326,126435,249147,9,375591,11568,63401,126435,,1,https://static.inaturalist.org/attachments/users/icons/349183/medium.jpg?1662070326,NA,NA,NA,NA,NA,NA,NA,NA,NA,Markham,Bidens alba,Bidens alba | Erynnis horatius
Erynnis horatius,https://www.inaturalist.org/observations/199046448,Tessa,Bidens,alba,Toni,100%,Thomas,25811619,f6a459ce-e337-4c7d-be6f-1f0f8c3dbff5,3126,taxon,Interaction->Visited flower of,Interaction->Visited flower of,1095846,1095846,NA,349183,1095846,1095846,species,10,47126,,TRUE,1095846,Bidens alba,50204,48460/47126/211194/47125/47124/47605/47604/632790/568277/50204,"48460,47126,211194,47125,47124,47605,47604,632790,568277,50204,1095846",FALSE,FALSE,2020-06-05T17:31:55+00:00,4,2,91756,FALSE,91756,NA,30122,NA,https://en.wikipedia.org/wiki/Bidens_alba,Plantae,White beggarticks,86500140,cc0,"no rights reserved, uploaded by 葉子",https://inaturalist-open-data.s3.amazonaws.com/photos/86500140/square.jpeg,,葉子,https://inaturalist-open-data.s3.amazonaws.com/photos/86500140/square.jpeg,https://inaturalist-open-data.s3.amazonaws.com/photos/86500140/medium.jpeg,1536,2048,3,0,349183,joemdo,FALSE,FALSE,2016-10-12T00:08:13+00:00,joemdo,joemdo,Joe MDO,Joe MDO,NA,https://static.inaturalist.org/attachments/users/icons/349183/thumb.jpg?1662070326,126435,249147,9,375591,11568,63401,126435,,1,https://static.inaturalist.org/attachments/users/icons/349183/medium.jpg?1662070326,NA,NA,NA,NA,NA,NA,NA,NA,NA,Markham,Bidens alba,Bidens alba | Erynnis horatius
Marpesia petreus,https://www.inaturalist.org/observations/199104108,Lucas,Chromolaena,odorata,Toni,100%,Thomas,NA,NA,NA,NA,NA,NA,NA,NA,NA,NA,NA,NA,NA,NA,NA,,NA,NA,NA,NA,NA,NA,NA,NA,NA,NA,NA,NA,NA,NA,NA,NA,NA,NA,NA,NA,NA,NA,NA,NA,,NA,NA,NA,NA,NA,NA,NA,NA,NA,NA,NA,NA,NA,NA,NA,NA,NA,NA,NA,NA,NA,NA,NA,NA,NA,,NA,NA,NA,NA,NA,NA,NA,NA,NA,NA,NA,Quiet Waters,Chromolaena odorata,Chromolaena odorata | Marpesia petreus
Erynnis horatius,https://www.inaturalist.org/observations/200029854,Noelle,Richardia,grandiflora,Toni,100%,Thomas,25904591,bee73c29-d43a-4727-9bef-306fc9e9ef7d,3126,taxon,Interaction->Visited flower of,Interaction->Visited flower of,52078,52078,NA,349183,52078,52078,species,10,47126,,TRUE,52078,Richardia grandiflora,52079,48460/47126/211194/47125/47124/47363/47693/788064/788088/52079,"48460,47126,211194,47125,47124,47363,47693,788064,788088,52079,52078",FALSE,FALSE,2009-07-01T11:57:21+00:00,0,2,15536,FALSE,15536,NA,NA,NA,https://en.wikipedia.org/wiki/Richardia_grandiflora,Plantae,largeflower Mexican clover,18320951,NA,"(c) Vanessa Trujillo, all rights reserved, uploaded by Vanessa Trujillo",https://static.inaturalist.org/photos/18320951/square.jpg,,Vanessa Trujillo,https://static.inaturalist.org/photos/18320951/square.jpg,https://static.inaturalist.org/photos/18320951/medium.jpg,800,600,0,0,349183,joemdo,FALSE,FALSE,2016-10-12T00:08:13+00:00,joemdo,joemdo,Joe MDO,Joe MDO,NA,https://static.inaturalist.org/attachments/users/icons/349183/thumb.jpg?1662070326,126435,249147,9,375591,11568,63401,126435,,1,https://static.inaturalist.org/attachments/users/icons/349183/medium.jpg?1662070326,NA,NA,NA,NA,NA,NA,NA,NA,NA,Long Key,Richardia grandiflora,Richardia grandiflora | Erynnis horatius
Phoebis philea,https://www.inaturalist.org/observations/200452911,Thomas,Calliandra,haematocephala,Lange,100%,NA,NA,NA,NA,NA,NA,NA,NA,NA,NA,NA,NA,NA,NA,NA,NA,,NA,NA,NA,NA,NA,NA,NA,NA,NA,NA,NA,NA,NA,NA,NA,NA,NA,NA,NA,NA,NA,NA,NA,NA,,NA,NA,NA,NA,NA,NA,NA,NA,NA,NA,NA,NA,NA,NA,NA,NA,NA,NA,NA,NA,NA,NA,NA,NA,NA,,NA,NA,NA,NA,NA,NA,NA,NA,NA,NA,NA,Markham,Calliandra haematocephala,Calliandra haematocephala | Phoebis philea
Heliconius charithonia,https://www.inaturalist.org/observations/200914634,Tessa,Bidens,alba,Toni,100%,Thomas,NA,NA,NA,NA,NA,NA,NA,NA,NA,NA,NA,NA,NA,NA,NA,,NA,NA,NA,NA,NA,NA,NA,NA,NA,NA,NA,NA,NA,NA,NA,NA,NA,NA,NA,NA,NA,NA,NA,NA,,NA,NA,NA,NA,NA,NA,NA,NA,NA,NA,NA,NA,NA,NA,NA,NA,NA,NA,NA,NA,NA,NA,NA,NA,NA,,NA,NA,NA,NA,NA,NA,NA,NA,NA,NA,NA,Markham,Bidens alba,Bidens alba | Heliconius charithonia
Dryas iulia,https://www.inaturalist.org/observations/200916986,Tessa,Richardia,grandiflora,Toni,100%,Thomas,NA,NA,NA,NA,NA,NA,NA,NA,NA,NA,NA,NA,NA,NA,NA,,NA,NA,NA,NA,NA,NA,NA,NA,NA,NA,NA,NA,NA,NA,NA,NA,NA,NA,NA,NA,NA,NA,NA,NA,,NA,NA,NA,NA,NA,NA,NA,NA,NA,NA,NA,NA,NA,NA,NA,NA,NA,NA,NA,NA,NA,NA,NA,NA,NA,,NA,NA,NA,NA,NA,NA,NA,NA,NA,NA,NA,Markham,Richardia grandiflora,Richardia grandiflora | Dryas iulia
Dryas iulia,https://www.inaturalist.org/observations/201152526,Tessa,Bidens,alba,Toni,100%,Thomas,NA,NA,NA,NA,NA,NA,NA,NA,NA,NA,NA,NA,NA,NA,NA,,NA,NA,NA,NA,NA,NA,NA,NA,NA,NA,NA,NA,NA,NA,NA,NA,NA,NA,NA,NA,NA,NA,NA,NA,,NA,NA,NA,NA,NA,NA,NA,NA,NA,NA,NA,NA,NA,NA,NA,NA,NA,NA,NA,NA,NA,NA,NA,NA,NA,,NA,NA,NA,NA,NA,NA,NA,NA,NA,NA,NA,Markham,Bidens alba,Bidens alba | Dryas iulia
Panoquina ocola,https://www.inaturalist.org/observations/201152684,Tessa,Bidens,alba,Toni,100%,Thomas,NA,NA,NA,NA,NA,NA,NA,NA,NA,NA,NA,NA,NA,NA,NA,,NA,NA,NA,NA,NA,NA,NA,NA,NA,NA,NA,NA,NA,NA,NA,NA,NA,NA,NA,NA,NA,NA,NA,NA,,NA,NA,NA,NA,NA,NA,NA,NA,NA,NA,NA,NA,NA,NA,NA,NA,NA,NA,NA,NA,NA,NA,NA,NA,NA,,NA,NA,NA,NA,NA,NA,NA,NA,NA,NA,NA,Markham,Bidens alba,Bidens alba | Panoquina ocola
Heliconius charithonia,https://www.inaturalist.org/observations/201152819,Tessa,Bidens,alba,Toni,100%,Thomas,NA,NA,NA,NA,NA,NA,NA,NA,NA,NA,NA,NA,NA,NA,NA,,NA,NA,NA,NA,NA,NA,NA,NA,NA,NA,NA,NA,NA,NA,NA,NA,NA,NA,NA,NA,NA,NA,NA,NA,,NA,NA,NA,NA,NA,NA,NA,NA,NA,NA,NA,NA,NA,NA,NA,NA,NA,NA,NA,NA,NA,NA,NA,NA,NA,,NA,NA,NA,NA,NA,NA,NA,NA,NA,NA,NA,Markham,Bidens alba,Bidens alba | Heliconius charithonia
Dryas iulia,https://www.inaturalist.org/observations/201156228,Tessa,Bidens,alba,Toni,100%,Thomas,NA,NA,NA,NA,NA,NA,NA,NA,NA,NA,NA,NA,NA,NA,NA,,NA,NA,NA,NA,NA,NA,NA,NA,NA,NA,NA,NA,NA,NA,NA,NA,NA,NA,NA,NA,NA,NA,NA,NA,,NA,NA,NA,NA,NA,NA,NA,NA,NA,NA,NA,NA,NA,NA,NA,NA,NA,NA,NA,NA,NA,NA,NA,NA,NA,,NA,NA,NA,NA,NA,NA,NA,NA,NA,NA,NA,Markham,Bidens alba,Bidens alba | Dryas iulia
Danaus eresimus,https://www.inaturalist.org/observations/201157398,Tessa,Ageratum,conyzoides,Lange,100%,Thomas,NA,NA,NA,NA,NA,NA,NA,NA,NA,NA,NA,NA,NA,NA,NA,,NA,NA,NA,NA,NA,NA,NA,NA,NA,NA,NA,NA,NA,NA,NA,NA,NA,NA,NA,NA,NA,NA,NA,NA,,NA,NA,NA,NA,NA,NA,NA,NA,NA,NA,NA,NA,NA,NA,NA,NA,NA,NA,NA,NA,NA,NA,NA,NA,NA,,NA,NA,NA,NA,NA,NA,NA,NA,NA,NA,NA,Markham,Ageratum conyzoides,Ageratum conyzoides | Danaus eresimus
Danaus plexippus,https://www.inaturalist.org/observations/201158146,Tessa,Bidens,alba,Toni,100%,Thomas,NA,NA,NA,NA,NA,NA,NA,NA,NA,NA,NA,NA,NA,NA,NA,,NA,NA,NA,NA,NA,NA,NA,NA,NA,NA,NA,NA,NA,NA,NA,NA,NA,NA,NA,NA,NA,NA,NA,NA,,NA,NA,NA,NA,NA,NA,NA,NA,NA,NA,NA,NA,NA,NA,NA,NA,NA,NA,NA,NA,NA,NA,NA,NA,NA,,NA,NA,NA,NA,NA,NA,NA,NA,NA,NA,NA,Markham,Bidens alba,Bidens alba | Danaus plexippus
Danaus eresimus,https://www.inaturalist.org/observations/201158647,Tessa,Bidens,alba,Toni,100%,Thomas,NA,NA,NA,NA,NA,NA,NA,NA,NA,NA,NA,NA,NA,NA,NA,,NA,NA,NA,NA,NA,NA,NA,NA,NA,NA,NA,NA,NA,NA,NA,NA,NA,NA,NA,NA,NA,NA,NA,NA,,NA,NA,NA,NA,NA,NA,NA,NA,NA,NA,NA,NA,NA,NA,NA,NA,NA,NA,NA,NA,NA,NA,NA,NA,NA,,NA,NA,NA,NA,NA,NA,NA,NA,NA,NA,NA,Markham,Bidens alba,Bidens alba | Danaus eresimus
Cymaenes tripunctus,https://www.inaturalist.org/observations/201920134,Tessa,Bidens,alba,Toni,100%,Thomas,NA,NA,NA,NA,NA,NA,NA,NA,NA,NA,NA,NA,NA,NA,NA,,NA,NA,NA,NA,NA,NA,NA,NA,NA,NA,NA,NA,NA,NA,NA,NA,NA,NA,NA,NA,NA,NA,NA,NA,,NA,NA,NA,NA,NA,NA,NA,NA,NA,NA,NA,NA,NA,NA,NA,NA,NA,NA,NA,NA,NA,NA,NA,NA,NA,,NA,NA,NA,NA,NA,NA,NA,NA,NA,NA,NA,Markham,Bidens alba,Bidens alba | Cymaenes tripunctus
Eurema daira,https://www.inaturalist.org/observations/201922039,Tessa,Borreria,diacrodonta,Lange,100%,Thomas,NA,NA,NA,NA,NA,NA,NA,NA,NA,NA,NA,NA,NA,NA,NA,,NA,NA,NA,NA,NA,NA,NA,NA,NA,NA,NA,NA,NA,NA,NA,NA,NA,NA,NA,NA,NA,NA,NA,NA,,NA,NA,NA,NA,NA,NA,NA,NA,NA,NA,NA,NA,NA,NA,NA,NA,NA,NA,NA,NA,NA,NA,NA,NA,NA,,NA,NA,NA,NA,NA,NA,NA,NA,NA,NA,NA,Markham,Borreria diacrodonta,Borreria diacrodonta | Eurema daira
Danaus eresimus,https://www.inaturalist.org/observations/201922072,Thomas,Ageratum,conyzoides,Lange,100%,NA,NA,NA,NA,NA,NA,NA,NA,NA,NA,NA,NA,NA,NA,NA,NA,,NA,NA,NA,NA,NA,NA,NA,NA,NA,NA,NA,NA,NA,NA,NA,NA,NA,NA,NA,NA,NA,NA,NA,NA,,NA,NA,NA,NA,NA,NA,NA,NA,NA,NA,NA,NA,NA,NA,NA,NA,NA,NA,NA,NA,NA,NA,NA,NA,NA,,NA,NA,NA,NA,NA,NA,NA,NA,NA,NA,NA,Markham,Ageratum conyzoides,Ageratum conyzoides | Danaus eresimus
Heliconius charithonia,https://www.inaturalist.org/observations/201956584,Thomas,Bidens,alba,Toni,100%,NA,NA,NA,NA,NA,NA,NA,NA,NA,NA,NA,NA,NA,NA,NA,NA,,NA,NA,NA,NA,NA,NA,NA,NA,NA,NA,NA,NA,NA,NA,NA,NA,NA,NA,NA,NA,NA,NA,NA,NA,,NA,NA,NA,NA,NA,NA,NA,NA,NA,NA,NA,NA,NA,NA,NA,NA,NA,NA,NA,NA,NA,NA,NA,NA,NA,,NA,NA,NA,NA,NA,NA,NA,NA,NA,NA,NA,Vista View,Bidens alba,Bidens alba | Heliconius charithonia
Danaus plexippus,https://www.inaturalist.org/observations/204236672,Tessa,Asclepias,curassavica,Toni,100%,Thomas,NA,NA,NA,NA,NA,NA,NA,NA,NA,NA,NA,NA,NA,NA,NA,,NA,NA,NA,NA,NA,NA,NA,NA,NA,NA,NA,NA,NA,NA,NA,NA,NA,NA,NA,NA,NA,NA,NA,NA,,NA,NA,NA,NA,NA,NA,NA,NA,NA,NA,NA,NA,NA,NA,NA,NA,NA,NA,NA,NA,NA,NA,NA,NA,NA,,NA,NA,NA,NA,NA,NA,NA,NA,NA,NA,NA,Markham,Asclepias curassavica,Asclepias curassavica | Danaus plexippus
Apis mellifera,https://www.inaturalist.org/observations/204631870,Tessa,Erigeron,quercifolius,Toni,100%,Thomas,NA,NA,NA,NA,NA,NA,NA,NA,NA,NA,NA,NA,NA,NA,NA,,NA,NA,NA,NA,NA,NA,NA,NA,NA,NA,NA,NA,NA,NA,NA,NA,NA,NA,NA,NA,NA,NA,NA,NA,,NA,NA,NA,NA,NA,NA,NA,NA,NA,NA,NA,NA,NA,NA,NA,NA,NA,NA,NA,NA,NA,NA,NA,NA,NA,,NA,NA,NA,NA,NA,NA,NA,NA,NA,NA,NA,Quiet Waters,Erigeron quercifolius,Erigeron quercifolius | Apis mellifera
Halictus poeyi,https://www.inaturalist.org/observations/204631873,Thomas,Erigeron,quercifolius,Toni,100%,NA,NA,NA,NA,NA,NA,NA,NA,NA,NA,NA,NA,NA,NA,NA,NA,,NA,NA,NA,NA,NA,NA,NA,NA,NA,NA,NA,NA,NA,NA,NA,NA,NA,NA,NA,NA,NA,NA,NA,NA,,NA,NA,NA,NA,NA,NA,NA,NA,NA,NA,NA,NA,NA,NA,NA,NA,NA,NA,NA,NA,NA,NA,NA,NA,NA,,NA,NA,NA,NA,NA,NA,NA,NA,NA,NA,NA,Quiet Waters,Erigeron quercifolius,Erigeron quercifolius | Halictus poeyi
Danaus plexippus,https://www.inaturalist.org/observations/205285536,MaryJo,Bidens,alba,Toni,100%,Thomas,NA,NA,NA,NA,NA,NA,NA,NA,NA,NA,NA,NA,NA,NA,NA,,NA,NA,NA,NA,NA,NA,NA,NA,NA,NA,NA,NA,NA,NA,NA,NA,NA,NA,NA,NA,NA,NA,NA,NA,,NA,NA,NA,NA,NA,NA,NA,NA,NA,NA,NA,NA,NA,NA,NA,NA,NA,NA,NA,NA,NA,NA,NA,NA,NA,,NA,NA,NA,NA,NA,NA,NA,NA,NA,NA,NA,Military Trail,Bidens alba,Bidens alba | Danaus plexippus
Eurema daira,https://www.inaturalist.org/observations/205525456,Thomas,Richardia,grandiflora,Toni,100%,NA,NA,NA,NA,NA,NA,NA,NA,NA,NA,NA,NA,NA,NA,NA,NA,,NA,NA,NA,NA,NA,NA,NA,NA,NA,NA,NA,NA,NA,NA,NA,NA,NA,NA,NA,NA,NA,NA,NA,NA,,NA,NA,NA,NA,NA,NA,NA,NA,NA,NA,NA,NA,NA,NA,NA,NA,NA,NA,NA,NA,NA,NA,NA,NA,NA,,NA,NA,NA,NA,NA,NA,NA,NA,NA,NA,NA,Markham,Richardia grandiflora,Richardia grandiflora | Eurema daira
Ascia monuste,https://www.inaturalist.org/observations/205908408,Tessa,Gaillardia,pulchella,Toni,100%,Thomas,NA,NA,NA,NA,NA,NA,NA,NA,NA,NA,NA,NA,NA,NA,NA,,NA,NA,NA,NA,NA,NA,NA,NA,NA,NA,NA,NA,NA,NA,NA,NA,NA,NA,NA,NA,NA,NA,NA,NA,,NA,NA,NA,NA,NA,NA,NA,NA,NA,NA,NA,NA,NA,NA,NA,NA,NA,NA,NA,NA,NA,NA,NA,NA,NA,,NA,NA,NA,NA,NA,NA,NA,NA,NA,NA,NA,Markham,Gaillardia pulchella,Gaillardia pulchella | Ascia monuste
Dryas iulia,https://www.inaturalist.org/observations/205908412,Tessa,Psychotria,nervosa,Toni,100%,Thomas,NA,NA,NA,NA,NA,NA,NA,NA,NA,NA,NA,NA,NA,NA,NA,,NA,NA,NA,NA,NA,NA,NA,NA,NA,NA,NA,NA,NA,NA,NA,NA,NA,NA,NA,NA,NA,NA,NA,NA,,NA,NA,NA,NA,NA,NA,NA,NA,NA,NA,NA,NA,NA,NA,NA,NA,NA,NA,NA,NA,NA,NA,NA,NA,NA,,NA,NA,NA,NA,NA,NA,NA,NA,NA,NA,NA,Markham,Psychotria nervosa,Psychotria nervosa | Dryas iulia
Phoebis philea,https://www.inaturalist.org/observations/205908415,Tessa,Lonicera,sempervirens,Toni,100%,Thomas,NA,NA,NA,NA,NA,NA,NA,NA,NA,NA,NA,NA,NA,NA,NA,,NA,NA,NA,NA,NA,NA,NA,NA,NA,NA,NA,NA,NA,NA,NA,NA,NA,NA,NA,NA,NA,NA,NA,NA,,NA,NA,NA,NA,NA,NA,NA,NA,NA,NA,NA,NA,NA,NA,NA,NA,NA,NA,NA,NA,NA,NA,NA,NA,NA,,NA,NA,NA,NA,NA,NA,NA,NA,NA,NA,NA,Markham,Lonicera sempervirens,Lonicera sempervirens | Phoebis philea
Dione vanillae,https://www.inaturalist.org/observations/205908444,Tessa,Lantana,strigocamara,Toni,100%,Thomas,NA,NA,NA,NA,NA,NA,NA,NA,NA,NA,NA,NA,NA,NA,NA,,NA,NA,NA,NA,NA,NA,NA,NA,NA,NA,NA,NA,NA,NA,NA,NA,NA,NA,NA,NA,NA,NA,NA,NA,,NA,NA,NA,NA,NA,NA,NA,NA,NA,NA,NA,NA,NA,NA,NA,NA,NA,NA,NA,NA,NA,NA,NA,NA,NA,,NA,NA,NA,NA,NA,NA,NA,NA,NA,NA,NA,Markham,Lantana strigocamara,Lantana strigocamara | Dione vanillae
Asbolis capucinus,https://www.inaturalist.org/observations/206859157,Tessa,Turnera,ulmifolia,Toni,100%,Thomas,NA,NA,NA,NA,NA,NA,NA,NA,NA,NA,NA,NA,NA,NA,NA,,NA,NA,NA,NA,NA,NA,NA,NA,NA,NA,NA,NA,NA,NA,NA,NA,NA,NA,NA,NA,NA,NA,NA,NA,,NA,NA,NA,NA,NA,NA,NA,NA,NA,NA,NA,NA,NA,NA,NA,NA,NA,NA,NA,NA,NA,NA,NA,NA,NA,,NA,NA,NA,NA,NA,NA,NA,NA,NA,NA,NA,Markham,Turnera ulmifolia,Turnera ulmifolia | Asbolis capucinus
Chlorostrymon maesites,https://www.inaturalist.org/observations/208721067,Noelle,Coccoloba,uvifera,Lange,100%,Thomas,NA,NA,NA,NA,NA,NA,NA,NA,NA,NA,NA,NA,NA,NA,NA,,NA,NA,NA,NA,NA,NA,NA,NA,NA,NA,NA,NA,NA,NA,NA,NA,NA,NA,NA,NA,NA,NA,NA,NA,,NA,NA,NA,NA,NA,NA,NA,NA,NA,NA,NA,NA,NA,NA,NA,NA,NA,NA,NA,NA,NA,NA,NA,NA,NA,,NA,NA,NA,NA,NA,NA,NA,NA,NA,NA,NA,Quiet Waters,Coccoloba uvifera,Coccoloba uvifera | Chlorostrymon maesites
Apis mellifera,https://www.inaturalist.org/observations/210306180,MaryJo,Spermacoce,verticillata,Toni,100%,Thomas,26769841,eb09e85b-4d22-43ac-9af4-91b2c70eb276,3126,taxon,Interaction->Visited flower of,Interaction->Visited flower of,169171,169171,4573202,4573202,169171,169171,species,10,47126,,TRUE,169171,Spermacoce verticillata,131832,48460/47126/211194/47125/47124/47363/47693/788064/788088/131832,"48460,47126,211194,47125,47124,47363,47693,788064,788088,131832,169171",FALSE,FALSE,2012-10-22T22:59:30+00:00,1,3,12116,FALSE,12116,NA,NA,NA,https://en.wikipedia.org/wiki/Spermacoce_verticillata,Plantae,shrubby false buttonweed,2690565,NA,"(c) Jay Keller, all rights reserved, uploaded by Jay Keller",https://static.inaturalist.org/photos/2690565/square.jpg,,Jay Keller,https://static.inaturalist.org/photos/2690565/square.jpg,https://static.inaturalist.org/photos/2690565/medium.jpg,1536,2048,0,0,4573202,gatorhawk,FALSE,FALSE,2021-06-12T12:38:13+00:00,gatorhawk,gatorhawk,Josiah Londerée,Josiah Londerée,NA,https://static.inaturalist.org/attachments/users/icons/4573202/thumb.jpeg?1726415157,31904,129404,0,161308,6903,2318,31904,,1,https://static.inaturalist.org/attachments/users/icons/4573202/medium.jpeg?1726415157,NA,NA,NA,NA,NA,NA,NA,NA,NA,Military Trail,Spermacoce verticillata,Spermacoce verticillata | Apis mellifera
Heliconius charithonia,https://www.inaturalist.org/observations/211314164,MaryJo,Bidens,alba,Toni,100%,Thomas,NA,NA,NA,NA,NA,NA,NA,NA,NA,NA,NA,NA,NA,NA,NA,,NA,NA,NA,NA,NA,NA,NA,NA,NA,NA,NA,NA,NA,NA,NA,NA,NA,NA,NA,NA,NA,NA,NA,NA,,NA,NA,NA,NA,NA,NA,NA,NA,NA,NA,NA,NA,NA,NA,NA,NA,NA,NA,NA,NA,NA,NA,NA,NA,NA,,NA,NA,NA,NA,NA,NA,NA,NA,NA,NA,NA,Military Trail,Bidens alba,Bidens alba | Heliconius charithonia
Thorybes dorantes,https://www.inaturalist.org/observations/211911139,Tessa,Bidens,alba,Toni,100%,Thomas,NA,NA,NA,NA,NA,NA,NA,NA,NA,NA,NA,NA,NA,NA,NA,,NA,NA,NA,NA,NA,NA,NA,NA,NA,NA,NA,NA,NA,NA,NA,NA,NA,NA,NA,NA,NA,NA,NA,NA,,NA,NA,NA,NA,NA,NA,NA,NA,NA,NA,NA,NA,NA,NA,NA,NA,NA,NA,NA,NA,NA,NA,NA,NA,NA,,NA,NA,NA,NA,NA,NA,NA,NA,NA,NA,NA,Markham,Bidens alba,Bidens alba | Thorybes dorantes
Cymaenes tripunctus,https://www.inaturalist.org/observations/211912727,Tessa,Richardia,grandiflora,Toni,100%,Thomas,NA,NA,NA,NA,NA,NA,NA,NA,NA,NA,NA,NA,NA,NA,NA,,NA,NA,NA,NA,NA,NA,NA,NA,NA,NA,NA,NA,NA,NA,NA,NA,NA,NA,NA,NA,NA,NA,NA,NA,,NA,NA,NA,NA,NA,NA,NA,NA,NA,NA,NA,NA,NA,NA,NA,NA,NA,NA,NA,NA,NA,NA,NA,NA,NA,,NA,NA,NA,NA,NA,NA,NA,NA,NA,NA,NA,Markham,Richardia grandiflora,Richardia grandiflora | Cymaenes tripunctus
Danaus eresimus,https://www.inaturalist.org/observations/211913662,Tessa,Asclepias,curassavica,Toni,100%,Thomas,NA,NA,NA,NA,NA,NA,NA,NA,NA,NA,NA,NA,NA,NA,NA,,NA,NA,NA,NA,NA,NA,NA,NA,NA,NA,NA,NA,NA,NA,NA,NA,NA,NA,NA,NA,NA,NA,NA,NA,,NA,NA,NA,NA,NA,NA,NA,NA,NA,NA,NA,NA,NA,NA,NA,NA,NA,NA,NA,NA,NA,NA,NA,NA,NA,,NA,NA,NA,NA,NA,NA,NA,NA,NA,NA,NA,Markham,Asclepias curassavica,Asclepias curassavica | Danaus eresimus
Danaus plexippus,https://www.inaturalist.org/observations/211917657,Tessa,Psychotria,nervosa,Toni,100%,Thomas,NA,NA,NA,NA,NA,NA,NA,NA,NA,NA,NA,NA,NA,NA,NA,,NA,NA,NA,NA,NA,NA,NA,NA,NA,NA,NA,NA,NA,NA,NA,NA,NA,NA,NA,NA,NA,NA,NA,NA,,NA,NA,NA,NA,NA,NA,NA,NA,NA,NA,NA,NA,NA,NA,NA,NA,NA,NA,NA,NA,NA,NA,NA,NA,NA,,NA,NA,NA,NA,NA,NA,NA,NA,NA,NA,NA,Markham,Psychotria nervosa,Psychotria nervosa | Danaus plexippus
Dryas iulia,https://www.inaturalist.org/observations/212062357,MaryJo,Bidens,alba,Adam,100%,Thomas,NA,NA,NA,NA,NA,NA,NA,NA,NA,NA,NA,NA,NA,NA,NA,,NA,NA,NA,NA,NA,NA,NA,NA,NA,NA,NA,NA,NA,NA,NA,NA,NA,NA,NA,NA,NA,NA,NA,NA,,NA,NA,NA,NA,NA,NA,NA,NA,NA,NA,NA,NA,NA,NA,NA,NA,NA,NA,NA,NA,NA,NA,NA,NA,NA,,NA,NA,NA,NA,NA,NA,NA,NA,NA,NA,NA,Military Trail,Bidens alba,Bidens alba | Dryas iulia
Apis mellifera,https://www.inaturalist.org/observations/212352767,Thomas,Opuntia,stricta,Toni,100%,NA,NA,NA,NA,NA,NA,NA,NA,NA,NA,NA,NA,NA,NA,NA,NA,,NA,NA,NA,NA,NA,NA,NA,NA,NA,NA,NA,NA,NA,NA,NA,NA,NA,NA,NA,NA,NA,NA,NA,NA,,NA,NA,NA,NA,NA,NA,NA,NA,NA,NA,NA,NA,NA,NA,NA,NA,NA,NA,NA,NA,NA,NA,NA,NA,NA,,NA,NA,NA,NA,NA,NA,NA,NA,NA,NA,NA,Highlands Scrub,Opuntia stricta,Opuntia stricta | Apis mellifera
Danaus plexippus,https://www.inaturalist.org/observations/212398699,MaryJo,Bidens,alba,Toni,100%,Thomas,NA,NA,NA,NA,NA,NA,NA,NA,NA,NA,NA,NA,NA,NA,NA,,NA,NA,NA,NA,NA,NA,NA,NA,NA,NA,NA,NA,NA,NA,NA,NA,NA,NA,NA,NA,NA,NA,NA,NA,,NA,NA,NA,NA,NA,NA,NA,NA,NA,NA,NA,NA,NA,NA,NA,NA,NA,NA,NA,NA,NA,NA,NA,NA,NA,,NA,NA,NA,NA,NA,NA,NA,NA,NA,NA,NA,Military Trail,Bidens alba,Bidens alba | Danaus plexippus
Dryas iulia,https://www.inaturalist.org/observations/212398951,MaryJo,Bidens,alba,Toni,100%,Thomas,NA,NA,NA,NA,NA,NA,NA,NA,NA,NA,NA,NA,NA,NA,NA,,NA,NA,NA,NA,NA,NA,NA,NA,NA,NA,NA,NA,NA,NA,NA,NA,NA,NA,NA,NA,NA,NA,NA,NA,,NA,NA,NA,NA,NA,NA,NA,NA,NA,NA,NA,NA,NA,NA,NA,NA,NA,NA,NA,NA,NA,NA,NA,NA,NA,,NA,NA,NA,NA,NA,NA,NA,NA,NA,NA,NA,Military Trail,Bidens alba,Bidens alba | Dryas iulia
Heliconius charithonia,https://www.inaturalist.org/observations/212399558,Thomas,Bidens,alba,Lange,100%,NA,NA,NA,NA,NA,NA,NA,NA,NA,NA,NA,NA,NA,NA,NA,NA,,NA,NA,NA,NA,NA,NA,NA,NA,NA,NA,NA,NA,NA,NA,NA,NA,NA,NA,NA,NA,NA,NA,NA,NA,,NA,NA,NA,NA,NA,NA,NA,NA,NA,NA,NA,NA,NA,NA,NA,NA,NA,NA,NA,NA,NA,NA,NA,NA,NA,,NA,NA,NA,NA,NA,NA,NA,NA,NA,NA,NA,Military Trail,Bidens alba,Bidens alba | Heliconius charithonia
Marpesia petreus,https://www.inaturalist.org/observations/212404091,MaryJo,Chrysobalanus,icaco,Lange,100%,Thomas,NA,NA,NA,NA,NA,NA,NA,NA,NA,NA,NA,NA,NA,NA,NA,,NA,NA,NA,NA,NA,NA,NA,NA,NA,NA,NA,NA,NA,NA,NA,NA,NA,NA,NA,NA,NA,NA,NA,NA,,NA,NA,NA,NA,NA,NA,NA,NA,NA,NA,NA,NA,NA,NA,NA,NA,NA,NA,NA,NA,NA,NA,NA,NA,NA,,NA,NA,NA,NA,NA,NA,NA,NA,NA,NA,NA,Military Trail,Chrysobalanus icaco,Chrysobalanus icaco | Marpesia petreus
Heliconius charithonia,https://www.inaturalist.org/observations/212697420,Thomas,Bidens,alba,Lange,100%,NA,NA,NA,NA,NA,NA,NA,NA,NA,NA,NA,NA,NA,NA,NA,NA,,NA,NA,NA,NA,NA,NA,NA,NA,NA,NA,NA,NA,NA,NA,NA,NA,NA,NA,NA,NA,NA,NA,NA,NA,,NA,NA,NA,NA,NA,NA,NA,NA,NA,NA,NA,NA,NA,NA,NA,NA,NA,NA,NA,NA,NA,NA,NA,NA,NA,,NA,NA,NA,NA,NA,NA,NA,NA,NA,NA,NA,Markham,Bidens alba,Bidens alba | Heliconius charithonia
Dryas iulia,https://www.inaturalist.org/observations/212774288,Thomas,Spermacoce,verticillata,Toni,100%,Thomas,NA,NA,NA,NA,NA,NA,NA,NA,NA,NA,NA,NA,NA,NA,NA,,NA,NA,NA,NA,NA,NA,NA,NA,NA,NA,NA,NA,NA,NA,NA,NA,NA,NA,NA,NA,NA,NA,NA,NA,,NA,NA,NA,NA,NA,NA,NA,NA,NA,NA,NA,NA,NA,NA,NA,NA,NA,NA,NA,NA,NA,NA,NA,NA,NA,,NA,NA,NA,NA,NA,NA,NA,NA,NA,NA,NA,Markham,Spermacoce verticillata,Spermacoce verticillata | Dryas iulia
Hylephila phyleus,https://www.inaturalist.org/observations/212774308,Tessa,Bidens,alba,Toni,100%,Thomas,NA,NA,NA,NA,NA,NA,NA,NA,NA,NA,NA,NA,NA,NA,NA,,NA,NA,NA,NA,NA,NA,NA,NA,NA,NA,NA,NA,NA,NA,NA,NA,NA,NA,NA,NA,NA,NA,NA,NA,,NA,NA,NA,NA,NA,NA,NA,NA,NA,NA,NA,NA,NA,NA,NA,NA,NA,NA,NA,NA,NA,NA,NA,NA,NA,,NA,NA,NA,NA,NA,NA,NA,NA,NA,NA,NA,Markham,Bidens alba,Bidens alba | Hylephila phyleus
Anartia jatrophae,https://www.inaturalist.org/observations/212774309,Tessa,Phyla,nodiflora,Toni,100%,Thomas,NA,NA,NA,NA,NA,NA,NA,NA,NA,NA,NA,NA,NA,NA,NA,,NA,NA,NA,NA,NA,NA,NA,NA,NA,NA,NA,NA,NA,NA,NA,NA,NA,NA,NA,NA,NA,NA,NA,NA,,NA,NA,NA,NA,NA,NA,NA,NA,NA,NA,NA,NA,NA,NA,NA,NA,NA,NA,NA,NA,NA,NA,NA,NA,NA,,NA,NA,NA,NA,NA,NA,NA,NA,NA,NA,NA,Markham,Phyla nodiflora,Phyla nodiflora | Anartia jatrophae
Thorybes dorantes,https://www.inaturalist.org/observations/212775147,Tessa,Richardia,grandiflora,Toni,100%,Thomas,NA,NA,NA,NA,NA,NA,NA,NA,NA,NA,NA,NA,NA,NA,NA,,NA,NA,NA,NA,NA,NA,NA,NA,NA,NA,NA,NA,NA,NA,NA,NA,NA,NA,NA,NA,NA,NA,NA,NA,,NA,NA,NA,NA,NA,NA,NA,NA,NA,NA,NA,NA,NA,NA,NA,NA,NA,NA,NA,NA,NA,NA,NA,NA,NA,,NA,NA,NA,NA,NA,NA,NA,NA,NA,NA,NA,Markham,Richardia grandiflora,Richardia grandiflora | Thorybes dorantes
Ascia monuste,https://www.inaturalist.org/observations/212775156,Tessa,Spermacoce,verticillata,Lange,100%,Thomas,NA,NA,NA,NA,NA,NA,NA,NA,NA,NA,NA,NA,NA,NA,NA,,NA,NA,NA,NA,NA,NA,NA,NA,NA,NA,NA,NA,NA,NA,NA,NA,NA,NA,NA,NA,NA,NA,NA,NA,,NA,NA,NA,NA,NA,NA,NA,NA,NA,NA,NA,NA,NA,NA,NA,NA,NA,NA,NA,NA,NA,NA,NA,NA,NA,,NA,NA,NA,NA,NA,NA,NA,NA,NA,NA,NA,Markham,Spermacoce verticillata,Spermacoce verticillata | Ascia monuste
Apis mellifera,https://www.inaturalist.org/observations/212785917,Tessa,Psychotria,nervosa,Toni,100%,Thomas,NA,NA,NA,NA,NA,NA,NA,NA,NA,NA,NA,NA,NA,NA,NA,,NA,NA,NA,NA,NA,NA,NA,NA,NA,NA,NA,NA,NA,NA,NA,NA,NA,NA,NA,NA,NA,NA,NA,NA,,NA,NA,NA,NA,NA,NA,NA,NA,NA,NA,NA,NA,NA,NA,NA,NA,NA,NA,NA,NA,NA,NA,NA,NA,NA,,NA,NA,NA,NA,NA,NA,NA,NA,NA,NA,NA,Markham,Psychotria nervosa,Psychotria nervosa | Apis mellifera
Heliconius charithonia,https://www.inaturalist.org/observations/212791039,Thomas,Thelypteris,kunthii,Lange,100%,NA,NA,NA,NA,NA,NA,NA,NA,NA,NA,NA,NA,NA,NA,NA,NA,,NA,NA,NA,NA,NA,NA,NA,NA,NA,NA,NA,NA,NA,NA,NA,NA,NA,NA,NA,NA,NA,NA,NA,NA,,NA,NA,NA,NA,NA,NA,NA,NA,NA,NA,NA,NA,NA,NA,NA,NA,NA,NA,NA,NA,NA,NA,NA,NA,NA,,NA,NA,NA,NA,NA,NA,NA,NA,NA,NA,NA,Markham,Thelypteris kunthii,Thelypteris kunthii | Heliconius charithonia
Apis mellifera,https://www.inaturalist.org/observations/212849028,MaryJo,Serenoa,repens,Toni,100%,Thomas,NA,NA,NA,NA,NA,NA,NA,NA,NA,NA,NA,NA,NA,NA,NA,,NA,NA,NA,NA,NA,NA,NA,NA,NA,NA,NA,NA,NA,NA,NA,NA,NA,NA,NA,NA,NA,NA,NA,NA,,NA,NA,NA,NA,NA,NA,NA,NA,NA,NA,NA,NA,NA,NA,NA,NA,NA,NA,NA,NA,NA,NA,NA,NA,NA,,NA,NA,NA,NA,NA,NA,NA,NA,NA,NA,NA,Military Trail,Serenoa repens,Serenoa repens | Apis mellifera
Sceliphron caementarium,https://www.inaturalist.org/observations/212849055,MaryJo,Urena,lobata,Lange,100%,Thomas,NA,NA,NA,NA,NA,NA,NA,NA,NA,NA,NA,NA,NA,NA,NA,,NA,NA,NA,NA,NA,NA,NA,NA,NA,NA,NA,NA,NA,NA,NA,NA,NA,NA,NA,NA,NA,NA,NA,NA,,NA,NA,NA,NA,NA,NA,NA,NA,NA,NA,NA,NA,NA,NA,NA,NA,NA,NA,NA,NA,NA,NA,NA,NA,NA,,NA,NA,NA,NA,NA,NA,NA,NA,NA,NA,NA,Military Trail,Urena lobata,Urena lobata | Sceliphron caementarium
Apis mellifera,https://www.inaturalist.org/observations/213045671,Noelle,Psychotria,nervosa,Toni,100%,Thomas,NA,NA,NA,NA,NA,NA,NA,NA,NA,NA,NA,NA,NA,NA,NA,,NA,NA,NA,NA,NA,NA,NA,NA,NA,NA,NA,NA,NA,NA,NA,NA,NA,NA,NA,NA,NA,NA,NA,NA,,NA,NA,NA,NA,NA,NA,NA,NA,NA,NA,NA,NA,NA,NA,NA,NA,NA,NA,NA,NA,NA,NA,NA,NA,NA,,NA,NA,NA,NA,NA,NA,NA,NA,NA,NA,NA,Long Key,Psychotria nervosa,Psychotria nervosa | Apis mellifera
Anartia jatrophae,https://www.inaturalist.org/observations/213269863,Tessa,Spermacoce,verticillata,Toni,100%,Thomas,NA,NA,NA,NA,NA,NA,NA,NA,NA,NA,NA,NA,NA,NA,NA,,NA,NA,NA,NA,NA,NA,NA,NA,NA,NA,NA,NA,NA,NA,NA,NA,NA,NA,NA,NA,NA,NA,NA,NA,,NA,NA,NA,NA,NA,NA,NA,NA,NA,NA,NA,NA,NA,NA,NA,NA,NA,NA,NA,NA,NA,NA,NA,NA,NA,,NA,NA,NA,NA,NA,NA,NA,NA,NA,NA,NA,Markham,Spermacoce verticillata,Spermacoce verticillata | Anartia jatrophae
Danaus plexippus,https://www.inaturalist.org/observations/213269876,Tessa,Bidens,alba,Toni,100%,Thomas,NA,NA,NA,NA,NA,NA,NA,NA,NA,NA,NA,NA,NA,NA,NA,,NA,NA,NA,NA,NA,NA,NA,NA,NA,NA,NA,NA,NA,NA,NA,NA,NA,NA,NA,NA,NA,NA,NA,NA,,NA,NA,NA,NA,NA,NA,NA,NA,NA,NA,NA,NA,NA,NA,NA,NA,NA,NA,NA,NA,NA,NA,NA,NA,NA,,NA,NA,NA,NA,NA,NA,NA,NA,NA,NA,NA,Markham,Bidens alba,Bidens alba | Danaus plexippus
Atalopedes huron,https://www.inaturalist.org/observations/213506674,Lucas,Bidens,alba,Toni,100%,Thomas,NA,NA,NA,NA,NA,NA,NA,NA,NA,NA,NA,NA,NA,NA,NA,,NA,NA,NA,NA,NA,NA,NA,NA,NA,NA,NA,NA,NA,NA,NA,NA,NA,NA,NA,NA,NA,NA,NA,NA,,NA,NA,NA,NA,NA,NA,NA,NA,NA,NA,NA,NA,NA,NA,NA,NA,NA,NA,NA,NA,NA,NA,NA,NA,NA,,NA,NA,NA,NA,NA,NA,NA,NA,NA,NA,NA,Quiet Waters,Bidens alba,Bidens alba | Atalopedes huron
Marpesia petreus,https://www.inaturalist.org/observations/215622648,Noelle,Psychotria,nervosa,Toni,100%,Thomas,NA,NA,NA,NA,NA,NA,NA,NA,NA,NA,NA,NA,NA,NA,NA,,NA,NA,NA,NA,NA,NA,NA,NA,NA,NA,NA,NA,NA,NA,NA,NA,NA,NA,NA,NA,NA,NA,NA,NA,,NA,NA,NA,NA,NA,NA,NA,NA,NA,NA,NA,NA,NA,NA,NA,NA,NA,NA,NA,NA,NA,NA,NA,NA,NA,,NA,NA,NA,NA,NA,NA,NA,NA,NA,NA,NA,Long Key,Psychotria nervosa,Psychotria nervosa | Marpesia petreus
Dryas iulia,https://www.inaturalist.org/observations/215690746,Thomas,Psychotria,nervosa,Toni,100%,NA,NA,NA,NA,NA,NA,NA,NA,NA,NA,NA,NA,NA,NA,NA,NA,,NA,NA,NA,NA,NA,NA,NA,NA,NA,NA,NA,NA,NA,NA,NA,NA,NA,NA,NA,NA,NA,NA,NA,NA,,NA,NA,NA,NA,NA,NA,NA,NA,NA,NA,NA,NA,NA,NA,NA,NA,NA,NA,NA,NA,NA,NA,NA,NA,NA,,NA,NA,NA,NA,NA,NA,NA,NA,NA,NA,NA,Markham,Psychotria nervosa,Psychotria nervosa | Dryas iulia
Heliconius charithonia,https://www.inaturalist.org/observations/217914426,Thomas,Phyla,nodiflora,Toni,100%,NA,NA,NA,NA,NA,NA,NA,NA,NA,NA,NA,NA,NA,NA,NA,NA,,NA,NA,NA,NA,NA,NA,NA,NA,NA,NA,NA,NA,NA,NA,NA,NA,NA,NA,NA,NA,NA,NA,NA,NA,,NA,NA,NA,NA,NA,NA,NA,NA,NA,NA,NA,NA,NA,NA,NA,NA,NA,NA,NA,NA,NA,NA,NA,NA,NA,,NA,NA,NA,NA,NA,NA,NA,NA,NA,NA,NA,Vista View,Phyla nodiflora,Phyla nodiflora | Heliconius charithonia
Heliconius charithonia,https://www.inaturalist.org/observations/219035158,Thomas,Hamelia,patens,Toni,100%,NA,NA,NA,NA,NA,NA,NA,NA,NA,NA,NA,NA,NA,NA,NA,NA,,NA,NA,NA,NA,NA,NA,NA,NA,NA,NA,NA,NA,NA,NA,NA,NA,NA,NA,NA,NA,NA,NA,NA,NA,,NA,NA,NA,NA,NA,NA,NA,NA,NA,NA,NA,NA,NA,NA,NA,NA,NA,NA,NA,NA,NA,NA,NA,NA,NA,,NA,NA,NA,NA,NA,NA,NA,NA,NA,NA,NA,Markham,Hamelia patens,Hamelia patens | Heliconius charithonia
Danaus eresimus,https://www.inaturalist.org/observations/219037208,Thomas,Ageratum,conyzoides,Adam,100%,Thomas,NA,NA,NA,NA,NA,NA,NA,NA,NA,NA,NA,NA,NA,NA,NA,,NA,NA,NA,NA,NA,NA,NA,NA,NA,NA,NA,NA,NA,NA,NA,NA,NA,NA,NA,NA,NA,NA,NA,NA,,NA,NA,NA,NA,NA,NA,NA,NA,NA,NA,NA,NA,NA,NA,NA,NA,NA,NA,NA,NA,NA,NA,NA,NA,NA,,NA,NA,NA,NA,NA,NA,NA,NA,NA,NA,NA,Markham,Ageratum conyzoides,Ageratum conyzoides | Danaus eresimus
Dione vanillae,https://www.inaturalist.org/observations/219037587,Thomas,Jatropha,integerrima,Toni,100%,NA,NA,NA,NA,NA,NA,NA,NA,NA,NA,NA,NA,NA,NA,NA,NA,,NA,NA,NA,NA,NA,NA,NA,NA,NA,NA,NA,NA,NA,NA,NA,NA,NA,NA,NA,NA,NA,NA,NA,NA,,NA,NA,NA,NA,NA,NA,NA,NA,NA,NA,NA,NA,NA,NA,NA,NA,NA,NA,NA,NA,NA,NA,NA,NA,NA,,NA,NA,NA,NA,NA,NA,NA,NA,NA,NA,NA,Markham,Jatropha integerrima,Jatropha integerrima | Dione vanillae
Pyrausta tyralis,https://www.inaturalist.org/observations/220262363,Thomas,Spermacoce,verticillata,Toni,100%,NA,NA,NA,NA,NA,NA,NA,NA,NA,NA,NA,NA,NA,NA,NA,NA,,NA,NA,NA,NA,NA,NA,NA,NA,NA,NA,NA,NA,NA,NA,NA,NA,NA,NA,NA,NA,NA,NA,NA,NA,,NA,NA,NA,NA,NA,NA,NA,NA,NA,NA,NA,NA,NA,NA,NA,NA,NA,NA,NA,NA,NA,NA,NA,NA,NA,,NA,NA,NA,NA,NA,NA,NA,NA,NA,NA,NA,Vista View,Spermacoce verticillata,Spermacoce verticillata | Pyrausta tyralis
Cymaenes tripunctus,https://www.inaturalist.org/observations/224409514,Thomas,Turnera,ulmifolia,Toni,100%,NA,NA,NA,NA,NA,NA,NA,NA,NA,NA,NA,NA,NA,NA,NA,NA,,NA,NA,NA,NA,NA,NA,NA,NA,NA,NA,NA,NA,NA,NA,NA,NA,NA,NA,NA,NA,NA,NA,NA,NA,,NA,NA,NA,NA,NA,NA,NA,NA,NA,NA,NA,NA,NA,NA,NA,NA,NA,NA,NA,NA,NA,NA,NA,NA,NA,,NA,NA,NA,NA,NA,NA,NA,NA,NA,NA,NA,Markham,Turnera ulmifolia,Turnera ulmifolia | Cymaenes tripunctus
Phyciodes phaon,https://www.inaturalist.org/observations/224409852,Thomas,Spermacoce,verticillata,Lange,100%,NA,NA,NA,NA,NA,NA,NA,NA,NA,NA,NA,NA,NA,NA,NA,NA,,NA,NA,NA,NA,NA,NA,NA,NA,NA,NA,NA,NA,NA,NA,NA,NA,NA,NA,NA,NA,NA,NA,NA,NA,,NA,NA,NA,NA,NA,NA,NA,NA,NA,NA,NA,NA,NA,NA,NA,NA,NA,NA,NA,NA,NA,NA,NA,NA,NA,,NA,NA,NA,NA,NA,NA,NA,NA,NA,NA,NA,Markham,Spermacoce verticillata,Spermacoce verticillata | Phyciodes phaon
