Taxon.name,URL,Tagged.by,Flower_Genus,Flower_species,Flower_IDer,FLW_ID_Conf,project,id.y,uuid,field_id,datatype,name,name_ci,value,value_ci,updater_id,user_id,taxon_id,taxon.id,taxon.rank,taxon.rank_level,taxon.iconic_taxon_id,taxon.ancestor_ids,taxon.is_active,taxon.min_species_taxon_id,taxon.name,taxon.parent_id,taxon.ancestry,taxon.min_species_ancestry,taxon.extinct,taxon.provisional,taxon.created_at,taxon.taxon_changes_count,taxon.taxon_schemes_count,taxon.observations_count,taxon.photos_locked,taxon.universal_search_rank,taxon.current_synonymous_taxon_ids,taxon.atlas_id,taxon.complete_species_count,taxon.wikipedia_url,taxon.iconic_taxon_name,taxon.preferred_common_name,taxon.default_photo.id,taxon.default_photo.license_code,taxon.default_photo.attribution,taxon.default_photo.url,taxon.default_photo.flags,taxon.default_photo.attribution_name,taxon.default_photo.square_url,taxon.default_photo.medium_url,taxon.default_photo.original_dimensions.height,taxon.default_photo.original_dimensions.width,taxon.flag_counts.resolved,taxon.flag_counts.unresolved,user.id,user.login,user.spam,user.suspended,user.created_at,user.login_autocomplete,user.login_exact,user.name,user.name_autocomplete,user.orcid,user.icon,user.observations_count,user.identifications_count,user.journal_posts_count,user.activity_count,user.species_count,user.annotated_observations_count,user.universal_search_rank,user.roles,user.site_id,user.icon_url,taxon.conservation_status.id,taxon.conservation_status.place_id,taxon.conservation_status.source_id,taxon.conservation_status.user_id,taxon.conservation_status.authority,taxon.conservation_status.status,taxon.conservation_status.status_name,taxon.conservation_status.geoprivacy,taxon.conservation_status.iucn,Park.Name,Plant_ID,Interaction.ID
Danaus plexippus,http://www.inaturalist.org/observations/4048106,Noelle,Bidens,alba,Jake,100%,Thomas,20161942,06e56377-6599-4bb3-949d-13d0b2f4601b,1711,taxon,Associated species with names lookup,Associated species with names lookup,1095846,1095846,NA,1174034,1095846,1095846,species,10,47126,,TRUE,1095846,Bidens alba,50204,48460/47126/211194/47125/47124/47605/47604/632790/568277/50204,"48460,47126,211194,47125,47124,47605,47604,632790,568277,50204,1095846",FALSE,FALSE,2020-06-05T17:31:55+00:00,4,2,91756,FALSE,91756,NA,30122,NA,https://en.wikipedia.org/wiki/Bidens_alba,Plantae,White beggarticks,86500140,cc0,"no rights reserved, uploaded by 葉子",https://inaturalist-open-data.s3.amazonaws.com/photos/86500140/square.jpeg,,葉子,https://inaturalist-open-data.s3.amazonaws.com/photos/86500140/square.jpeg,https://inaturalist-open-data.s3.amazonaws.com/photos/86500140/medium.jpeg,1536,2048,3,0,1174034,natev,FALSE,FALSE,2018-08-30T19:47:46+00:00,natev,natev,Nate Venarske,Nate Venarske,NA,https://static.inaturalist.org/attachments/users/icons/1174034/thumb.jpg?1535765110,10926,424239,8,435173,3524,133797,10926,,1,https://static.inaturalist.org/attachments/users/icons/1174034/medium.jpg?1535765110,NA,NA,NA,NA,NA,NA,NA,NA,NA,Markham,Bidens alba,Bidens alba | Danaus plexippus
Marpesia petreus,https://www.inaturalist.org/observations/37000506,Tessa,Chromolaena,odorata,Toni,100%,Thomas,12185425,f537f190-821d-414d-a4db-eb3e85512f3a,3126,taxon,Interaction->Visited flower of,Interaction->Visited flower of,153419,153419,NA,349183,153419,153419,tribe,25,47126,,TRUE,153419,Eupatorieae,632790,48460/47126/211194/47125/47124/47605/47604/632790,"48460,47126,211194,47125,47124,47605,47604,632790,153419",FALSE,FALSE,2012-09-22T08:40:45+00:00,0,1,878048,FALSE,878048,NA,NA,NA,http://en.wikipedia.org/wiki/Eupatorieae,Plantae,"bonesets, blazingstars, and allies",50317047,cc-by-nc,"(c) Jacob Dittel, some rights reserved (CC BY-NC), uploaded by Jacob Dittel",https://inaturalist-open-data.s3.amazonaws.com/photos/50317047/square.jpg,,Jacob Dittel,https://inaturalist-open-data.s3.amazonaws.com/photos/50317047/square.jpg,https://inaturalist-open-data.s3.amazonaws.com/photos/50317047/medium.jpg,1536,2048,4,0,349183,joemdo,FALSE,FALSE,2016-10-12T00:08:13+00:00,joemdo,joemdo,Joe MDO,Joe MDO,NA,https://static.inaturalist.org/attachments/users/icons/349183/thumb.jpg?1662070326,126435,249147,9,375591,11568,63401,126435,,1,https://static.inaturalist.org/attachments/users/icons/349183/medium.jpg?1662070326,NA,NA,NA,NA,NA,NA,NA,NA,NA,Long Key,Chromolaena odorata,Chromolaena odorata | Marpesia petreus
Marpesia petreus,https://www.inaturalist.org/observations/37166358,MaryJo,Chromolaena,odorata,Toni,100%,Thomas,12185424,062195f7-e003-4d67-8032-72b4aff7cd04,3126,taxon,Interaction->Visited flower of,Interaction->Visited flower of,153419,153419,NA,349183,153419,153419,tribe,25,47126,,TRUE,153419,Eupatorieae,632790,48460/47126/211194/47125/47124/47605/47604/632790,"48460,47126,211194,47125,47124,47605,47604,632790,153419",FALSE,FALSE,2012-09-22T08:40:45+00:00,0,1,878048,FALSE,878048,NA,NA,NA,http://en.wikipedia.org/wiki/Eupatorieae,Plantae,"bonesets, blazingstars, and allies",50317047,cc-by-nc,"(c) Jacob Dittel, some rights reserved (CC BY-NC), uploaded by Jacob Dittel",https://inaturalist-open-data.s3.amazonaws.com/photos/50317047/square.jpg,,Jacob Dittel,https://inaturalist-open-data.s3.amazonaws.com/photos/50317047/square.jpg,https://inaturalist-open-data.s3.amazonaws.com/photos/50317047/medium.jpg,1536,2048,4,0,349183,joemdo,FALSE,FALSE,2016-10-12T00:08:13+00:00,joemdo,joemdo,Joe MDO,Joe MDO,NA,https://static.inaturalist.org/attachments/users/icons/349183/thumb.jpg?1662070326,126435,249147,9,375591,11568,63401,126435,,1,https://static.inaturalist.org/attachments/users/icons/349183/medium.jpg?1662070326,NA,NA,NA,NA,NA,NA,NA,NA,NA,Long Key,Chromolaena odorata,Chromolaena odorata | Marpesia petreus
Phoebis sennae,https://www.inaturalist.org/observations/38733011,MaryJo,Salvia,coccinea,Toni,100%,Thomas,37677008,6ccd4ff6-e7c2-4727-8c3b-944897cb1f42,10524,taxon,Plant association,Plant association,128652,128652,395895,395895,128652,128652,species,10,47126,,TRUE,128652,Salvia coccinea,1471011,48460/47126/211194/47125/47124/48151/48623/520502/918917/919182/50644/1470981/1471011,"48460,47126,211194,47125,47124,48151,48623,520502,918917,919182,50644,1470981,1471011,128652",FALSE,FALSE,2012-05-19T17:11:04+00:00,2,5,21812,FALSE,21812,NA,131123,NA,http://en.wikipedia.org/wiki/Salvia_coccinea,Plantae,Tropical sage,14351934,cc0,"no rights reserved, uploaded by Brady Reed",https://inaturalist-open-data.s3.amazonaws.com/photos/14351934/square.jpg,,Brady Reed,https://inaturalist-open-data.s3.amazonaws.com/photos/14351934/square.jpg,https://inaturalist-open-data.s3.amazonaws.com/photos/14351934/medium.jpg,2048,1365,3,0,395895,wildlander,FALSE,FALSE,2017-01-27T05:07:18+00:00,wildlander,wildlander,Jared Gorrell,Jared Gorrell,NA,https://static.inaturalist.org/attachments/users/icons/395895/thumb.jpg?1689032258,134015,182987,14,317016,13490,316,134015,,1,https://static.inaturalist.org/attachments/users/icons/395895/medium.jpg?1689032258,NA,NA,NA,NA,NA,NA,NA,NA,NA,Markham,Salvia coccinea,Salvia coccinea | Phoebis sennae
Heliconius charithonia,https://www.inaturalist.org/observations/38733018,MaryJo,Heliotropium,angioermum,Toni,100%,Thomas,37677005,4a34074a-3988-4b6c-91f1-83d64f0431c4,10524,taxon,Plant association,Plant association,795679,795679,395895,395895,795679,795679,subfamily,27,47126,,TRUE,795679,Heliotropioideae,48150,48460/47126/211194/47125/47124/523723/48150,"48460,47126,211194,47125,47124,523723,48150,795679",FALSE,FALSE,2018-11-14T10:41:15+00:00,0,0,116870,FALSE,116870,NA,NA,NA,http://en.wikipedia.org/wiki/Heliotropioideae,Plantae,NA,2156400,cc-by-nc-sa,"(c) Mr. Greenjeans, some rights reserved (CC BY-NC-SA)",https://inaturalist-open-data.s3.amazonaws.com/photos/2156400/square.jpg,,Mr. Greenjeans,https://inaturalist-open-data.s3.amazonaws.com/photos/2156400/square.jpg,https://inaturalist-open-data.s3.amazonaws.com/photos/2156400/medium.jpg,1184,1600,0,0,395895,wildlander,FALSE,FALSE,2017-01-27T05:07:18+00:00,wildlander,wildlander,Jared Gorrell,Jared Gorrell,NA,https://static.inaturalist.org/attachments/users/icons/395895/thumb.jpg?1689032258,134015,182987,14,317016,13490,316,134015,,1,https://static.inaturalist.org/attachments/users/icons/395895/medium.jpg?1689032258,NA,NA,NA,NA,NA,NA,NA,NA,NA,Markham,Heliotropium angioermum,Heliotropium angioermum | Heliconius charithonia
Danaus gilippus,https://www.inaturalist.org/observations/38733026,MaryJo,Bidens,alba,Toni,100%,Thomas,37676911,b6afd3c2-5344-482b-8964-07ff00828d6e,10524,taxon,Plant association,Plant association,1095846,1095846,395895,395895,1095846,1095846,species,10,47126,,TRUE,1095846,Bidens alba,50204,48460/47126/211194/47125/47124/47605/47604/632790/568277/50204,"48460,47126,211194,47125,47124,47605,47604,632790,568277,50204,1095846",FALSE,FALSE,2020-06-05T17:31:55+00:00,4,2,91756,FALSE,91756,NA,30122,NA,https://en.wikipedia.org/wiki/Bidens_alba,Plantae,White beggarticks,86500140,cc0,"no rights reserved, uploaded by 葉子",https://inaturalist-open-data.s3.amazonaws.com/photos/86500140/square.jpeg,,葉子,https://inaturalist-open-data.s3.amazonaws.com/photos/86500140/square.jpeg,https://inaturalist-open-data.s3.amazonaws.com/photos/86500140/medium.jpeg,1536,2048,3,0,395895,wildlander,FALSE,FALSE,2017-01-27T05:07:18+00:00,wildlander,wildlander,Jared Gorrell,Jared Gorrell,NA,https://static.inaturalist.org/attachments/users/icons/395895/thumb.jpg?1689032258,134015,182987,14,317016,13490,316,134015,,1,https://static.inaturalist.org/attachments/users/icons/395895/medium.jpg?1689032258,NA,NA,NA,NA,NA,NA,NA,NA,NA,Markham,Bidens alba,Bidens alba | Danaus gilippus
Danaus gilippus,https://www.inaturalist.org/observations/38733037,MaryJo,Bidens,alba,Toni,100%,Thomas,37676914,f88b7ff3-fdf2-4733-b5d3-3c8e21ba73af,10524,taxon,Plant association,Plant association,1095846,1095846,395895,395895,1095846,1095846,species,10,47126,,TRUE,1095846,Bidens alba,50204,48460/47126/211194/47125/47124/47605/47604/632790/568277/50204,"48460,47126,211194,47125,47124,47605,47604,632790,568277,50204,1095846",FALSE,FALSE,2020-06-05T17:31:55+00:00,4,2,91756,FALSE,91756,NA,30122,NA,https://en.wikipedia.org/wiki/Bidens_alba,Plantae,White beggarticks,86500140,cc0,"no rights reserved, uploaded by 葉子",https://inaturalist-open-data.s3.amazonaws.com/photos/86500140/square.jpeg,,葉子,https://inaturalist-open-data.s3.amazonaws.com/photos/86500140/square.jpeg,https://inaturalist-open-data.s3.amazonaws.com/photos/86500140/medium.jpeg,1536,2048,3,0,395895,wildlander,FALSE,FALSE,2017-01-27T05:07:18+00:00,wildlander,wildlander,Jared Gorrell,Jared Gorrell,NA,https://static.inaturalist.org/attachments/users/icons/395895/thumb.jpg?1689032258,134015,182987,14,317016,13490,316,134015,,1,https://static.inaturalist.org/attachments/users/icons/395895/medium.jpg?1689032258,NA,NA,NA,NA,NA,NA,NA,NA,NA,Markham,Bidens alba,Bidens alba | Danaus gilippus
Thorybes dorantes,https://www.inaturalist.org/observations/38733052,MaryJo,Pseudogynoxys,chenopodioides,Toni,100%,Thomas,12185383,be501ba6-abf5-4d7b-bc8c-34d5bb50ea58,3126,taxon,Interaction->Visited flower of,Interaction->Visited flower of,47604,47604,349183,349183,47604,47604,family,30,47126,,TRUE,47604,Asteraceae,47605,48460/47126/211194/47125/47124/47605,"48460,47126,211194,47125,47124,47605,47604",FALSE,FALSE,2008-06-03T13:52:08+00:00,2,2,17926181,FALSE,17926181,NA,NA,NA,https://en.wikipedia.org/wiki/Asteraceae,Plantae,"Sunflowers, Daisies, Asters, and Allies",72961012,cc-by-sa,"(c) Ram-Man, some rights reserved (CC BY-SA)",https://inaturalist-open-data.s3.amazonaws.com/photos/72961012/square.jpg,,Ram-Man,https://inaturalist-open-data.s3.amazonaws.com/photos/72961012/square.jpg,https://inaturalist-open-data.s3.amazonaws.com/photos/72961012/medium.jpg,1862,2048,5,0,349183,joemdo,FALSE,FALSE,2016-10-12T00:08:13+00:00,joemdo,joemdo,Joe MDO,Joe MDO,NA,https://static.inaturalist.org/attachments/users/icons/349183/thumb.jpg?1662070326,126435,249147,9,375591,11568,63401,126435,,1,https://static.inaturalist.org/attachments/users/icons/349183/medium.jpg?1662070326,NA,NA,NA,NA,NA,NA,NA,NA,NA,Markham,Pseudogynoxys chenopodioides,Pseudogynoxys chenopodioides | Thorybes dorantes
Marpesia petreus,https://www.inaturalist.org/observations/38733053,MaryJo,Pseudogynoxys,chenopodioides,Toni,100%,Thomas,12185398,28c557eb-276f-420c-90df-8ab7fa66fdac,3126,taxon,Interaction->Visited flower of,Interaction->Visited flower of,132452,132452,395895,349183,132452,132452,genus,20,47126,,TRUE,132452,Tithonia,901801,48460/47126/211194/47125/47124/47605/47604/632790/605446/901801,"48460,47126,211194,47125,47124,47605,47604,632790,605446,901801,132452",FALSE,FALSE,2012-06-27T03:18:13+00:00,0,2,30860,FALSE,30860,NA,NA,NA,http://en.wikipedia.org/wiki/Tithonia,Plantae,Mexican Sunflowers,517847,NA,"(c) Michele Roman, all rights reserved, uploaded by Michele Roman",https://static.inaturalist.org/photos/517847/square.jpg,,Michele Roman,https://static.inaturalist.org/photos/517847/square.jpg,https://static.inaturalist.org/photos/517847/medium.jpg,1360,2048,0,0,349183,joemdo,FALSE,FALSE,2016-10-12T00:08:13+00:00,joemdo,joemdo,Joe MDO,Joe MDO,NA,https://static.inaturalist.org/attachments/users/icons/349183/thumb.jpg?1662070326,126435,249147,9,375591,11568,63401,126435,,1,https://static.inaturalist.org/attachments/users/icons/349183/medium.jpg?1662070326,NA,NA,NA,NA,NA,NA,NA,NA,NA,Markham,Pseudogynoxys chenopodioides,Pseudogynoxys chenopodioides | Marpesia petreus
Heliconius charithonia,https://www.inaturalist.org/observations/38733060,MaryJo,Pseudogynoxys,chenopodioides,Toni,100%,Thomas,12185380,24664760-1c50-4571-965f-b2770dd82ba1,3126,taxon,Interaction->Visited flower of,Interaction->Visited flower of,132452,132452,395895,349183,132452,132452,genus,20,47126,,TRUE,132452,Tithonia,901801,48460/47126/211194/47125/47124/47605/47604/632790/605446/901801,"48460,47126,211194,47125,47124,47605,47604,632790,605446,901801,132452",FALSE,FALSE,2012-06-27T03:18:13+00:00,0,2,30860,FALSE,30860,NA,NA,NA,http://en.wikipedia.org/wiki/Tithonia,Plantae,Mexican Sunflowers,517847,NA,"(c) Michele Roman, all rights reserved, uploaded by Michele Roman",https://static.inaturalist.org/photos/517847/square.jpg,,Michele Roman,https://static.inaturalist.org/photos/517847/square.jpg,https://static.inaturalist.org/photos/517847/medium.jpg,1360,2048,0,0,349183,joemdo,FALSE,FALSE,2016-10-12T00:08:13+00:00,joemdo,joemdo,Joe MDO,Joe MDO,NA,https://static.inaturalist.org/attachments/users/icons/349183/thumb.jpg?1662070326,126435,249147,9,375591,11568,63401,126435,,1,https://static.inaturalist.org/attachments/users/icons/349183/medium.jpg?1662070326,NA,NA,NA,NA,NA,NA,NA,NA,NA,Markham,Pseudogynoxys chenopodioides,Pseudogynoxys chenopodioides | Heliconius charithonia
Phoebis philea,https://www.inaturalist.org/observations/38733066,MaryJo,Salvia,coccinea,Toni,100%,Thomas,37676952,a1806e87-82f1-4c4a-87a3-a50191e7168a,10524,taxon,Plant association,Plant association,128652,128652,395895,395895,128652,128652,species,10,47126,,TRUE,128652,Salvia coccinea,1471011,48460/47126/211194/47125/47124/48151/48623/520502/918917/919182/50644/1470981/1471011,"48460,47126,211194,47125,47124,48151,48623,520502,918917,919182,50644,1470981,1471011,128652",FALSE,FALSE,2012-05-19T17:11:04+00:00,2,5,21812,FALSE,21812,NA,131123,NA,http://en.wikipedia.org/wiki/Salvia_coccinea,Plantae,Tropical sage,14351934,cc0,"no rights reserved, uploaded by Brady Reed",https://inaturalist-open-data.s3.amazonaws.com/photos/14351934/square.jpg,,Brady Reed,https://inaturalist-open-data.s3.amazonaws.com/photos/14351934/square.jpg,https://inaturalist-open-data.s3.amazonaws.com/photos/14351934/medium.jpg,2048,1365,3,0,395895,wildlander,FALSE,FALSE,2017-01-27T05:07:18+00:00,wildlander,wildlander,Jared Gorrell,Jared Gorrell,NA,https://static.inaturalist.org/attachments/users/icons/395895/thumb.jpg?1689032258,134015,182987,14,317016,13490,316,134015,,1,https://static.inaturalist.org/attachments/users/icons/395895/medium.jpg?1689032258,NA,NA,NA,NA,NA,NA,NA,NA,NA,Markham,Salvia coccinea,Salvia coccinea | Phoebis philea
Burnsius albezens,https://www.inaturalist.org/observations/38733071,MaryJo,Bidens,alba,Toni,100%,Thomas,37676962,e2ddaf8a-3afe-49e0-a4a9-22351d1e15e8,10524,taxon,Plant association,Plant association,1095846,1095846,395895,395895,1095846,1095846,species,10,47126,,TRUE,1095846,Bidens alba,50204,48460/47126/211194/47125/47124/47605/47604/632790/568277/50204,"48460,47126,211194,47125,47124,47605,47604,632790,568277,50204,1095846",FALSE,FALSE,2020-06-05T17:31:55+00:00,4,2,91756,FALSE,91756,NA,30122,NA,https://en.wikipedia.org/wiki/Bidens_alba,Plantae,White beggarticks,86500140,cc0,"no rights reserved, uploaded by 葉子",https://inaturalist-open-data.s3.amazonaws.com/photos/86500140/square.jpeg,,葉子,https://inaturalist-open-data.s3.amazonaws.com/photos/86500140/square.jpeg,https://inaturalist-open-data.s3.amazonaws.com/photos/86500140/medium.jpeg,1536,2048,3,0,395895,wildlander,FALSE,FALSE,2017-01-27T05:07:18+00:00,wildlander,wildlander,Jared Gorrell,Jared Gorrell,NA,https://static.inaturalist.org/attachments/users/icons/395895/thumb.jpg?1689032258,134015,182987,14,317016,13490,316,134015,,1,https://static.inaturalist.org/attachments/users/icons/395895/medium.jpg?1689032258,NA,NA,NA,NA,NA,NA,NA,NA,NA,Markham,Bidens alba,Bidens alba | Burnsius albezens
Cymaenes tripunctus,https://www.inaturalist.org/observations/39280067,MaryJo,Lantana,strigocamara,Toni,100%,Thomas,12049063,a79928f0-e16b-4bcd-8623-439b520b0619,3126,taxon,Interaction->Visited flower of,Interaction->Visited flower of,50334,50334,349183,349183,50334,50334,genus,20,47126,,TRUE,50334,Lantana,936164,48460/47126/211194/47125/47124/48151/49194/936164,"48460,47126,211194,47125,47124,48151,49194,936164,50334",FALSE,FALSE,2009-03-16T04:29:37+00:00,0,2,262809,FALSE,262809,NA,NA,NA,https://en.wikipedia.org/wiki/Lantana,Plantae,Lantanas,56710180,cc-by-nc,"(c) Alberto, some rights reserved (CC BY-NC), uploaded by Alberto",https://inaturalist-open-data.s3.amazonaws.com/photos/56710180/square.jpeg,,Alberto,https://inaturalist-open-data.s3.amazonaws.com/photos/56710180/square.jpeg,https://inaturalist-open-data.s3.amazonaws.com/photos/56710180/medium.jpeg,2048,1536,12,0,349183,joemdo,FALSE,FALSE,2016-10-12T00:08:13+00:00,joemdo,joemdo,Joe MDO,Joe MDO,NA,https://static.inaturalist.org/attachments/users/icons/349183/thumb.jpg?1662070326,126435,249147,9,375591,11568,63401,126435,,1,https://static.inaturalist.org/attachments/users/icons/349183/medium.jpg?1662070326,NA,NA,NA,NA,NA,NA,NA,NA,NA,Markham,Lantana strigocamara,Lantana strigocamara | Cymaenes tripunctus
Leptotes cassius,https://www.inaturalist.org/observations/46548841,MaryJo,Bidens,alba,Toni,100%,Thomas,12014011,f8d01b94-038e-493b-b9df-17ad1641ba9c,3126,taxon,Interaction->Visited flower of,Interaction->Visited flower of,1095846,1095846,NA,349183,1095846,1095846,species,10,47126,,TRUE,1095846,Bidens alba,50204,48460/47126/211194/47125/47124/47605/47604/632790/568277/50204,"48460,47126,211194,47125,47124,47605,47604,632790,568277,50204,1095846",FALSE,FALSE,2020-06-05T17:31:55+00:00,4,2,91756,FALSE,91756,NA,30122,NA,https://en.wikipedia.org/wiki/Bidens_alba,Plantae,White beggarticks,86500140,cc0,"no rights reserved, uploaded by 葉子",https://inaturalist-open-data.s3.amazonaws.com/photos/86500140/square.jpeg,,葉子,https://inaturalist-open-data.s3.amazonaws.com/photos/86500140/square.jpeg,https://inaturalist-open-data.s3.amazonaws.com/photos/86500140/medium.jpeg,1536,2048,3,0,349183,joemdo,FALSE,FALSE,2016-10-12T00:08:13+00:00,joemdo,joemdo,Joe MDO,Joe MDO,NA,https://static.inaturalist.org/attachments/users/icons/349183/thumb.jpg?1662070326,126435,249147,9,375591,11568,63401,126435,,1,https://static.inaturalist.org/attachments/users/icons/349183/medium.jpg?1662070326,NA,NA,NA,NA,NA,NA,NA,NA,NA,Markham,Bidens alba,Bidens alba | Leptotes cassius
Augochlora pura,https://www.inaturalist.org/observations/47892720,Thomas,Tribulus,cistoides,Lange,100%,NA,15296703,44f37bbf-3733-44af-bbc3-42f0dfb82f0f,3126,taxon,Interaction->Visited flower of,Interaction->Visited flower of,47125,47125,NA,363007,47125,47125,subphylum,57,47126,,TRUE,47125,Angiospermae,211194,48460/47126/211194,"48460,47126,211194,47125",FALSE,FALSE,2008-04-02T01:59:35+00:00,5,2,138102920,FALSE,138102920,NA,NA,NA,https://en.wikipedia.org/wiki/Flowering_plant,Plantae,flowering plants,6943609,cc-by-nc,"(c) Amy, some rights reserved (CC BY-NC), uploaded by Amy",https://inaturalist-open-data.s3.amazonaws.com/photos/6943609/square.jpg,,Amy,https://inaturalist-open-data.s3.amazonaws.com/photos/6943609/square.jpg,https://inaturalist-open-data.s3.amazonaws.com/photos/6943609/medium.jpg,2048,2048,15,0,363007,eridanxharahi,FALSE,FALSE,2016-11-03T16:32:02+00:00,eridanxharahi,eridanxharahi,Eridan Xharahi,Eridan Xharahi,NA,https://static.inaturalist.org/attachments/users/icons/363007/thumb.jpg?1616685587,5014,3500,0,8514,1712,21,5014,,1,https://static.inaturalist.org/attachments/users/icons/363007/medium.jpg?1616685587,NA,NA,NA,NA,NA,NA,NA,NA,NA,Quiet Waters,Tribulus cistoides,Tribulus cistoides | Augochlora pura
Strymon istapa,https://www.inaturalist.org/observations/47892746,Thomas,Bidens,alba,Toni,100%,NA,12013936,dc3c262e-3733-4302-9cd0-1456bb2ee7dd,3126,taxon,Interaction->Visited flower of,Interaction->Visited flower of,1095846,1095846,349183,349183,1095846,1095846,species,10,47126,,TRUE,1095846,Bidens alba,50204,48460/47126/211194/47125/47124/47605/47604/632790/568277/50204,"48460,47126,211194,47125,47124,47605,47604,632790,568277,50204,1095846",FALSE,FALSE,2020-06-05T17:31:55+00:00,4,2,91756,FALSE,91756,NA,30122,NA,https://en.wikipedia.org/wiki/Bidens_alba,Plantae,White beggarticks,86500140,cc0,"no rights reserved, uploaded by 葉子",https://inaturalist-open-data.s3.amazonaws.com/photos/86500140/square.jpeg,,葉子,https://inaturalist-open-data.s3.amazonaws.com/photos/86500140/square.jpeg,https://inaturalist-open-data.s3.amazonaws.com/photos/86500140/medium.jpeg,1536,2048,3,0,349183,joemdo,FALSE,FALSE,2016-10-12T00:08:13+00:00,joemdo,joemdo,Joe MDO,Joe MDO,NA,https://static.inaturalist.org/attachments/users/icons/349183/thumb.jpg?1662070326,126435,249147,9,375591,11568,63401,126435,,1,https://static.inaturalist.org/attachments/users/icons/349183/medium.jpg?1662070326,NA,NA,NA,NA,NA,NA,NA,NA,NA,Quiet Waters,Bidens alba,Bidens alba | Strymon istapa
Megachile parallela,https://www.inaturalist.org/observations/47893541,Thomas,Bidens,alba,Toni,100%,NA,12602993,961e29ed-7bc8-44ca-b308-ef8639cc2b0a,3126,taxon,Interaction->Visited flower of,Interaction->Visited flower of,1095846,1095846,NA,349183,1095846,1095846,species,10,47126,,TRUE,1095846,Bidens alba,50204,48460/47126/211194/47125/47124/47605/47604/632790/568277/50204,"48460,47126,211194,47125,47124,47605,47604,632790,568277,50204,1095846",FALSE,FALSE,2020-06-05T17:31:55+00:00,4,2,91756,FALSE,91756,NA,30122,NA,https://en.wikipedia.org/wiki/Bidens_alba,Plantae,White beggarticks,86500140,cc0,"no rights reserved, uploaded by 葉子",https://inaturalist-open-data.s3.amazonaws.com/photos/86500140/square.jpeg,,葉子,https://inaturalist-open-data.s3.amazonaws.com/photos/86500140/square.jpeg,https://inaturalist-open-data.s3.amazonaws.com/photos/86500140/medium.jpeg,1536,2048,3,0,349183,joemdo,FALSE,FALSE,2016-10-12T00:08:13+00:00,joemdo,joemdo,Joe MDO,Joe MDO,NA,https://static.inaturalist.org/attachments/users/icons/349183/thumb.jpg?1662070326,126435,249147,9,375591,11568,63401,126435,,1,https://static.inaturalist.org/attachments/users/icons/349183/medium.jpg?1662070326,NA,NA,NA,NA,NA,NA,NA,NA,NA,Quiet Waters,Bidens alba,Bidens alba | Megachile parallela
Eumaeus atala,https://www.inaturalist.org/observations/51283925,MaryJo,Bidens,alba,Toni,100%,Thomas,12013901,3284beb2-b9e1-4845-826e-5b72ee23093c,3126,taxon,Interaction->Visited flower of,Interaction->Visited flower of,1095846,1095846,NA,349183,1095846,1095846,species,10,47126,,TRUE,1095846,Bidens alba,50204,48460/47126/211194/47125/47124/47605/47604/632790/568277/50204,"48460,47126,211194,47125,47124,47605,47604,632790,568277,50204,1095846",FALSE,FALSE,2020-06-05T17:31:55+00:00,4,2,91756,FALSE,91756,NA,30122,NA,https://en.wikipedia.org/wiki/Bidens_alba,Plantae,White beggarticks,86500140,cc0,"no rights reserved, uploaded by 葉子",https://inaturalist-open-data.s3.amazonaws.com/photos/86500140/square.jpeg,,葉子,https://inaturalist-open-data.s3.amazonaws.com/photos/86500140/square.jpeg,https://inaturalist-open-data.s3.amazonaws.com/photos/86500140/medium.jpeg,1536,2048,3,0,349183,joemdo,FALSE,FALSE,2016-10-12T00:08:13+00:00,joemdo,joemdo,Joe MDO,Joe MDO,NA,https://static.inaturalist.org/attachments/users/icons/349183/thumb.jpg?1662070326,126435,249147,9,375591,11568,63401,126435,,1,https://static.inaturalist.org/attachments/users/icons/349183/medium.jpg?1662070326,NA,NA,NA,NA,NA,NA,NA,NA,NA,Quiet Waters,Bidens alba,Bidens alba | Eumaeus atala
Phyciodes phaon,https://www.inaturalist.org/observations/54957265,Tessa,Phyla,nodiflora,Toni,100%,Thomas,12273368,8573ed65-9a9b-4de4-b574-d99904265ce0,3126,taxon,Interaction->Visited flower of,Interaction->Visited flower of,59040,59040,NA,3052173,59040,59040,species,10,47126,,TRUE,59040,Phyla nodiflora,59041,48460/47126/211194/47125/47124/48151/49194/936164/59041,"48460,47126,211194,47125,47124,48151,49194,936164,59041,59040",FALSE,FALSE,2010-04-02T06:40:15+00:00,3,7,46236,FALSE,46236,NA,NA,NA,http://en.wikipedia.org/wiki/Phyla_nodiflora,Plantae,turkey tangle frogfruit,260096290,NA,"(c) 陳志豪, all rights reserved, uploaded by 陳志豪",https://static.inaturalist.org/photos/260096290/square.jpeg,,陳志豪,https://static.inaturalist.org/photos/260096290/square.jpeg,https://static.inaturalist.org/photos/260096290/medium.jpeg,1536,2048,2,0,3052173,sara_lena,FALSE,FALSE,2020-05-24T16:55:40+00:00,sara_lena,sara_lena,Sara Burgoa,Sara Burgoa,NA,https://static.inaturalist.org/attachments/users/icons/3052173/thumb.jpg?1721765706,1333,1922,0,3255,574,433,1333,,1,https://static.inaturalist.org/attachments/users/icons/3052173/medium.jpg?1721765706,NA,NA,NA,NA,NA,NA,NA,NA,NA,Markham,Phyla nodiflora,Phyla nodiflora | Phyciodes phaon
Apis mellifera,https://www.inaturalist.org/observations/59515278,Tessa,Bidens,alba,Toni,100%,Thomas,12657636,ebe4ca32-760c-4459-be53-dbc7b425dcb8,3126,taxon,Interaction->Visited flower of,Interaction->Visited flower of,1095846,1095846,NA,3052173,1095846,1095846,species,10,47126,,TRUE,1095846,Bidens alba,50204,48460/47126/211194/47125/47124/47605/47604/632790/568277/50204,"48460,47126,211194,47125,47124,47605,47604,632790,568277,50204,1095846",FALSE,FALSE,2020-06-05T17:31:55+00:00,4,2,91756,FALSE,91756,NA,30122,NA,https://en.wikipedia.org/wiki/Bidens_alba,Plantae,White beggarticks,86500140,cc0,"no rights reserved, uploaded by 葉子",https://inaturalist-open-data.s3.amazonaws.com/photos/86500140/square.jpeg,,葉子,https://inaturalist-open-data.s3.amazonaws.com/photos/86500140/square.jpeg,https://inaturalist-open-data.s3.amazonaws.com/photos/86500140/medium.jpeg,1536,2048,3,0,3052173,sara_lena,FALSE,FALSE,2020-05-24T16:55:40+00:00,sara_lena,sara_lena,Sara Burgoa,Sara Burgoa,NA,https://static.inaturalist.org/attachments/users/icons/3052173/thumb.jpg?1721765706,1333,1922,0,3255,574,433,1333,,1,https://static.inaturalist.org/attachments/users/icons/3052173/medium.jpg?1721765706,NA,NA,NA,NA,NA,NA,NA,NA,NA,Markham,Bidens alba,Bidens alba | Apis mellifera
Hylephila phyleus,https://www.inaturalist.org/observations/61738814,MaryJo,Bidens,alba,Toni,100%,Thomas,13017927,e4bc70e5-e4a9-4386-9dca-e496d2657437,3126,taxon,Interaction->Visited flower of,Interaction->Visited flower of,1095846,1095846,641829,641829,1095846,1095846,species,10,47126,,TRUE,1095846,Bidens alba,50204,48460/47126/211194/47125/47124/47605/47604/632790/568277/50204,"48460,47126,211194,47125,47124,47605,47604,632790,568277,50204,1095846",FALSE,FALSE,2020-06-05T17:31:55+00:00,4,2,91756,FALSE,91756,NA,30122,NA,https://en.wikipedia.org/wiki/Bidens_alba,Plantae,White beggarticks,86500140,cc0,"no rights reserved, uploaded by 葉子",https://inaturalist-open-data.s3.amazonaws.com/photos/86500140/square.jpeg,,葉子,https://inaturalist-open-data.s3.amazonaws.com/photos/86500140/square.jpeg,https://inaturalist-open-data.s3.amazonaws.com/photos/86500140/medium.jpeg,1536,2048,3,0,641829,brice_c,FALSE,FALSE,2017-09-23T15:32:23+00:00,brice_c,brice_c,Brice C.,Brice C.,NA,https://static.inaturalist.org/attachments/users/icons/641829/thumb.jpg?1717518964,18255,21621,2,39878,3949,3044,18255,,1,https://static.inaturalist.org/attachments/users/icons/641829/medium.jpg?1717518964,NA,NA,NA,NA,NA,NA,NA,NA,NA,Quiet Waters,Bidens alba,Bidens alba | Hylephila phyleus
Erynnis horatius,https://www.inaturalist.org/observations/61738821,MaryJo,Bidens,alba,Toni,100%,Thomas,13017924,45c13d79-bed7-4826-97f5-bc6ca8e78590,3126,taxon,Interaction->Visited flower of,Interaction->Visited flower of,1095846,1095846,NA,641829,1095846,1095846,species,10,47126,,TRUE,1095846,Bidens alba,50204,48460/47126/211194/47125/47124/47605/47604/632790/568277/50204,"48460,47126,211194,47125,47124,47605,47604,632790,568277,50204,1095846",FALSE,FALSE,2020-06-05T17:31:55+00:00,4,2,91756,FALSE,91756,NA,30122,NA,https://en.wikipedia.org/wiki/Bidens_alba,Plantae,White beggarticks,86500140,cc0,"no rights reserved, uploaded by 葉子",https://inaturalist-open-data.s3.amazonaws.com/photos/86500140/square.jpeg,,葉子,https://inaturalist-open-data.s3.amazonaws.com/photos/86500140/square.jpeg,https://inaturalist-open-data.s3.amazonaws.com/photos/86500140/medium.jpeg,1536,2048,3,0,641829,brice_c,FALSE,FALSE,2017-09-23T15:32:23+00:00,brice_c,brice_c,Brice C.,Brice C.,NA,https://static.inaturalist.org/attachments/users/icons/641829/thumb.jpg?1717518964,18255,21621,2,39878,3949,3044,18255,,1,https://static.inaturalist.org/attachments/users/icons/641829/medium.jpg?1717518964,NA,NA,NA,NA,NA,NA,NA,NA,NA,Quiet Waters,Bidens alba,Bidens alba | Erynnis horatius
Panoquina ocola,https://www.inaturalist.org/observations/61738823,MaryJo,Bidens,alba,Toni,100%,Thomas,13017923,94bda809-39f4-42de-8fb7-ce517c6f0c88,3126,taxon,Interaction->Visited flower of,Interaction->Visited flower of,1095846,1095846,NA,641829,1095846,1095846,species,10,47126,,TRUE,1095846,Bidens alba,50204,48460/47126/211194/47125/47124/47605/47604/632790/568277/50204,"48460,47126,211194,47125,47124,47605,47604,632790,568277,50204,1095846",FALSE,FALSE,2020-06-05T17:31:55+00:00,4,2,91756,FALSE,91756,NA,30122,NA,https://en.wikipedia.org/wiki/Bidens_alba,Plantae,White beggarticks,86500140,cc0,"no rights reserved, uploaded by 葉子",https://inaturalist-open-data.s3.amazonaws.com/photos/86500140/square.jpeg,,葉子,https://inaturalist-open-data.s3.amazonaws.com/photos/86500140/square.jpeg,https://inaturalist-open-data.s3.amazonaws.com/photos/86500140/medium.jpeg,1536,2048,3,0,641829,brice_c,FALSE,FALSE,2017-09-23T15:32:23+00:00,brice_c,brice_c,Brice C.,Brice C.,NA,https://static.inaturalist.org/attachments/users/icons/641829/thumb.jpg?1717518964,18255,21621,2,39878,3949,3044,18255,,1,https://static.inaturalist.org/attachments/users/icons/641829/medium.jpg?1717518964,NA,NA,NA,NA,NA,NA,NA,NA,NA,Quiet Waters,Bidens alba,Bidens alba | Panoquina ocola
Dione vanillae,https://www.inaturalist.org/observations/61738827,MaryJo,Bidens,alba,Toni,100%,Thomas,13017919,adcbc62c-7fb2-4c34-8245-2486e7816755,3126,taxon,Interaction->Visited flower of,Interaction->Visited flower of,1095846,1095846,NA,641829,1095846,1095846,species,10,47126,,TRUE,1095846,Bidens alba,50204,48460/47126/211194/47125/47124/47605/47604/632790/568277/50204,"48460,47126,211194,47125,47124,47605,47604,632790,568277,50204,1095846",FALSE,FALSE,2020-06-05T17:31:55+00:00,4,2,91756,FALSE,91756,NA,30122,NA,https://en.wikipedia.org/wiki/Bidens_alba,Plantae,White beggarticks,86500140,cc0,"no rights reserved, uploaded by 葉子",https://inaturalist-open-data.s3.amazonaws.com/photos/86500140/square.jpeg,,葉子,https://inaturalist-open-data.s3.amazonaws.com/photos/86500140/square.jpeg,https://inaturalist-open-data.s3.amazonaws.com/photos/86500140/medium.jpeg,1536,2048,3,0,641829,brice_c,FALSE,FALSE,2017-09-23T15:32:23+00:00,brice_c,brice_c,Brice C.,Brice C.,NA,https://static.inaturalist.org/attachments/users/icons/641829/thumb.jpg?1717518964,18255,21621,2,39878,3949,3044,18255,,1,https://static.inaturalist.org/attachments/users/icons/641829/medium.jpg?1717518964,NA,NA,NA,NA,NA,NA,NA,NA,NA,Quiet Waters,Bidens alba,Bidens alba | Dione vanillae
Phoebis philea,https://www.inaturalist.org/observations/62000326,MaryJo,Hamelia,patens,Toni,100%,Thomas,13038686,c2c5b4c6-dee2-4391-bd48-28d3d5cd32c2,3126,taxon,Interaction->Visited flower of,Interaction->Visited flower of,126305,126305,NA,349183,126305,126305,species,10,47126,,TRUE,126305,Hamelia patens,126306,48460/47126/211194/47125/47124/47363/47693/788062/788055/126306,"48460,47126,211194,47125,47124,47363,47693,788062,788055,126306,126305",FALSE,FALSE,2012-03-24T15:52:25+00:00,0,3,21293,FALSE,21293,NA,NA,NA,http://en.wikipedia.org/wiki/Hamelia_patens,Plantae,Firebush,162979827,cc-by-nc,"(c) Cindy Chrisler, some rights reserved (CC BY-NC), uploaded by Cindy Chrisler",https://inaturalist-open-data.s3.amazonaws.com/photos/162979827/square.jpeg,,Cindy Chrisler,https://inaturalist-open-data.s3.amazonaws.com/photos/162979827/square.jpeg,https://inaturalist-open-data.s3.amazonaws.com/photos/162979827/medium.jpeg,1484,2048,0,0,349183,joemdo,FALSE,FALSE,2016-10-12T00:08:13+00:00,joemdo,joemdo,Joe MDO,Joe MDO,NA,https://static.inaturalist.org/attachments/users/icons/349183/thumb.jpg?1662070326,126435,249147,9,375591,11568,63401,126435,,1,https://static.inaturalist.org/attachments/users/icons/349183/medium.jpg?1662070326,NA,NA,NA,NA,NA,NA,NA,NA,NA,Quiet Waters,Hamelia patens,Hamelia patens | Phoebis philea
Eurema daira,https://www.inaturalist.org/observations/63586087,Tessa,Richardia,grandiflora,Toni,100%,Thomas,13212278,43ad1f74-db71-4721-b24c-255c87b12a70,3126,taxon,Interaction->Visited flower of,Interaction->Visited flower of,52078,52078,NA,349183,52078,52078,species,10,47126,,TRUE,52078,Richardia grandiflora,52079,48460/47126/211194/47125/47124/47363/47693/788064/788088/52079,"48460,47126,211194,47125,47124,47363,47693,788064,788088,52079,52078",FALSE,FALSE,2009-07-01T11:57:21+00:00,0,2,15536,FALSE,15536,NA,NA,NA,https://en.wikipedia.org/wiki/Richardia_grandiflora,Plantae,largeflower Mexican clover,18320951,NA,"(c) Vanessa Trujillo, all rights reserved, uploaded by Vanessa Trujillo",https://static.inaturalist.org/photos/18320951/square.jpg,,Vanessa Trujillo,https://static.inaturalist.org/photos/18320951/square.jpg,https://static.inaturalist.org/photos/18320951/medium.jpg,800,600,0,0,349183,joemdo,FALSE,FALSE,2016-10-12T00:08:13+00:00,joemdo,joemdo,Joe MDO,Joe MDO,NA,https://static.inaturalist.org/attachments/users/icons/349183/thumb.jpg?1662070326,126435,249147,9,375591,11568,63401,126435,,1,https://static.inaturalist.org/attachments/users/icons/349183/medium.jpg?1662070326,NA,NA,NA,NA,NA,NA,NA,NA,NA,Markham,Richardia grandiflora,Richardia grandiflora | Eurema daira
Phoebis sennae,https://www.inaturalist.org/observations/63586242,Tessa,Lonicera,sempervirens,Toni,100%,Thomas,13212276,eb291520-7443-4a04-88a0-fe797d95cf6e,3126,taxon,Interaction->Visited flower of,Interaction->Visited flower of,126305,126305,NA,349183,126305,126305,species,10,47126,,TRUE,126305,Hamelia patens,126306,48460/47126/211194/47125/47124/47363/47693/788062/788055/126306,"48460,47126,211194,47125,47124,47363,47693,788062,788055,126306,126305",FALSE,FALSE,2012-03-24T15:52:25+00:00,0,3,21293,FALSE,21293,NA,NA,NA,http://en.wikipedia.org/wiki/Hamelia_patens,Plantae,Firebush,162979827,cc-by-nc,"(c) Cindy Chrisler, some rights reserved (CC BY-NC), uploaded by Cindy Chrisler",https://inaturalist-open-data.s3.amazonaws.com/photos/162979827/square.jpeg,,Cindy Chrisler,https://inaturalist-open-data.s3.amazonaws.com/photos/162979827/square.jpeg,https://inaturalist-open-data.s3.amazonaws.com/photos/162979827/medium.jpeg,1484,2048,0,0,349183,joemdo,FALSE,FALSE,2016-10-12T00:08:13+00:00,joemdo,joemdo,Joe MDO,Joe MDO,NA,https://static.inaturalist.org/attachments/users/icons/349183/thumb.jpg?1662070326,126435,249147,9,375591,11568,63401,126435,,1,https://static.inaturalist.org/attachments/users/icons/349183/medium.jpg?1662070326,NA,NA,NA,NA,NA,NA,NA,NA,NA,Markham,Lonicera sempervirens,Lonicera sempervirens | Phoebis sennae
Phoebis statira,https://www.inaturalist.org/observations/63831504,MaryJo,Hamelia,patens,Toni,100%,Thomas,13239700,80d75d43-86f4-4273-b3b1-4cc225fcce02,3126,taxon,Interaction->Visited flower of,Interaction->Visited flower of,126305,126305,NA,349183,126305,126305,species,10,47126,,TRUE,126305,Hamelia patens,126306,48460/47126/211194/47125/47124/47363/47693/788062/788055/126306,"48460,47126,211194,47125,47124,47363,47693,788062,788055,126306,126305",FALSE,FALSE,2012-03-24T15:52:25+00:00,0,3,21293,FALSE,21293,NA,NA,NA,http://en.wikipedia.org/wiki/Hamelia_patens,Plantae,Firebush,162979827,cc-by-nc,"(c) Cindy Chrisler, some rights reserved (CC BY-NC), uploaded by Cindy Chrisler",https://inaturalist-open-data.s3.amazonaws.com/photos/162979827/square.jpeg,,Cindy Chrisler,https://inaturalist-open-data.s3.amazonaws.com/photos/162979827/square.jpeg,https://inaturalist-open-data.s3.amazonaws.com/photos/162979827/medium.jpeg,1484,2048,0,0,349183,joemdo,FALSE,FALSE,2016-10-12T00:08:13+00:00,joemdo,joemdo,Joe MDO,Joe MDO,NA,https://static.inaturalist.org/attachments/users/icons/349183/thumb.jpg?1662070326,126435,249147,9,375591,11568,63401,126435,,1,https://static.inaturalist.org/attachments/users/icons/349183/medium.jpg?1662070326,NA,NA,NA,NA,NA,NA,NA,NA,NA,Quiet Waters,Hamelia patens,Hamelia patens | Phoebis statira
Hylephila phyleus,https://www.inaturalist.org/observations/63831506,MaryJo,Richardia,grandiflora,Toni,100%,Thomas,13239699,ae73105b-abec-43c8-98a3-fd83c02b5693,3126,taxon,Interaction->Visited flower of,Interaction->Visited flower of,52078,52078,349183,349183,52078,52078,species,10,47126,,TRUE,52078,Richardia grandiflora,52079,48460/47126/211194/47125/47124/47363/47693/788064/788088/52079,"48460,47126,211194,47125,47124,47363,47693,788064,788088,52079,52078",FALSE,FALSE,2009-07-01T11:57:21+00:00,0,2,15536,FALSE,15536,NA,NA,NA,https://en.wikipedia.org/wiki/Richardia_grandiflora,Plantae,largeflower Mexican clover,18320951,NA,"(c) Vanessa Trujillo, all rights reserved, uploaded by Vanessa Trujillo",https://static.inaturalist.org/photos/18320951/square.jpg,,Vanessa Trujillo,https://static.inaturalist.org/photos/18320951/square.jpg,https://static.inaturalist.org/photos/18320951/medium.jpg,800,600,0,0,349183,joemdo,FALSE,FALSE,2016-10-12T00:08:13+00:00,joemdo,joemdo,Joe MDO,Joe MDO,NA,https://static.inaturalist.org/attachments/users/icons/349183/thumb.jpg?1662070326,126435,249147,9,375591,11568,63401,126435,,1,https://static.inaturalist.org/attachments/users/icons/349183/medium.jpg?1662070326,NA,NA,NA,NA,NA,NA,NA,NA,NA,Quiet Waters,Richardia grandiflora,Richardia grandiflora | Hylephila phyleus
Erynnis horatius,https://www.inaturalist.org/observations/63831508,MaryJo,Sphagneticola,trilobata,Toni,100%,Thomas,13239698,d4cdbf91-395b-41c5-ae54-c55ed2887f86,3126,taxon,Interaction->Visited flower of,Interaction->Visited flower of,246102,246102,NA,349183,246102,246102,species,10,47126,,TRUE,246102,Sphagneticola trilobata,246103,48460/47126/211194/47125/47124/47605/47604/632790/605446/639448/246103,"48460,47126,211194,47125,47124,47605,47604,632790,605446,639448,246103,246102",FALSE,FALSE,2013-04-29T03:00:41+00:00,2,3,48957,FALSE,48957,NA,NA,NA,http://en.wikipedia.org/wiki/Sphagneticola_trilobata,Plantae,Trailing Daisy,43898069,cc0,"no rights reserved, uploaded by 葉子",https://inaturalist-open-data.s3.amazonaws.com/photos/43898069/square.jpeg,,葉子,https://inaturalist-open-data.s3.amazonaws.com/photos/43898069/square.jpeg,https://inaturalist-open-data.s3.amazonaws.com/photos/43898069/medium.jpeg,1536,2048,1,0,349183,joemdo,FALSE,FALSE,2016-10-12T00:08:13+00:00,joemdo,joemdo,Joe MDO,Joe MDO,NA,https://static.inaturalist.org/attachments/users/icons/349183/thumb.jpg?1662070326,126435,249147,9,375591,11568,63401,126435,,1,https://static.inaturalist.org/attachments/users/icons/349183/medium.jpg?1662070326,NA,NA,NA,NA,NA,NA,NA,NA,NA,Quiet Waters,Sphagneticola trilobata,Sphagneticola trilobata | Erynnis horatius
Burnsius albezens,https://www.inaturalist.org/observations/63831511,MaryJo,Phyla,nodiflora,Toni,100%,Thomas,13239697,4236a414-0645-43b8-8b31-e8ed6e7bcf88,3126,taxon,Interaction->Visited flower of,Interaction->Visited flower of,59040,59040,NA,349183,59040,59040,species,10,47126,,TRUE,59040,Phyla nodiflora,59041,48460/47126/211194/47125/47124/48151/49194/936164/59041,"48460,47126,211194,47125,47124,48151,49194,936164,59041,59040",FALSE,FALSE,2010-04-02T06:40:15+00:00,3,7,46236,FALSE,46236,NA,NA,NA,http://en.wikipedia.org/wiki/Phyla_nodiflora,Plantae,turkey tangle frogfruit,260096290,NA,"(c) 陳志豪, all rights reserved, uploaded by 陳志豪",https://static.inaturalist.org/photos/260096290/square.jpeg,,陳志豪,https://static.inaturalist.org/photos/260096290/square.jpeg,https://static.inaturalist.org/photos/260096290/medium.jpeg,1536,2048,2,0,349183,joemdo,FALSE,FALSE,2016-10-12T00:08:13+00:00,joemdo,joemdo,Joe MDO,Joe MDO,NA,https://static.inaturalist.org/attachments/users/icons/349183/thumb.jpg?1662070326,126435,249147,9,375591,11568,63401,126435,,1,https://static.inaturalist.org/attachments/users/icons/349183/medium.jpg?1662070326,NA,NA,NA,NA,NA,NA,NA,NA,NA,Quiet Waters,Phyla nodiflora,Phyla nodiflora | Burnsius albezens
Phyciodes tharos,https://www.inaturalist.org/observations/63831513,MaryJo,Bidens,alba,Toni,100%,Thomas,13239696,26123245-d868-4287-8f02-80d9de54acb2,3126,taxon,Interaction->Visited flower of,Interaction->Visited flower of,1095846,1095846,NA,349183,1095846,1095846,species,10,47126,,TRUE,1095846,Bidens alba,50204,48460/47126/211194/47125/47124/47605/47604/632790/568277/50204,"48460,47126,211194,47125,47124,47605,47604,632790,568277,50204,1095846",FALSE,FALSE,2020-06-05T17:31:55+00:00,4,2,91756,FALSE,91756,NA,30122,NA,https://en.wikipedia.org/wiki/Bidens_alba,Plantae,White beggarticks,86500140,cc0,"no rights reserved, uploaded by 葉子",https://inaturalist-open-data.s3.amazonaws.com/photos/86500140/square.jpeg,,葉子,https://inaturalist-open-data.s3.amazonaws.com/photos/86500140/square.jpeg,https://inaturalist-open-data.s3.amazonaws.com/photos/86500140/medium.jpeg,1536,2048,3,0,349183,joemdo,FALSE,FALSE,2016-10-12T00:08:13+00:00,joemdo,joemdo,Joe MDO,Joe MDO,NA,https://static.inaturalist.org/attachments/users/icons/349183/thumb.jpg?1662070326,126435,249147,9,375591,11568,63401,126435,,1,https://static.inaturalist.org/attachments/users/icons/349183/medium.jpg?1662070326,NA,NA,NA,NA,NA,NA,NA,NA,NA,Quiet Waters,Bidens alba,Bidens alba | Phyciodes tharos
Eurema daira,https://www.inaturalist.org/observations/68240370,Lucas,Richardia,grandiflora,Toni,100%,Thomas,13772573,33a11c8b-273a-40bf-9001-015fc1f04a0f,3126,taxon,Interaction->Visited flower of,Interaction->Visited flower of,52078,52078,NA,349183,52078,52078,species,10,47126,,TRUE,52078,Richardia grandiflora,52079,48460/47126/211194/47125/47124/47363/47693/788064/788088/52079,"48460,47126,211194,47125,47124,47363,47693,788064,788088,52079,52078",FALSE,FALSE,2009-07-01T11:57:21+00:00,0,2,15536,FALSE,15536,NA,NA,NA,https://en.wikipedia.org/wiki/Richardia_grandiflora,Plantae,largeflower Mexican clover,18320951,NA,"(c) Vanessa Trujillo, all rights reserved, uploaded by Vanessa Trujillo",https://static.inaturalist.org/photos/18320951/square.jpg,,Vanessa Trujillo,https://static.inaturalist.org/photos/18320951/square.jpg,https://static.inaturalist.org/photos/18320951/medium.jpg,800,600,0,0,349183,joemdo,FALSE,FALSE,2016-10-12T00:08:13+00:00,joemdo,joemdo,Joe MDO,Joe MDO,NA,https://static.inaturalist.org/attachments/users/icons/349183/thumb.jpg?1662070326,126435,249147,9,375591,11568,63401,126435,,1,https://static.inaturalist.org/attachments/users/icons/349183/medium.jpg?1662070326,NA,NA,NA,NA,NA,NA,NA,NA,NA,Quiet Waters,Richardia grandiflora,Richardia grandiflora | Eurema daira
Panoquina ocola,https://www.inaturalist.org/observations/68240380,Lucas,Bidens,alba,Toni,100%,Thomas,13772565,dcc25801-a6de-4163-b0d8-a1698a61529f,3126,taxon,Interaction->Visited flower of,Interaction->Visited flower of,1095846,1095846,NA,349183,1095846,1095846,species,10,47126,,TRUE,1095846,Bidens alba,50204,48460/47126/211194/47125/47124/47605/47604/632790/568277/50204,"48460,47126,211194,47125,47124,47605,47604,632790,568277,50204,1095846",FALSE,FALSE,2020-06-05T17:31:55+00:00,4,2,91756,FALSE,91756,NA,30122,NA,https://en.wikipedia.org/wiki/Bidens_alba,Plantae,White beggarticks,86500140,cc0,"no rights reserved, uploaded by 葉子",https://inaturalist-open-data.s3.amazonaws.com/photos/86500140/square.jpeg,,葉子,https://inaturalist-open-data.s3.amazonaws.com/photos/86500140/square.jpeg,https://inaturalist-open-data.s3.amazonaws.com/photos/86500140/medium.jpeg,1536,2048,3,0,349183,joemdo,FALSE,FALSE,2016-10-12T00:08:13+00:00,joemdo,joemdo,Joe MDO,Joe MDO,NA,https://static.inaturalist.org/attachments/users/icons/349183/thumb.jpg?1662070326,126435,249147,9,375591,11568,63401,126435,,1,https://static.inaturalist.org/attachments/users/icons/349183/medium.jpg?1662070326,NA,NA,NA,NA,NA,NA,NA,NA,NA,Quiet Waters,Bidens alba,Bidens alba | Panoquina ocola
Urbanus proteus,https://www.inaturalist.org/observations/69025743,Noelle,Richardia,grandiflora,Jake,100%,Thomas,13883240,c890078e-75d8-40ce-8bde-c2b4e356dfcd,3126,taxon,Interaction->Visited flower of,Interaction->Visited flower of,52078,52078,NA,349183,52078,52078,species,10,47126,,TRUE,52078,Richardia grandiflora,52079,48460/47126/211194/47125/47124/47363/47693/788064/788088/52079,"48460,47126,211194,47125,47124,47363,47693,788064,788088,52079,52078",FALSE,FALSE,2009-07-01T11:57:21+00:00,0,2,15536,FALSE,15536,NA,NA,NA,https://en.wikipedia.org/wiki/Richardia_grandiflora,Plantae,largeflower Mexican clover,18320951,NA,"(c) Vanessa Trujillo, all rights reserved, uploaded by Vanessa Trujillo",https://static.inaturalist.org/photos/18320951/square.jpg,,Vanessa Trujillo,https://static.inaturalist.org/photos/18320951/square.jpg,https://static.inaturalist.org/photos/18320951/medium.jpg,800,600,0,0,349183,joemdo,FALSE,FALSE,2016-10-12T00:08:13+00:00,joemdo,joemdo,Joe MDO,Joe MDO,NA,https://static.inaturalist.org/attachments/users/icons/349183/thumb.jpg?1662070326,126435,249147,9,375591,11568,63401,126435,,1,https://static.inaturalist.org/attachments/users/icons/349183/medium.jpg?1662070326,NA,NA,NA,NA,NA,NA,NA,NA,NA,Long Key,Richardia grandiflora,Richardia grandiflora | Urbanus proteus
Erynnis horatius,https://www.inaturalist.org/observations/69326867,Noelle,Richardia,grandiflora,Jake,100%,Thomas,13924854,504a50a0-15d2-4ec7-a1d3-3934bde8b871,3126,taxon,Interaction->Visited flower of,Interaction->Visited flower of,52078,52078,NA,349183,52078,52078,species,10,47126,,TRUE,52078,Richardia grandiflora,52079,48460/47126/211194/47125/47124/47363/47693/788064/788088/52079,"48460,47126,211194,47125,47124,47363,47693,788064,788088,52079,52078",FALSE,FALSE,2009-07-01T11:57:21+00:00,0,2,15536,FALSE,15536,NA,NA,NA,https://en.wikipedia.org/wiki/Richardia_grandiflora,Plantae,largeflower Mexican clover,18320951,NA,"(c) Vanessa Trujillo, all rights reserved, uploaded by Vanessa Trujillo",https://static.inaturalist.org/photos/18320951/square.jpg,,Vanessa Trujillo,https://static.inaturalist.org/photos/18320951/square.jpg,https://static.inaturalist.org/photos/18320951/medium.jpg,800,600,0,0,349183,joemdo,FALSE,FALSE,2016-10-12T00:08:13+00:00,joemdo,joemdo,Joe MDO,Joe MDO,NA,https://static.inaturalist.org/attachments/users/icons/349183/thumb.jpg?1662070326,126435,249147,9,375591,11568,63401,126435,,1,https://static.inaturalist.org/attachments/users/icons/349183/medium.jpg?1662070326,NA,NA,NA,NA,NA,NA,NA,NA,NA,Long Key,Richardia grandiflora,Richardia grandiflora | Erynnis horatius
Ascia monuste,https://www.inaturalist.org/observations/70641215,Lucas,Bidens,alba,Jake,100%,Thomas,14075931,75892110-d1d0-4091-8176-16d57f0e1f95,3126,taxon,Interaction->Visited flower of,Interaction->Visited flower of,1095846,1095846,NA,349183,1095846,1095846,species,10,47126,,TRUE,1095846,Bidens alba,50204,48460/47126/211194/47125/47124/47605/47604/632790/568277/50204,"48460,47126,211194,47125,47124,47605,47604,632790,568277,50204,1095846",FALSE,FALSE,2020-06-05T17:31:55+00:00,4,2,91756,FALSE,91756,NA,30122,NA,https://en.wikipedia.org/wiki/Bidens_alba,Plantae,White beggarticks,86500140,cc0,"no rights reserved, uploaded by 葉子",https://inaturalist-open-data.s3.amazonaws.com/photos/86500140/square.jpeg,,葉子,https://inaturalist-open-data.s3.amazonaws.com/photos/86500140/square.jpeg,https://inaturalist-open-data.s3.amazonaws.com/photos/86500140/medium.jpeg,1536,2048,3,0,349183,joemdo,FALSE,FALSE,2016-10-12T00:08:13+00:00,joemdo,joemdo,Joe MDO,Joe MDO,NA,https://static.inaturalist.org/attachments/users/icons/349183/thumb.jpg?1662070326,126435,249147,9,375591,11568,63401,126435,,1,https://static.inaturalist.org/attachments/users/icons/349183/medium.jpg?1662070326,NA,NA,NA,NA,NA,NA,NA,NA,NA,Quiet Waters,Bidens alba,Bidens alba | Ascia monuste
Erynnis horatius,https://www.inaturalist.org/observations/71763690,Lucas,Bidens,alba,Jake,100%,Thomas,14181795,7825b6e3-cc55-44e4-90c2-dbd174db0254,3126,taxon,Interaction->Visited flower of,Interaction->Visited flower of,1095846,1095846,NA,349183,1095846,1095846,species,10,47126,,TRUE,1095846,Bidens alba,50204,48460/47126/211194/47125/47124/47605/47604/632790/568277/50204,"48460,47126,211194,47125,47124,47605,47604,632790,568277,50204,1095846",FALSE,FALSE,2020-06-05T17:31:55+00:00,4,2,91756,FALSE,91756,NA,30122,NA,https://en.wikipedia.org/wiki/Bidens_alba,Plantae,White beggarticks,86500140,cc0,"no rights reserved, uploaded by 葉子",https://inaturalist-open-data.s3.amazonaws.com/photos/86500140/square.jpeg,,葉子,https://inaturalist-open-data.s3.amazonaws.com/photos/86500140/square.jpeg,https://inaturalist-open-data.s3.amazonaws.com/photos/86500140/medium.jpeg,1536,2048,3,0,349183,joemdo,FALSE,FALSE,2016-10-12T00:08:13+00:00,joemdo,joemdo,Joe MDO,Joe MDO,NA,https://static.inaturalist.org/attachments/users/icons/349183/thumb.jpg?1662070326,126435,249147,9,375591,11568,63401,126435,,1,https://static.inaturalist.org/attachments/users/icons/349183/medium.jpg?1662070326,NA,NA,NA,NA,NA,NA,NA,NA,NA,Quiet Waters,Bidens alba,Bidens alba | Erynnis horatius
Hylephila phyleus,https://www.inaturalist.org/observations/71763696,Lucas,Bidens,alba,Jake,100%,Thomas,14181794,ec83f567-9cca-4131-85a6-02c87b944a83,3126,taxon,Interaction->Visited flower of,Interaction->Visited flower of,1095846,1095846,349183,349183,1095846,1095846,species,10,47126,,TRUE,1095846,Bidens alba,50204,48460/47126/211194/47125/47124/47605/47604/632790/568277/50204,"48460,47126,211194,47125,47124,47605,47604,632790,568277,50204,1095846",FALSE,FALSE,2020-06-05T17:31:55+00:00,4,2,91756,FALSE,91756,NA,30122,NA,https://en.wikipedia.org/wiki/Bidens_alba,Plantae,White beggarticks,86500140,cc0,"no rights reserved, uploaded by 葉子",https://inaturalist-open-data.s3.amazonaws.com/photos/86500140/square.jpeg,,葉子,https://inaturalist-open-data.s3.amazonaws.com/photos/86500140/square.jpeg,https://inaturalist-open-data.s3.amazonaws.com/photos/86500140/medium.jpeg,1536,2048,3,0,349183,joemdo,FALSE,FALSE,2016-10-12T00:08:13+00:00,joemdo,joemdo,Joe MDO,Joe MDO,NA,https://static.inaturalist.org/attachments/users/icons/349183/thumb.jpg?1662070326,126435,249147,9,375591,11568,63401,126435,,1,https://static.inaturalist.org/attachments/users/icons/349183/medium.jpg?1662070326,NA,NA,NA,NA,NA,NA,NA,NA,NA,Quiet Waters,Bidens alba,Bidens alba | Hylephila phyleus
Anartia jatrophae,https://www.inaturalist.org/observations/72393740,Tessa,Spermacoce,verticillata,Toni,>80%,Thomas,14240340,e0777991-ba83-4236-ad85-29a46ddae8d4,3126,taxon,Interaction->Visited flower of,Interaction->Visited flower of,169171,169171,NA,349183,169171,169171,species,10,47126,,TRUE,169171,Spermacoce verticillata,131832,48460/47126/211194/47125/47124/47363/47693/788064/788088/131832,"48460,47126,211194,47125,47124,47363,47693,788064,788088,131832,169171",FALSE,FALSE,2012-10-22T22:59:30+00:00,1,3,12116,FALSE,12116,NA,NA,NA,https://en.wikipedia.org/wiki/Spermacoce_verticillata,Plantae,shrubby false buttonweed,2690565,NA,"(c) Jay Keller, all rights reserved, uploaded by Jay Keller",https://static.inaturalist.org/photos/2690565/square.jpg,,Jay Keller,https://static.inaturalist.org/photos/2690565/square.jpg,https://static.inaturalist.org/photos/2690565/medium.jpg,1536,2048,0,0,349183,joemdo,FALSE,FALSE,2016-10-12T00:08:13+00:00,joemdo,joemdo,Joe MDO,Joe MDO,NA,https://static.inaturalist.org/attachments/users/icons/349183/thumb.jpg?1662070326,126435,249147,9,375591,11568,63401,126435,,1,https://static.inaturalist.org/attachments/users/icons/349183/medium.jpg?1662070326,NA,NA,NA,NA,NA,NA,NA,NA,NA,Markham,Spermacoce verticillata,Spermacoce verticillata | Anartia jatrophae
Leptotes cassius,https://www.inaturalist.org/observations/73556545,Lucas,Varronia,bullata,Toni,>80%,Thomas,14370472,4868be89-7475-4f50-adf1-3bccc0edc64d,3126,taxon,Interaction->Visited flower of,Interaction->Visited flower of,283227,283227,NA,349183,283227,283227,species,10,47126,,TRUE,283227,Varronia globosa,272882,48460/47126/211194/47125/47124/523723/48150/795676/272882,"48460,47126,211194,47125,47124,523723,48150,795676,272882,283227",FALSE,FALSE,2013-04-30T02:49:20+00:00,4,2,370,FALSE,370,NA,NA,NA,https://en.wikipedia.org/wiki/Varronia_globosa,Plantae,Curacao Bush,419931821,cc-by-sa,"(c) Douglas Goldman, some rights reserved (CC BY-SA), uploaded by Douglas Goldman",https://inaturalist-open-data.s3.amazonaws.com/photos/419931821/square.jpg,,Douglas Goldman,https://inaturalist-open-data.s3.amazonaws.com/photos/419931821/square.jpg,https://inaturalist-open-data.s3.amazonaws.com/photos/419931821/medium.jpg,1371,2048,0,0,349183,joemdo,FALSE,FALSE,2016-10-12T00:08:13+00:00,joemdo,joemdo,Joe MDO,Joe MDO,NA,https://static.inaturalist.org/attachments/users/icons/349183/thumb.jpg?1662070326,126435,249147,9,375591,11568,63401,126435,,1,https://static.inaturalist.org/attachments/users/icons/349183/medium.jpg?1662070326,NA,NA,NA,NA,NA,NA,NA,NA,NA,Quiet Waters,Varronia bullata,Varronia bullata | Leptotes cassius
Trichiotinus lunulatus,https://www.inaturalist.org/observations/73632597,Noelle,Psychotria,tremens,Jake,100%,Thomas,14376428,24919799-7fe6-47be-853e-6d128e9b71c3,3126,taxon,Interaction->Visited flower of,Interaction->Visited flower of,51599,51599,349183,349183,51599,51599,species,10,47126,,TRUE,51599,Psychotria nervosa,51600,48460/47126/211194/47125/47124/47363/47693/788064/788081/51600,"48460,47126,211194,47125,47124,47363,47693,788064,788081,51600,51599",FALSE,FALSE,2009-05-26T01:15:00+00:00,0,3,12267,FALSE,12267,NA,NA,NA,http://en.wikipedia.org/wiki/Psychotria_nervosa,Plantae,Shiny-leaved Wild Coffee,16401876,NA,"(c) Sandra St. Hilaire, all rights reserved, uploaded by Sandra St. Hilaire",https://static.inaturalist.org/photos/16401876/square.jpg,,Sandra St. Hilaire,https://static.inaturalist.org/photos/16401876/square.jpg,https://static.inaturalist.org/photos/16401876/medium.jpg,2048,1536,0,0,349183,joemdo,FALSE,FALSE,2016-10-12T00:08:13+00:00,joemdo,joemdo,Joe MDO,Joe MDO,NA,https://static.inaturalist.org/attachments/users/icons/349183/thumb.jpg?1662070326,126435,249147,9,375591,11568,63401,126435,,1,https://static.inaturalist.org/attachments/users/icons/349183/medium.jpg?1662070326,NA,NA,NA,NA,NA,NA,NA,NA,NA,Long Key,Psychotria tremens,Psychotria tremens | Trichiotinus lunulatus
Apis mellifera,https://www.inaturalist.org/observations/74565837,Tessa,Spermacoce,verticillata,Toni,100%,Thomas,14450490,f297abbd-1d59-4e56-8b57-fe3f64bd5345,3126,taxon,Interaction->Visited flower of,Interaction->Visited flower of,169171,169171,NA,349183,169171,169171,species,10,47126,,TRUE,169171,Spermacoce verticillata,131832,48460/47126/211194/47125/47124/47363/47693/788064/788088/131832,"48460,47126,211194,47125,47124,47363,47693,788064,788088,131832,169171",FALSE,FALSE,2012-10-22T22:59:30+00:00,1,3,12116,FALSE,12116,NA,NA,NA,https://en.wikipedia.org/wiki/Spermacoce_verticillata,Plantae,shrubby false buttonweed,2690565,NA,"(c) Jay Keller, all rights reserved, uploaded by Jay Keller",https://static.inaturalist.org/photos/2690565/square.jpg,,Jay Keller,https://static.inaturalist.org/photos/2690565/square.jpg,https://static.inaturalist.org/photos/2690565/medium.jpg,1536,2048,0,0,349183,joemdo,FALSE,FALSE,2016-10-12T00:08:13+00:00,joemdo,joemdo,Joe MDO,Joe MDO,NA,https://static.inaturalist.org/attachments/users/icons/349183/thumb.jpg?1662070326,126435,249147,9,375591,11568,63401,126435,,1,https://static.inaturalist.org/attachments/users/icons/349183/medium.jpg?1662070326,NA,NA,NA,NA,NA,NA,NA,NA,NA,Markham,Spermacoce verticillata,Spermacoce verticillata | Apis mellifera
Apis mellifera,https://www.inaturalist.org/observations/82299656,Tessa,Bidens,alba,Toni,100%,Thomas,15047793,bd64e030-c4b4-4821-9434-e8e528790158,3126,taxon,Interaction->Visited flower of,Interaction->Visited flower of,1095846,1095846,NA,738948,1095846,1095846,species,10,47126,,TRUE,1095846,Bidens alba,50204,48460/47126/211194/47125/47124/47605/47604/632790/568277/50204,"48460,47126,211194,47125,47124,47605,47604,632790,568277,50204,1095846",FALSE,FALSE,2020-06-05T17:31:55+00:00,4,2,91756,FALSE,91756,NA,30122,NA,https://en.wikipedia.org/wiki/Bidens_alba,Plantae,White beggarticks,86500140,cc0,"no rights reserved, uploaded by 葉子",https://inaturalist-open-data.s3.amazonaws.com/photos/86500140/square.jpeg,,葉子,https://inaturalist-open-data.s3.amazonaws.com/photos/86500140/square.jpeg,https://inaturalist-open-data.s3.amazonaws.com/photos/86500140/medium.jpeg,1536,2048,3,0,738948,buggybuddy,FALSE,FALSE,2017-12-23T06:27:24+00:00,buggybuddy,buggybuddy,Jade Fortnash,Jade Fortnash,NA,https://static.inaturalist.org/attachments/users/icons/738948/thumb.png?1691372010,18345,8903,1,27249,2740,1936,18345,,1,https://static.inaturalist.org/attachments/users/icons/738948/medium.png?1691372010,NA,NA,NA,NA,NA,NA,NA,NA,NA,Markham,Bidens alba,Bidens alba | Apis mellifera
Halictus poeyi,https://www.inaturalist.org/observations/90306309,Thomas,Bidens,alba,Toni,100%,NA,15721336,814ea361-da59-478c-8cb9-2894ad400bdc,3126,taxon,Interaction->Visited flower of,Interaction->Visited flower of,1095846,1095846,NA,349183,1095846,1095846,species,10,47126,,TRUE,1095846,Bidens alba,50204,48460/47126/211194/47125/47124/47605/47604/632790/568277/50204,"48460,47126,211194,47125,47124,47605,47604,632790,568277,50204,1095846",FALSE,FALSE,2020-06-05T17:31:55+00:00,4,2,91756,FALSE,91756,NA,30122,NA,https://en.wikipedia.org/wiki/Bidens_alba,Plantae,White beggarticks,86500140,cc0,"no rights reserved, uploaded by 葉子",https://inaturalist-open-data.s3.amazonaws.com/photos/86500140/square.jpeg,,葉子,https://inaturalist-open-data.s3.amazonaws.com/photos/86500140/square.jpeg,https://inaturalist-open-data.s3.amazonaws.com/photos/86500140/medium.jpeg,1536,2048,3,0,349183,joemdo,FALSE,FALSE,2016-10-12T00:08:13+00:00,joemdo,joemdo,Joe MDO,Joe MDO,NA,https://static.inaturalist.org/attachments/users/icons/349183/thumb.jpg?1662070326,126435,249147,9,375591,11568,63401,126435,,1,https://static.inaturalist.org/attachments/users/icons/349183/medium.jpg?1662070326,NA,NA,NA,NA,NA,NA,NA,NA,NA,Quiet Waters,Bidens alba,Bidens alba | Halictus poeyi
Coelioxys dolichos,https://www.inaturalist.org/observations/90306312,Thomas,Bidens,alba,Toni,100%,NA,15721333,774c5fe1-6c4e-4f2c-b82a-a0a2bf8aad2e,3126,taxon,Interaction->Visited flower of,Interaction->Visited flower of,1095846,1095846,NA,349183,1095846,1095846,species,10,47126,,TRUE,1095846,Bidens alba,50204,48460/47126/211194/47125/47124/47605/47604/632790/568277/50204,"48460,47126,211194,47125,47124,47605,47604,632790,568277,50204,1095846",FALSE,FALSE,2020-06-05T17:31:55+00:00,4,2,91756,FALSE,91756,NA,30122,NA,https://en.wikipedia.org/wiki/Bidens_alba,Plantae,White beggarticks,86500140,cc0,"no rights reserved, uploaded by 葉子",https://inaturalist-open-data.s3.amazonaws.com/photos/86500140/square.jpeg,,葉子,https://inaturalist-open-data.s3.amazonaws.com/photos/86500140/square.jpeg,https://inaturalist-open-data.s3.amazonaws.com/photos/86500140/medium.jpeg,1536,2048,3,0,349183,joemdo,FALSE,FALSE,2016-10-12T00:08:13+00:00,joemdo,joemdo,Joe MDO,Joe MDO,NA,https://static.inaturalist.org/attachments/users/icons/349183/thumb.jpg?1662070326,126435,249147,9,375591,11568,63401,126435,,1,https://static.inaturalist.org/attachments/users/icons/349183/medium.jpg?1662070326,NA,NA,NA,NA,NA,NA,NA,NA,NA,Quiet Waters,Bidens alba,Bidens alba | Coelioxys dolichos
Euglossa dilemma,https://www.inaturalist.org/observations/90830296,Noelle,Hamelia,patens,Jake,100%,Thomas,15891014,03804a3c-81fa-4c8f-8012-c62f3f54590f,3126,taxon,Interaction->Visited flower of,Interaction->Visited flower of,126305,126305,NA,641829,126305,126305,species,10,47126,,TRUE,126305,Hamelia patens,126306,48460/47126/211194/47125/47124/47363/47693/788062/788055/126306,"48460,47126,211194,47125,47124,47363,47693,788062,788055,126306,126305",FALSE,FALSE,2012-03-24T15:52:25+00:00,0,3,21293,FALSE,21293,NA,NA,NA,http://en.wikipedia.org/wiki/Hamelia_patens,Plantae,Firebush,162979827,cc-by-nc,"(c) Cindy Chrisler, some rights reserved (CC BY-NC), uploaded by Cindy Chrisler",https://inaturalist-open-data.s3.amazonaws.com/photos/162979827/square.jpeg,,Cindy Chrisler,https://inaturalist-open-data.s3.amazonaws.com/photos/162979827/square.jpeg,https://inaturalist-open-data.s3.amazonaws.com/photos/162979827/medium.jpeg,1484,2048,0,0,641829,brice_c,FALSE,FALSE,2017-09-23T15:32:23+00:00,brice_c,brice_c,Brice C.,Brice C.,NA,https://static.inaturalist.org/attachments/users/icons/641829/thumb.jpg?1717518964,18255,21621,2,39878,3949,3044,18255,,1,https://static.inaturalist.org/attachments/users/icons/641829/medium.jpg?1717518964,NA,NA,NA,NA,NA,NA,NA,NA,NA,Long Key,Hamelia patens,Hamelia patens | Euglossa dilemma
Apis mellifera,https://www.inaturalist.org/observations/90830301,Noelle,Hamelia,patens,Jake,100%,Thomas,15891010,97a097ec-95d9-4c76-aa7b-5679b3996114,3126,taxon,Interaction->Visited flower of,Interaction->Visited flower of,126305,126305,NA,641829,126305,126305,species,10,47126,,TRUE,126305,Hamelia patens,126306,48460/47126/211194/47125/47124/47363/47693/788062/788055/126306,"48460,47126,211194,47125,47124,47363,47693,788062,788055,126306,126305",FALSE,FALSE,2012-03-24T15:52:25+00:00,0,3,21293,FALSE,21293,NA,NA,NA,http://en.wikipedia.org/wiki/Hamelia_patens,Plantae,Firebush,162979827,cc-by-nc,"(c) Cindy Chrisler, some rights reserved (CC BY-NC), uploaded by Cindy Chrisler",https://inaturalist-open-data.s3.amazonaws.com/photos/162979827/square.jpeg,,Cindy Chrisler,https://inaturalist-open-data.s3.amazonaws.com/photos/162979827/square.jpeg,https://inaturalist-open-data.s3.amazonaws.com/photos/162979827/medium.jpeg,1484,2048,0,0,641829,brice_c,FALSE,FALSE,2017-09-23T15:32:23+00:00,brice_c,brice_c,Brice C.,Brice C.,NA,https://static.inaturalist.org/attachments/users/icons/641829/thumb.jpg?1717518964,18255,21621,2,39878,3949,3044,18255,,1,https://static.inaturalist.org/attachments/users/icons/641829/medium.jpg?1717518964,NA,NA,NA,NA,NA,NA,NA,NA,NA,Long Key,Hamelia patens,Hamelia patens | Apis mellifera
Euglossa dilemma,https://www.inaturalist.org/observations/90830302,Noelle,Hamelia,patens,Jake,100%,Thomas,15891007,cf985b8d-f62e-476f-8302-7163802cb611,3126,taxon,Interaction->Visited flower of,Interaction->Visited flower of,126305,126305,NA,641829,126305,126305,species,10,47126,,TRUE,126305,Hamelia patens,126306,48460/47126/211194/47125/47124/47363/47693/788062/788055/126306,"48460,47126,211194,47125,47124,47363,47693,788062,788055,126306,126305",FALSE,FALSE,2012-03-24T15:52:25+00:00,0,3,21293,FALSE,21293,NA,NA,NA,http://en.wikipedia.org/wiki/Hamelia_patens,Plantae,Firebush,162979827,cc-by-nc,"(c) Cindy Chrisler, some rights reserved (CC BY-NC), uploaded by Cindy Chrisler",https://inaturalist-open-data.s3.amazonaws.com/photos/162979827/square.jpeg,,Cindy Chrisler,https://inaturalist-open-data.s3.amazonaws.com/photos/162979827/square.jpeg,https://inaturalist-open-data.s3.amazonaws.com/photos/162979827/medium.jpeg,1484,2048,0,0,641829,brice_c,FALSE,FALSE,2017-09-23T15:32:23+00:00,brice_c,brice_c,Brice C.,Brice C.,NA,https://static.inaturalist.org/attachments/users/icons/641829/thumb.jpg?1717518964,18255,21621,2,39878,3949,3044,18255,,1,https://static.inaturalist.org/attachments/users/icons/641829/medium.jpg?1717518964,NA,NA,NA,NA,NA,NA,NA,NA,NA,Long Key,Hamelia patens,Hamelia patens | Euglossa dilemma
Augochlora pura,https://www.inaturalist.org/observations/90830424,Noelle,Hamelia,patens,Jake,100%,Thomas,15783933,a12528f0-1d4b-4870-ae2f-6b5316cb4d4f,3126,taxon,Interaction->Visited flower of,Interaction->Visited flower of,126305,126305,NA,349183,126305,126305,species,10,47126,,TRUE,126305,Hamelia patens,126306,48460/47126/211194/47125/47124/47363/47693/788062/788055/126306,"48460,47126,211194,47125,47124,47363,47693,788062,788055,126306,126305",FALSE,FALSE,2012-03-24T15:52:25+00:00,0,3,21293,FALSE,21293,NA,NA,NA,http://en.wikipedia.org/wiki/Hamelia_patens,Plantae,Firebush,162979827,cc-by-nc,"(c) Cindy Chrisler, some rights reserved (CC BY-NC), uploaded by Cindy Chrisler",https://inaturalist-open-data.s3.amazonaws.com/photos/162979827/square.jpeg,,Cindy Chrisler,https://inaturalist-open-data.s3.amazonaws.com/photos/162979827/square.jpeg,https://inaturalist-open-data.s3.amazonaws.com/photos/162979827/medium.jpeg,1484,2048,0,0,349183,joemdo,FALSE,FALSE,2016-10-12T00:08:13+00:00,joemdo,joemdo,Joe MDO,Joe MDO,NA,https://static.inaturalist.org/attachments/users/icons/349183/thumb.jpg?1662070326,126435,249147,9,375591,11568,63401,126435,,1,https://static.inaturalist.org/attachments/users/icons/349183/medium.jpg?1662070326,NA,NA,NA,NA,NA,NA,NA,NA,NA,Long Key,Hamelia patens,Hamelia patens | Augochlora pura
Apis mellifera,https://www.inaturalist.org/observations/90832823,Noelle,Hamelia,patens,Jake,100%,Thomas,15890995,da52a427-6861-4749-afe7-afc2c8713044,3126,taxon,Interaction->Visited flower of,Interaction->Visited flower of,126305,126305,NA,641829,126305,126305,species,10,47126,,TRUE,126305,Hamelia patens,126306,48460/47126/211194/47125/47124/47363/47693/788062/788055/126306,"48460,47126,211194,47125,47124,47363,47693,788062,788055,126306,126305",FALSE,FALSE,2012-03-24T15:52:25+00:00,0,3,21293,FALSE,21293,NA,NA,NA,http://en.wikipedia.org/wiki/Hamelia_patens,Plantae,Firebush,162979827,cc-by-nc,"(c) Cindy Chrisler, some rights reserved (CC BY-NC), uploaded by Cindy Chrisler",https://inaturalist-open-data.s3.amazonaws.com/photos/162979827/square.jpeg,,Cindy Chrisler,https://inaturalist-open-data.s3.amazonaws.com/photos/162979827/square.jpeg,https://inaturalist-open-data.s3.amazonaws.com/photos/162979827/medium.jpeg,1484,2048,0,0,641829,brice_c,FALSE,FALSE,2017-09-23T15:32:23+00:00,brice_c,brice_c,Brice C.,Brice C.,NA,https://static.inaturalist.org/attachments/users/icons/641829/thumb.jpg?1717518964,18255,21621,2,39878,3949,3044,18255,,1,https://static.inaturalist.org/attachments/users/icons/641829/medium.jpg?1717518964,NA,NA,NA,NA,NA,NA,NA,NA,NA,Long Key,Hamelia patens,Hamelia patens | Apis mellifera
Siproeta stelenes,https://www.inaturalist.org/observations/91026427,Noelle,Cephalanthus,occidentalis,Toni,100%,Thomas,15793365,7a6c3d95-f42e-497b-a750-a0b6d4b2c63e,3126,taxon,Interaction->Visited flower of,Interaction->Visited flower of,52763,52763,349183,349183,52763,52763,species,10,47126,,TRUE,52763,Cephalanthus occidentalis,52728,48460/47126/211194/47125/47124/47363/47693/788062/777272/52728,"48460,47126,211194,47125,47124,47363,47693,788062,777272,52728,52763",FALSE,FALSE,2009-08-23T21:27:18+00:00,1,4,70602,FALSE,70602,NA,NA,NA,http://en.wikipedia.org/wiki/Cephalanthus_occidentalis,Plantae,buttonbush,679712269,cc-by,"(c) Michael J. Papay, some rights reserved (CC BY), uploaded by Michael J. Papay",https://inaturalist-open-data.s3.amazonaws.com/photos/679712269/square.jpg,,Michael J. Papay,https://inaturalist-open-data.s3.amazonaws.com/photos/679712269/square.jpg,https://inaturalist-open-data.s3.amazonaws.com/photos/679712269/medium.jpg,960,1280,3,0,349183,joemdo,FALSE,FALSE,2016-10-12T00:08:13+00:00,joemdo,joemdo,Joe MDO,Joe MDO,NA,https://static.inaturalist.org/attachments/users/icons/349183/thumb.jpg?1662070326,126435,249147,9,375591,11568,63401,126435,,1,https://static.inaturalist.org/attachments/users/icons/349183/medium.jpg?1662070326,NA,NA,NA,NA,NA,NA,NA,NA,NA,Long Key,Cephalanthus occidentalis,Cephalanthus occidentalis | Siproeta stelenes
Marpesia petreus,https://www.inaturalist.org/observations/91027712,Noelle,Bidens,alba,Jake,100%,Thomas,15793372,2b23fca1-a392-4ff6-92c3-dc8dea9a502e,3126,taxon,Interaction->Visited flower of,Interaction->Visited flower of,1095846,1095846,349183,349183,1095846,1095846,species,10,47126,,TRUE,1095846,Bidens alba,50204,48460/47126/211194/47125/47124/47605/47604/632790/568277/50204,"48460,47126,211194,47125,47124,47605,47604,632790,568277,50204,1095846",FALSE,FALSE,2020-06-05T17:31:55+00:00,4,2,91756,FALSE,91756,NA,30122,NA,https://en.wikipedia.org/wiki/Bidens_alba,Plantae,White beggarticks,86500140,cc0,"no rights reserved, uploaded by 葉子",https://inaturalist-open-data.s3.amazonaws.com/photos/86500140/square.jpeg,,葉子,https://inaturalist-open-data.s3.amazonaws.com/photos/86500140/square.jpeg,https://inaturalist-open-data.s3.amazonaws.com/photos/86500140/medium.jpeg,1536,2048,3,0,349183,joemdo,FALSE,FALSE,2016-10-12T00:08:13+00:00,joemdo,joemdo,Joe MDO,Joe MDO,NA,https://static.inaturalist.org/attachments/users/icons/349183/thumb.jpg?1662070326,126435,249147,9,375591,11568,63401,126435,,1,https://static.inaturalist.org/attachments/users/icons/349183/medium.jpg?1662070326,NA,NA,NA,NA,NA,NA,NA,NA,NA,Long Key,Bidens alba,Bidens alba | Marpesia petreus
Strymon istapa,https://www.inaturalist.org/observations/92041608,Lucas,Bidens,alba,Toni,100%,Thomas,15891357,35e6193f-c5f8-4f46-9c88-e429ed1959b0,3126,taxon,Interaction->Visited flower of,Interaction->Visited flower of,1095846,1095846,NA,641829,1095846,1095846,species,10,47126,,TRUE,1095846,Bidens alba,50204,48460/47126/211194/47125/47124/47605/47604/632790/568277/50204,"48460,47126,211194,47125,47124,47605,47604,632790,568277,50204,1095846",FALSE,FALSE,2020-06-05T17:31:55+00:00,4,2,91756,FALSE,91756,NA,30122,NA,https://en.wikipedia.org/wiki/Bidens_alba,Plantae,White beggarticks,86500140,cc0,"no rights reserved, uploaded by 葉子",https://inaturalist-open-data.s3.amazonaws.com/photos/86500140/square.jpeg,,葉子,https://inaturalist-open-data.s3.amazonaws.com/photos/86500140/square.jpeg,https://inaturalist-open-data.s3.amazonaws.com/photos/86500140/medium.jpeg,1536,2048,3,0,641829,brice_c,FALSE,FALSE,2017-09-23T15:32:23+00:00,brice_c,brice_c,Brice C.,Brice C.,NA,https://static.inaturalist.org/attachments/users/icons/641829/thumb.jpg?1717518964,18255,21621,2,39878,3949,3044,18255,,1,https://static.inaturalist.org/attachments/users/icons/641829/medium.jpg?1717518964,NA,NA,NA,NA,NA,NA,NA,NA,NA,Quiet Waters,Bidens alba,Bidens alba | Strymon istapa
Strymon istapa,https://www.inaturalist.org/observations/92041613,Lucas,Bidens,alba,Toni,100%,Thomas,15891356,b140221f-1cd8-4647-afcb-c2bd2cefefe9,3126,taxon,Interaction->Visited flower of,Interaction->Visited flower of,1095846,1095846,NA,641829,1095846,1095846,species,10,47126,,TRUE,1095846,Bidens alba,50204,48460/47126/211194/47125/47124/47605/47604/632790/568277/50204,"48460,47126,211194,47125,47124,47605,47604,632790,568277,50204,1095846",FALSE,FALSE,2020-06-05T17:31:55+00:00,4,2,91756,FALSE,91756,NA,30122,NA,https://en.wikipedia.org/wiki/Bidens_alba,Plantae,White beggarticks,86500140,cc0,"no rights reserved, uploaded by 葉子",https://inaturalist-open-data.s3.amazonaws.com/photos/86500140/square.jpeg,,葉子,https://inaturalist-open-data.s3.amazonaws.com/photos/86500140/square.jpeg,https://inaturalist-open-data.s3.amazonaws.com/photos/86500140/medium.jpeg,1536,2048,3,0,641829,brice_c,FALSE,FALSE,2017-09-23T15:32:23+00:00,brice_c,brice_c,Brice C.,Brice C.,NA,https://static.inaturalist.org/attachments/users/icons/641829/thumb.jpg?1717518964,18255,21621,2,39878,3949,3044,18255,,1,https://static.inaturalist.org/attachments/users/icons/641829/medium.jpg?1717518964,NA,NA,NA,NA,NA,NA,NA,NA,NA,Quiet Waters,Bidens alba,Bidens alba | Strymon istapa
Leptotes cassius,https://www.inaturalist.org/observations/99150419,Lucas,Bidens,alba,Toni,100%,Thomas,16644749,ab2e350a-59d2-4380-aa26-fc4b3be372df,3126,taxon,Interaction->Visited flower of,Interaction->Visited flower of,1095846,1095846,349183,349183,1095846,1095846,species,10,47126,,TRUE,1095846,Bidens alba,50204,48460/47126/211194/47125/47124/47605/47604/632790/568277/50204,"48460,47126,211194,47125,47124,47605,47604,632790,568277,50204,1095846",FALSE,FALSE,2020-06-05T17:31:55+00:00,4,2,91756,FALSE,91756,NA,30122,NA,https://en.wikipedia.org/wiki/Bidens_alba,Plantae,White beggarticks,86500140,cc0,"no rights reserved, uploaded by 葉子",https://inaturalist-open-data.s3.amazonaws.com/photos/86500140/square.jpeg,,葉子,https://inaturalist-open-data.s3.amazonaws.com/photos/86500140/square.jpeg,https://inaturalist-open-data.s3.amazonaws.com/photos/86500140/medium.jpeg,1536,2048,3,0,349183,joemdo,FALSE,FALSE,2016-10-12T00:08:13+00:00,joemdo,joemdo,Joe MDO,Joe MDO,NA,https://static.inaturalist.org/attachments/users/icons/349183/thumb.jpg?1662070326,126435,249147,9,375591,11568,63401,126435,,1,https://static.inaturalist.org/attachments/users/icons/349183/medium.jpg?1662070326,NA,NA,NA,NA,NA,NA,NA,NA,NA,Quiet Waters,Bidens alba,Bidens alba | Leptotes cassius
Leptotes cassius,https://www.inaturalist.org/observations/100535178,Thomas,Spermacoce,verticillata,Toni,100%,NA,19870512,f65cb30c-3c61-49e4-9451-e7a5b79a6e93,3126,taxon,Interaction->Visited flower of,Interaction->Visited flower of,169171,169171,NA,738948,169171,169171,species,10,47126,,TRUE,169171,Spermacoce verticillata,131832,48460/47126/211194/47125/47124/47363/47693/788064/788088/131832,"48460,47126,211194,47125,47124,47363,47693,788064,788088,131832,169171",FALSE,FALSE,2012-10-22T22:59:30+00:00,1,3,12116,FALSE,12116,NA,NA,NA,https://en.wikipedia.org/wiki/Spermacoce_verticillata,Plantae,shrubby false buttonweed,2690565,NA,"(c) Jay Keller, all rights reserved, uploaded by Jay Keller",https://static.inaturalist.org/photos/2690565/square.jpg,,Jay Keller,https://static.inaturalist.org/photos/2690565/square.jpg,https://static.inaturalist.org/photos/2690565/medium.jpg,1536,2048,0,0,738948,buggybuddy,FALSE,FALSE,2017-12-23T06:27:24+00:00,buggybuddy,buggybuddy,Jade Fortnash,Jade Fortnash,NA,https://static.inaturalist.org/attachments/users/icons/738948/thumb.png?1691372010,18345,8903,1,27249,2740,1936,18345,,1,https://static.inaturalist.org/attachments/users/icons/738948/medium.png?1691372010,NA,NA,NA,NA,NA,NA,NA,NA,NA,Highlands Scrub,Spermacoce verticillata,Spermacoce verticillata | Leptotes cassius
Apis mellifera,https://www.inaturalist.org/observations/101165785,Noelle,Bidens,alba,Toni,100%,Thomas,16852750,6b5323d8-21bb-41f8-95e9-b9d34ddedb3a,3126,taxon,Interaction->Visited flower of,Interaction->Visited flower of,1095846,1095846,NA,349183,1095846,1095846,species,10,47126,,TRUE,1095846,Bidens alba,50204,48460/47126/211194/47125/47124/47605/47604/632790/568277/50204,"48460,47126,211194,47125,47124,47605,47604,632790,568277,50204,1095846",FALSE,FALSE,2020-06-05T17:31:55+00:00,4,2,91756,FALSE,91756,NA,30122,NA,https://en.wikipedia.org/wiki/Bidens_alba,Plantae,White beggarticks,86500140,cc0,"no rights reserved, uploaded by 葉子",https://inaturalist-open-data.s3.amazonaws.com/photos/86500140/square.jpeg,,葉子,https://inaturalist-open-data.s3.amazonaws.com/photos/86500140/square.jpeg,https://inaturalist-open-data.s3.amazonaws.com/photos/86500140/medium.jpeg,1536,2048,3,0,349183,joemdo,FALSE,FALSE,2016-10-12T00:08:13+00:00,joemdo,joemdo,Joe MDO,Joe MDO,NA,https://static.inaturalist.org/attachments/users/icons/349183/thumb.jpg?1662070326,126435,249147,9,375591,11568,63401,126435,,1,https://static.inaturalist.org/attachments/users/icons/349183/medium.jpg?1662070326,NA,NA,NA,NA,NA,NA,NA,NA,NA,Long Key,Bidens alba,Bidens alba | Apis mellifera
Halictus poeyi,https://www.inaturalist.org/observations/102135852,Thomas,Sphagneticola,trilobata,Toni,100%,NA,16949842,d195a936-3421-424f-a717-daf0f7f07a1c,3126,taxon,Interaction->Visited flower of,Interaction->Visited flower of,246102,246102,NA,349183,246102,246102,species,10,47126,,TRUE,246102,Sphagneticola trilobata,246103,48460/47126/211194/47125/47124/47605/47604/632790/605446/639448/246103,"48460,47126,211194,47125,47124,47605,47604,632790,605446,639448,246103,246102",FALSE,FALSE,2013-04-29T03:00:41+00:00,2,3,48957,FALSE,48957,NA,NA,NA,http://en.wikipedia.org/wiki/Sphagneticola_trilobata,Plantae,Trailing Daisy,43898069,cc0,"no rights reserved, uploaded by 葉子",https://inaturalist-open-data.s3.amazonaws.com/photos/43898069/square.jpeg,,葉子,https://inaturalist-open-data.s3.amazonaws.com/photos/43898069/square.jpeg,https://inaturalist-open-data.s3.amazonaws.com/photos/43898069/medium.jpeg,1536,2048,1,0,349183,joemdo,FALSE,FALSE,2016-10-12T00:08:13+00:00,joemdo,joemdo,Joe MDO,Joe MDO,NA,https://static.inaturalist.org/attachments/users/icons/349183/thumb.jpg?1662070326,126435,249147,9,375591,11568,63401,126435,,1,https://static.inaturalist.org/attachments/users/icons/349183/medium.jpg?1662070326,NA,NA,NA,NA,NA,NA,NA,NA,NA,Quiet Waters,Sphagneticola trilobata,Sphagneticola trilobata | Halictus poeyi
Marpesia petreus,https://www.inaturalist.org/observations/104247972,Thomas,Chromolaena,odorata,Lange,100%,NA,19870399,ad6d71b2-16e2-4995-9bfe-e31009193367,3126,taxon,Interaction->Visited flower of,Interaction->Visited flower of,199400,199400,NA,738948,199400,199400,species,10,47126,,TRUE,199400,Chromolaena odorata,154029,48460/47126/211194/47125/47124/47605/47604/632790/153419/901068/154029,"48460,47126,211194,47125,47124,47605,47604,632790,153419,901068,154029,199400",FALSE,FALSE,2012-12-29T23:03:23+00:00,1,3,23068,FALSE,23068,NA,NA,NA,http://en.wikipedia.org/wiki/Chromolaena_odorata,Plantae,Siam weed,63410243,cc-by,"(c) Brian Oakes Haiti Hunter, some rights reserved (CC BY), uploaded by Brian Oakes Haiti Hunter",https://inaturalist-open-data.s3.amazonaws.com/photos/63410243/square.jpeg,,Brian Oakes Haiti Hunter,https://inaturalist-open-data.s3.amazonaws.com/photos/63410243/square.jpeg,https://inaturalist-open-data.s3.amazonaws.com/photos/63410243/medium.jpeg,683,1024,1,0,738948,buggybuddy,FALSE,FALSE,2017-12-23T06:27:24+00:00,buggybuddy,buggybuddy,Jade Fortnash,Jade Fortnash,NA,https://static.inaturalist.org/attachments/users/icons/738948/thumb.png?1691372010,18345,8903,1,27249,2740,1936,18345,,1,https://static.inaturalist.org/attachments/users/icons/738948/medium.png?1691372010,NA,NA,NA,NA,NA,NA,NA,NA,NA,Long Key,Chromolaena odorata,Chromolaena odorata | Marpesia petreus
Anartia jatrophae,https://www.inaturalist.org/observations/104826604,Noelle,Bidens,alba,Toni,100%,Thomas,17259891,868d7d63-5965-4962-9abe-bb793eb2ac30,3126,taxon,Interaction->Visited flower of,Interaction->Visited flower of,1095846,1095846,349183,349183,1095846,1095846,species,10,47126,,TRUE,1095846,Bidens alba,50204,48460/47126/211194/47125/47124/47605/47604/632790/568277/50204,"48460,47126,211194,47125,47124,47605,47604,632790,568277,50204,1095846",FALSE,FALSE,2020-06-05T17:31:55+00:00,4,2,91756,FALSE,91756,NA,30122,NA,https://en.wikipedia.org/wiki/Bidens_alba,Plantae,White beggarticks,86500140,cc0,"no rights reserved, uploaded by 葉子",https://inaturalist-open-data.s3.amazonaws.com/photos/86500140/square.jpeg,,葉子,https://inaturalist-open-data.s3.amazonaws.com/photos/86500140/square.jpeg,https://inaturalist-open-data.s3.amazonaws.com/photos/86500140/medium.jpeg,1536,2048,3,0,349183,joemdo,FALSE,FALSE,2016-10-12T00:08:13+00:00,joemdo,joemdo,Joe MDO,Joe MDO,NA,https://static.inaturalist.org/attachments/users/icons/349183/thumb.jpg?1662070326,126435,249147,9,375591,11568,63401,126435,,1,https://static.inaturalist.org/attachments/users/icons/349183/medium.jpg?1662070326,NA,NA,NA,NA,NA,NA,NA,NA,NA,Markham,Bidens alba,Bidens alba | Anartia jatrophae
Dryas iulia,https://www.inaturalist.org/observations/107228173,Lucas,Bidens,alba,Toni,100%,Thomas,17530698,2f830671-e36f-4c14-839a-db0b2da80e20,3126,taxon,Interaction->Visited flower of,Interaction->Visited flower of,1095846,1095846,4573202,4573202,1095846,1095846,species,10,47126,,TRUE,1095846,Bidens alba,50204,48460/47126/211194/47125/47124/47605/47604/632790/568277/50204,"48460,47126,211194,47125,47124,47605,47604,632790,568277,50204,1095846",FALSE,FALSE,2020-06-05T17:31:55+00:00,4,2,91756,FALSE,91756,NA,30122,NA,https://en.wikipedia.org/wiki/Bidens_alba,Plantae,White beggarticks,86500140,cc0,"no rights reserved, uploaded by 葉子",https://inaturalist-open-data.s3.amazonaws.com/photos/86500140/square.jpeg,,葉子,https://inaturalist-open-data.s3.amazonaws.com/photos/86500140/square.jpeg,https://inaturalist-open-data.s3.amazonaws.com/photos/86500140/medium.jpeg,1536,2048,3,0,4573202,gatorhawk,FALSE,FALSE,2021-06-12T12:38:13+00:00,gatorhawk,gatorhawk,Josiah Londerée,Josiah Londerée,NA,https://static.inaturalist.org/attachments/users/icons/4573202/thumb.jpeg?1726415157,31904,129404,0,161308,6903,2318,31904,,1,https://static.inaturalist.org/attachments/users/icons/4573202/medium.jpeg?1726415157,NA,NA,NA,NA,NA,NA,NA,NA,NA,Quiet Waters,Bidens alba,Bidens alba | Dryas iulia
Thorybes dorantes,https://www.inaturalist.org/observations/107228179,Lucas,Bidens,alba,Toni,100%,Thomas,17530697,62c1ec58-978b-4ce9-ba3b-1b81f1d44b6c,3126,taxon,Interaction->Visited flower of,Interaction->Visited flower of,1095846,1095846,4573202,4573202,1095846,1095846,species,10,47126,,TRUE,1095846,Bidens alba,50204,48460/47126/211194/47125/47124/47605/47604/632790/568277/50204,"48460,47126,211194,47125,47124,47605,47604,632790,568277,50204,1095846",FALSE,FALSE,2020-06-05T17:31:55+00:00,4,2,91756,FALSE,91756,NA,30122,NA,https://en.wikipedia.org/wiki/Bidens_alba,Plantae,White beggarticks,86500140,cc0,"no rights reserved, uploaded by 葉子",https://inaturalist-open-data.s3.amazonaws.com/photos/86500140/square.jpeg,,葉子,https://inaturalist-open-data.s3.amazonaws.com/photos/86500140/square.jpeg,https://inaturalist-open-data.s3.amazonaws.com/photos/86500140/medium.jpeg,1536,2048,3,0,4573202,gatorhawk,FALSE,FALSE,2021-06-12T12:38:13+00:00,gatorhawk,gatorhawk,Josiah Londerée,Josiah Londerée,NA,https://static.inaturalist.org/attachments/users/icons/4573202/thumb.jpeg?1726415157,31904,129404,0,161308,6903,2318,31904,,1,https://static.inaturalist.org/attachments/users/icons/4573202/medium.jpeg?1726415157,NA,NA,NA,NA,NA,NA,NA,NA,NA,Quiet Waters,Bidens alba,Bidens alba | Thorybes dorantes
Thorybes dorantes,https://www.inaturalist.org/observations/107228184,Lucas,Bidens,alba,Toni,100%,Thomas,17530694,1b4ef14f-aef7-4943-a18f-5f2f8df24199,3126,taxon,Interaction->Visited flower of,Interaction->Visited flower of,1095846,1095846,4573202,4573202,1095846,1095846,species,10,47126,,TRUE,1095846,Bidens alba,50204,48460/47126/211194/47125/47124/47605/47604/632790/568277/50204,"48460,47126,211194,47125,47124,47605,47604,632790,568277,50204,1095846",FALSE,FALSE,2020-06-05T17:31:55+00:00,4,2,91756,FALSE,91756,NA,30122,NA,https://en.wikipedia.org/wiki/Bidens_alba,Plantae,White beggarticks,86500140,cc0,"no rights reserved, uploaded by 葉子",https://inaturalist-open-data.s3.amazonaws.com/photos/86500140/square.jpeg,,葉子,https://inaturalist-open-data.s3.amazonaws.com/photos/86500140/square.jpeg,https://inaturalist-open-data.s3.amazonaws.com/photos/86500140/medium.jpeg,1536,2048,3,0,4573202,gatorhawk,FALSE,FALSE,2021-06-12T12:38:13+00:00,gatorhawk,gatorhawk,Josiah Londerée,Josiah Londerée,NA,https://static.inaturalist.org/attachments/users/icons/4573202/thumb.jpeg?1726415157,31904,129404,0,161308,6903,2318,31904,,1,https://static.inaturalist.org/attachments/users/icons/4573202/medium.jpeg?1726415157,NA,NA,NA,NA,NA,NA,NA,NA,NA,Quiet Waters,Bidens alba,Bidens alba | Thorybes dorantes
Marpesia petreus,https://www.inaturalist.org/observations/107228186,Lucas,Bidens,alba,Toni,100%,Thomas,17530693,1f5323d4-5cf7-4f45-96fd-772394d276ab,3126,taxon,Interaction->Visited flower of,Interaction->Visited flower of,1095846,1095846,4573202,4573202,1095846,1095846,species,10,47126,,TRUE,1095846,Bidens alba,50204,48460/47126/211194/47125/47124/47605/47604/632790/568277/50204,"48460,47126,211194,47125,47124,47605,47604,632790,568277,50204,1095846",FALSE,FALSE,2020-06-05T17:31:55+00:00,4,2,91756,FALSE,91756,NA,30122,NA,https://en.wikipedia.org/wiki/Bidens_alba,Plantae,White beggarticks,86500140,cc0,"no rights reserved, uploaded by 葉子",https://inaturalist-open-data.s3.amazonaws.com/photos/86500140/square.jpeg,,葉子,https://inaturalist-open-data.s3.amazonaws.com/photos/86500140/square.jpeg,https://inaturalist-open-data.s3.amazonaws.com/photos/86500140/medium.jpeg,1536,2048,3,0,4573202,gatorhawk,FALSE,FALSE,2021-06-12T12:38:13+00:00,gatorhawk,gatorhawk,Josiah Londerée,Josiah Londerée,NA,https://static.inaturalist.org/attachments/users/icons/4573202/thumb.jpeg?1726415157,31904,129404,0,161308,6903,2318,31904,,1,https://static.inaturalist.org/attachments/users/icons/4573202/medium.jpeg?1726415157,NA,NA,NA,NA,NA,NA,NA,NA,NA,Quiet Waters,Bidens alba,Bidens alba | Marpesia petreus
Cymaenes tripunctus,https://www.inaturalist.org/observations/107228189,Lucas,Bidens,alba,Toni,100%,Thomas,17530692,1efe3e70-a17f-4b34-a43a-aef0215e4f79,3126,taxon,Interaction->Visited flower of,Interaction->Visited flower of,1095846,1095846,4573202,4573202,1095846,1095846,species,10,47126,,TRUE,1095846,Bidens alba,50204,48460/47126/211194/47125/47124/47605/47604/632790/568277/50204,"48460,47126,211194,47125,47124,47605,47604,632790,568277,50204,1095846",FALSE,FALSE,2020-06-05T17:31:55+00:00,4,2,91756,FALSE,91756,NA,30122,NA,https://en.wikipedia.org/wiki/Bidens_alba,Plantae,White beggarticks,86500140,cc0,"no rights reserved, uploaded by 葉子",https://inaturalist-open-data.s3.amazonaws.com/photos/86500140/square.jpeg,,葉子,https://inaturalist-open-data.s3.amazonaws.com/photos/86500140/square.jpeg,https://inaturalist-open-data.s3.amazonaws.com/photos/86500140/medium.jpeg,1536,2048,3,0,4573202,gatorhawk,FALSE,FALSE,2021-06-12T12:38:13+00:00,gatorhawk,gatorhawk,Josiah Londerée,Josiah Londerée,NA,https://static.inaturalist.org/attachments/users/icons/4573202/thumb.jpeg?1726415157,31904,129404,0,161308,6903,2318,31904,,1,https://static.inaturalist.org/attachments/users/icons/4573202/medium.jpeg?1726415157,NA,NA,NA,NA,NA,NA,NA,NA,NA,Quiet Waters,Bidens alba,Bidens alba | Cymaenes tripunctus
Halictus poeyi,https://www.inaturalist.org/observations/107580967,Thomas,Bidens,alba,Toni,100%,NA,17569166,ec3e8c64-e43b-4444-afd1-65785b9c480b,3126,taxon,Interaction->Visited flower of,Interaction->Visited flower of,1095846,1095846,349183,349183,1095846,1095846,species,10,47126,,TRUE,1095846,Bidens alba,50204,48460/47126/211194/47125/47124/47605/47604/632790/568277/50204,"48460,47126,211194,47125,47124,47605,47604,632790,568277,50204,1095846",FALSE,FALSE,2020-06-05T17:31:55+00:00,4,2,91756,FALSE,91756,NA,30122,NA,https://en.wikipedia.org/wiki/Bidens_alba,Plantae,White beggarticks,86500140,cc0,"no rights reserved, uploaded by 葉子",https://inaturalist-open-data.s3.amazonaws.com/photos/86500140/square.jpeg,,葉子,https://inaturalist-open-data.s3.amazonaws.com/photos/86500140/square.jpeg,https://inaturalist-open-data.s3.amazonaws.com/photos/86500140/medium.jpeg,1536,2048,3,0,349183,joemdo,FALSE,FALSE,2016-10-12T00:08:13+00:00,joemdo,joemdo,Joe MDO,Joe MDO,NA,https://static.inaturalist.org/attachments/users/icons/349183/thumb.jpg?1662070326,126435,249147,9,375591,11568,63401,126435,,1,https://static.inaturalist.org/attachments/users/icons/349183/medium.jpg?1662070326,NA,NA,NA,NA,NA,NA,NA,NA,NA,Helene Klein,Bidens alba,Bidens alba | Halictus poeyi
Trichiotinus lunulatus,https://www.inaturalist.org/observations/109476162,Noelle,Bidens,alba,Toni,100%,Thomas,17752345,9a78678a-561d-425d-85c1-d89c9d7ae576,3126,taxon,Interaction->Visited flower of,Interaction->Visited flower of,1095846,1095846,NA,349183,1095846,1095846,species,10,47126,,TRUE,1095846,Bidens alba,50204,48460/47126/211194/47125/47124/47605/47604/632790/568277/50204,"48460,47126,211194,47125,47124,47605,47604,632790,568277,50204,1095846",FALSE,FALSE,2020-06-05T17:31:55+00:00,4,2,91756,FALSE,91756,NA,30122,NA,https://en.wikipedia.org/wiki/Bidens_alba,Plantae,White beggarticks,86500140,cc0,"no rights reserved, uploaded by 葉子",https://inaturalist-open-data.s3.amazonaws.com/photos/86500140/square.jpeg,,葉子,https://inaturalist-open-data.s3.amazonaws.com/photos/86500140/square.jpeg,https://inaturalist-open-data.s3.amazonaws.com/photos/86500140/medium.jpeg,1536,2048,3,0,349183,joemdo,FALSE,FALSE,2016-10-12T00:08:13+00:00,joemdo,joemdo,Joe MDO,Joe MDO,NA,https://static.inaturalist.org/attachments/users/icons/349183/thumb.jpg?1662070326,126435,249147,9,375591,11568,63401,126435,,1,https://static.inaturalist.org/attachments/users/icons/349183/medium.jpg?1662070326,NA,NA,NA,NA,NA,NA,NA,NA,NA,Long Key,Bidens alba,Bidens alba | Trichiotinus lunulatus
Erynnis horatius,https://www.inaturalist.org/observations/109716682,Thomas,Bidens,alba,Lange,100%,NA,17770440,8adff7ec-65f2-4de3-984a-19d28e3455b9,3126,taxon,Interaction->Visited flower of,Interaction->Visited flower of,1095846,1095846,NA,349183,1095846,1095846,species,10,47126,,TRUE,1095846,Bidens alba,50204,48460/47126/211194/47125/47124/47605/47604/632790/568277/50204,"48460,47126,211194,47125,47124,47605,47604,632790,568277,50204,1095846",FALSE,FALSE,2020-06-05T17:31:55+00:00,4,2,91756,FALSE,91756,NA,30122,NA,https://en.wikipedia.org/wiki/Bidens_alba,Plantae,White beggarticks,86500140,cc0,"no rights reserved, uploaded by 葉子",https://inaturalist-open-data.s3.amazonaws.com/photos/86500140/square.jpeg,,葉子,https://inaturalist-open-data.s3.amazonaws.com/photos/86500140/square.jpeg,https://inaturalist-open-data.s3.amazonaws.com/photos/86500140/medium.jpeg,1536,2048,3,0,349183,joemdo,FALSE,FALSE,2016-10-12T00:08:13+00:00,joemdo,joemdo,Joe MDO,Joe MDO,NA,https://static.inaturalist.org/attachments/users/icons/349183/thumb.jpg?1662070326,126435,249147,9,375591,11568,63401,126435,,1,https://static.inaturalist.org/attachments/users/icons/349183/medium.jpg?1662070326,NA,NA,NA,NA,NA,NA,NA,NA,NA,Quiet Waters,Bidens alba,Bidens alba | Erynnis horatius
Eurema daira,https://www.inaturalist.org/observations/111272338,Thomas,Sida,ulmifolia,Lange,100%,NA,17901500,7d5f7358-472f-4d1a-b891-80fec0b52021,3126,taxon,Interaction->Visited flower of,Interaction->Visited flower of,131597,131597,NA,349183,131597,131597,species,10,47126,,TRUE,131597,Sida ulmifolia,54996,48460/47126/211194/47125/47124/48796/48797/860115/860842/54996,"48460,47126,211194,47125,47124,48796,48797,860115,860842,54996,131597",FALSE,FALSE,2012-06-22T14:45:03+00:00,0,2,5830,FALSE,5830,NA,NA,NA,NA,Plantae,Common Fanpetals,1917893,NA,"(c) BJ Stacey, all rights reserved",https://static.inaturalist.org/photos/1917893/square.jpg,,BJ Stacey,https://static.inaturalist.org/photos/1917893/square.jpg,https://static.inaturalist.org/photos/1917893/medium.jpg,826,1243,0,0,349183,joemdo,FALSE,FALSE,2016-10-12T00:08:13+00:00,joemdo,joemdo,Joe MDO,Joe MDO,NA,https://static.inaturalist.org/attachments/users/icons/349183/thumb.jpg?1662070326,126435,249147,9,375591,11568,63401,126435,,1,https://static.inaturalist.org/attachments/users/icons/349183/medium.jpg?1662070326,NA,NA,NA,NA,NA,NA,NA,NA,NA,Markham,Sida ulmifolia,Sida ulmifolia | Eurema daira
Ceratina floridana,https://www.inaturalist.org/observations/115721016,Noelle,Richardia,grandiflora,Toni,100%,Thomas,18205812,49fb9437-e395-4b5f-82fb-54b32ac3d07c,3126,taxon,Interaction->Visited flower of,Interaction->Visited flower of,52078,52078,349183,349183,52078,52078,species,10,47126,,TRUE,52078,Richardia grandiflora,52079,48460/47126/211194/47125/47124/47363/47693/788064/788088/52079,"48460,47126,211194,47125,47124,47363,47693,788064,788088,52079,52078",FALSE,FALSE,2009-07-01T11:57:21+00:00,0,2,15536,FALSE,15536,NA,NA,NA,https://en.wikipedia.org/wiki/Richardia_grandiflora,Plantae,largeflower Mexican clover,18320951,NA,"(c) Vanessa Trujillo, all rights reserved, uploaded by Vanessa Trujillo",https://static.inaturalist.org/photos/18320951/square.jpg,,Vanessa Trujillo,https://static.inaturalist.org/photos/18320951/square.jpg,https://static.inaturalist.org/photos/18320951/medium.jpg,800,600,0,0,349183,joemdo,FALSE,FALSE,2016-10-12T00:08:13+00:00,joemdo,joemdo,Joe MDO,Joe MDO,NA,https://static.inaturalist.org/attachments/users/icons/349183/thumb.jpg?1662070326,126435,249147,9,375591,11568,63401,126435,,1,https://static.inaturalist.org/attachments/users/icons/349183/medium.jpg?1662070326,NA,NA,NA,NA,NA,NA,NA,NA,NA,Markham,Richardia grandiflora,Richardia grandiflora | Ceratina floridana
Danaus gilippus,https://www.inaturalist.org/observations/137879595,Noelle,Ageratum,houstonianum,Toni,100%,Thomas,20130531,0c44f1d6-05c1-4d9f-953e-b4af898b838e,3126,taxon,Interaction->Visited flower of,Interaction->Visited flower of,901044,901044,2621666,2621666,901044,901044,subtribe,24,47126,,TRUE,901044,Ageratinae,153419,48460/47126/211194/47125/47124/47605/47604/632790/153419,"48460,47126,211194,47125,47124,47605,47604,632790,153419,901044",FALSE,FALSE,2019-06-17T09:01:05+00:00,0,0,103581,FALSE,103581,NA,NA,NA,NA,Plantae,NA,55960784,NA,"(c) Jeff Stauffer, all rights reserved, uploaded by Jeff Stauffer",https://static.inaturalist.org/photos/55960784/square.jpg,,Jeff Stauffer,https://static.inaturalist.org/photos/55960784/square.jpg,https://static.inaturalist.org/photos/55960784/medium.jpg,1536,2048,0,0,2621666,reedlindwurm,FALSE,FALSE,2020-03-04T02:04:29+00:00,reedlindwurm,reedlindwurm,Reed Lindwurm,Reed Lindwurm,NA,https://static.inaturalist.org/attachments/users/icons/2621666/b2e2f5a8319e8f03e5b7322810dde8f2-thumb.png?1753557932,4248,1777,1,6026,1086,4016,4248,,1,https://static.inaturalist.org/attachments/users/icons/2621666/b2e2f5a8319e8f03e5b7322810dde8f2-medium.png?1753557932,NA,NA,NA,NA,NA,NA,NA,NA,NA,Markham,Ageratum houstonianum,Ageratum houstonianum | Danaus gilippus
Phyciodes tharos,https://www.inaturalist.org/observations/146154047,Thomas,Spermacoce,verticillata,Lange,100%,NA,21120816,11ce2414-fed9-4735-8882-cb90140ada37,3126,taxon,Interaction->Visited flower of,Interaction->Visited flower of,169171,169171,NA,349183,169171,169171,species,10,47126,,TRUE,169171,Spermacoce verticillata,131832,48460/47126/211194/47125/47124/47363/47693/788064/788088/131832,"48460,47126,211194,47125,47124,47363,47693,788064,788088,131832,169171",FALSE,FALSE,2012-10-22T22:59:30+00:00,1,3,12116,FALSE,12116,NA,NA,NA,https://en.wikipedia.org/wiki/Spermacoce_verticillata,Plantae,shrubby false buttonweed,2690565,NA,"(c) Jay Keller, all rights reserved, uploaded by Jay Keller",https://static.inaturalist.org/photos/2690565/square.jpg,,Jay Keller,https://static.inaturalist.org/photos/2690565/square.jpg,https://static.inaturalist.org/photos/2690565/medium.jpg,1536,2048,0,0,349183,joemdo,FALSE,FALSE,2016-10-12T00:08:13+00:00,joemdo,joemdo,Joe MDO,Joe MDO,NA,https://static.inaturalist.org/attachments/users/icons/349183/thumb.jpg?1662070326,126435,249147,9,375591,11568,63401,126435,,1,https://static.inaturalist.org/attachments/users/icons/349183/medium.jpg?1662070326,NA,NA,NA,NA,NA,NA,NA,NA,NA,Long Key,Spermacoce verticillata,Spermacoce verticillata | Phyciodes tharos
Danaus gilippus,https://www.inaturalist.org/observations/146155075,Noelle,Eupatorium,capilifolium,Lange,100%,Thomas,21120781,1b85bbec-ad8e-4082-bd50-10c7c149c60e,3126,taxon,Interaction->Visited flower of,Interaction->Visited flower of,162792,162792,349183,349183,162792,162792,species,10,47126,,TRUE,162792,Eupatorium leptophyllum,52935,48460/47126/211194/47125/47124/47605/47604/632790/153419/901053/52935,"48460,47126,211194,47125,47124,47605,47604,632790,153419,901053,52935,162792",FALSE,FALSE,2012-10-22T21:36:52+00:00,0,2,996,FALSE,996,NA,NA,NA,http://en.wikipedia.org/wiki/Eupatorium_leptophyllum,Plantae,false fennel,31621677,cc-by-nc,"(c) Eric M Powell, some rights reserved (CC BY-NC), uploaded by Eric M Powell",https://inaturalist-open-data.s3.amazonaws.com/photos/31621677/square.jpeg,,Eric M Powell,https://inaturalist-open-data.s3.amazonaws.com/photos/31621677/square.jpeg,https://inaturalist-open-data.s3.amazonaws.com/photos/31621677/medium.jpeg,1536,2048,0,0,349183,joemdo,FALSE,FALSE,2016-10-12T00:08:13+00:00,joemdo,joemdo,Joe MDO,Joe MDO,NA,https://static.inaturalist.org/attachments/users/icons/349183/thumb.jpg?1662070326,126435,249147,9,375591,11568,63401,126435,,1,https://static.inaturalist.org/attachments/users/icons/349183/medium.jpg?1662070326,NA,NA,NA,NA,NA,NA,NA,NA,NA,Long Key,Eupatorium capilifolium,Eupatorium capilifolium | Danaus gilippus
Heliconius charithonia,https://www.inaturalist.org/observations/147732208,Noelle,Bidens,alba,Toni,100%,Thomas,21310486,6b65aff0-5708-4c0d-8115-a62652626ef3,3126,taxon,Interaction->Visited flower of,Interaction->Visited flower of,1095846,1095846,NA,349183,1095846,1095846,species,10,47126,,TRUE,1095846,Bidens alba,50204,48460/47126/211194/47125/47124/47605/47604/632790/568277/50204,"48460,47126,211194,47125,47124,47605,47604,632790,568277,50204,1095846",FALSE,FALSE,2020-06-05T17:31:55+00:00,4,2,91756,FALSE,91756,NA,30122,NA,https://en.wikipedia.org/wiki/Bidens_alba,Plantae,White beggarticks,86500140,cc0,"no rights reserved, uploaded by 葉子",https://inaturalist-open-data.s3.amazonaws.com/photos/86500140/square.jpeg,,葉子,https://inaturalist-open-data.s3.amazonaws.com/photos/86500140/square.jpeg,https://inaturalist-open-data.s3.amazonaws.com/photos/86500140/medium.jpeg,1536,2048,3,0,349183,joemdo,FALSE,FALSE,2016-10-12T00:08:13+00:00,joemdo,joemdo,Joe MDO,Joe MDO,NA,https://static.inaturalist.org/attachments/users/icons/349183/thumb.jpg?1662070326,126435,249147,9,375591,11568,63401,126435,,1,https://static.inaturalist.org/attachments/users/icons/349183/medium.jpg?1662070326,NA,NA,NA,NA,NA,NA,NA,NA,NA,Markham,Bidens alba,Bidens alba | Heliconius charithonia
Strymon istapa,https://www.inaturalist.org/observations/154338777,Thomas,Spermacoce,verticillata,Toni,100%,NA,21920982,9c478d54-110e-47d9-8146-de6ef4e5c540,3126,taxon,Interaction->Visited flower of,Interaction->Visited flower of,169171,169171,NA,349183,169171,169171,species,10,47126,,TRUE,169171,Spermacoce verticillata,131832,48460/47126/211194/47125/47124/47363/47693/788064/788088/131832,"48460,47126,211194,47125,47124,47363,47693,788064,788088,131832,169171",FALSE,FALSE,2012-10-22T22:59:30+00:00,1,3,12116,FALSE,12116,NA,NA,NA,https://en.wikipedia.org/wiki/Spermacoce_verticillata,Plantae,shrubby false buttonweed,2690565,NA,"(c) Jay Keller, all rights reserved, uploaded by Jay Keller",https://static.inaturalist.org/photos/2690565/square.jpg,,Jay Keller,https://static.inaturalist.org/photos/2690565/square.jpg,https://static.inaturalist.org/photos/2690565/medium.jpg,1536,2048,0,0,349183,joemdo,FALSE,FALSE,2016-10-12T00:08:13+00:00,joemdo,joemdo,Joe MDO,Joe MDO,NA,https://static.inaturalist.org/attachments/users/icons/349183/thumb.jpg?1662070326,126435,249147,9,375591,11568,63401,126435,,1,https://static.inaturalist.org/attachments/users/icons/349183/medium.jpg?1662070326,NA,NA,NA,NA,NA,NA,NA,NA,NA,Markham,Spermacoce verticillata,Spermacoce verticillata | Strymon istapa
Syntomeida epilais,https://www.inaturalist.org/observations/156649886,Noelle,Spermacoce,verticillata,Adam,100%,Thomas,22106389,f41b2778-f3ac-4b58-859b-1f657f2ebdc7,3126,taxon,Interaction->Visited flower of,Interaction->Visited flower of,169171,169171,NA,349183,169171,169171,species,10,47126,,TRUE,169171,Spermacoce verticillata,131832,48460/47126/211194/47125/47124/47363/47693/788064/788088/131832,"48460,47126,211194,47125,47124,47363,47693,788064,788088,131832,169171",FALSE,FALSE,2012-10-22T22:59:30+00:00,1,3,12116,FALSE,12116,NA,NA,NA,https://en.wikipedia.org/wiki/Spermacoce_verticillata,Plantae,shrubby false buttonweed,2690565,NA,"(c) Jay Keller, all rights reserved, uploaded by Jay Keller",https://static.inaturalist.org/photos/2690565/square.jpg,,Jay Keller,https://static.inaturalist.org/photos/2690565/square.jpg,https://static.inaturalist.org/photos/2690565/medium.jpg,1536,2048,0,0,349183,joemdo,FALSE,FALSE,2016-10-12T00:08:13+00:00,joemdo,joemdo,Joe MDO,Joe MDO,NA,https://static.inaturalist.org/attachments/users/icons/349183/thumb.jpg?1662070326,126435,249147,9,375591,11568,63401,126435,,1,https://static.inaturalist.org/attachments/users/icons/349183/medium.jpg?1662070326,NA,NA,NA,NA,NA,NA,NA,NA,NA,Markham,Spermacoce verticillata,Spermacoce verticillata | Syntomeida epilais
Ascia monuste,https://www.inaturalist.org/observations/156656571,Noelle,Psychotria,nervosa,Adam,100%,Thomas,22106536,d8d8687a-274f-4d37-bee5-62672098c720,3126,taxon,Interaction->Visited flower of,Interaction->Visited flower of,51599,51599,NA,349183,51599,51599,species,10,47126,,TRUE,51599,Psychotria nervosa,51600,48460/47126/211194/47125/47124/47363/47693/788064/788081/51600,"48460,47126,211194,47125,47124,47363,47693,788064,788081,51600,51599",FALSE,FALSE,2009-05-26T01:15:00+00:00,0,3,12267,FALSE,12267,NA,NA,NA,http://en.wikipedia.org/wiki/Psychotria_nervosa,Plantae,Shiny-leaved Wild Coffee,16401876,NA,"(c) Sandra St. Hilaire, all rights reserved, uploaded by Sandra St. Hilaire",https://static.inaturalist.org/photos/16401876/square.jpg,,Sandra St. Hilaire,https://static.inaturalist.org/photos/16401876/square.jpg,https://static.inaturalist.org/photos/16401876/medium.jpg,2048,1536,0,0,349183,joemdo,FALSE,FALSE,2016-10-12T00:08:13+00:00,joemdo,joemdo,Joe MDO,Joe MDO,NA,https://static.inaturalist.org/attachments/users/icons/349183/thumb.jpg?1662070326,126435,249147,9,375591,11568,63401,126435,,1,https://static.inaturalist.org/attachments/users/icons/349183/medium.jpg?1662070326,NA,NA,NA,NA,NA,NA,NA,NA,NA,Markham,Psychotria nervosa,Psychotria nervosa | Ascia monuste
Danaus gilippus,https://www.inaturalist.org/observations/156657171,Noelle,Bidens,alba,Toni,100%,Thomas,22106605,f67488e3-8fe7-47f2-b766-95057d0f324c,498,taxon,Nectar Plant,Nectar Plant,1095846,1095846,6696865,6696865,1095846,1095846,species,10,47126,,TRUE,1095846,Bidens alba,50204,48460/47126/211194/47125/47124/47605/47604/632790/568277/50204,"48460,47126,211194,47125,47124,47605,47604,632790,568277,50204,1095846",FALSE,FALSE,2020-06-05T17:31:55+00:00,4,2,91756,FALSE,91756,NA,30122,NA,https://en.wikipedia.org/wiki/Bidens_alba,Plantae,White beggarticks,86500140,cc0,"no rights reserved, uploaded by 葉子",https://inaturalist-open-data.s3.amazonaws.com/photos/86500140/square.jpeg,,葉子,https://inaturalist-open-data.s3.amazonaws.com/photos/86500140/square.jpeg,https://inaturalist-open-data.s3.amazonaws.com/photos/86500140/medium.jpeg,1536,2048,3,0,6696865,anipwrites,FALSE,FALSE,2023-04-17T18:29:17+00:00,anipwrites,anipwrites,NA,NA,NA,https://static.inaturalist.org/attachments/users/icons/6696865/thumb.png?1681764240,2744,876,0,3620,511,2724,2744,,1,https://static.inaturalist.org/attachments/users/icons/6696865/medium.png?1681764240,NA,NA,NA,NA,NA,NA,NA,NA,NA,Markham,Bidens alba,Bidens alba | Danaus gilippus
Dryas iulia,https://www.inaturalist.org/observations/193062710,Tessa,Chromolaena,odorata,Toni,100%,Thomas,25205802,125851e6-166d-4377-b369-6a52243afac5,3126,taxon,Interaction->Visited flower of,Interaction->Visited flower of,199400,199400,NA,349183,199400,199400,species,10,47126,,TRUE,199400,Chromolaena odorata,154029,48460/47126/211194/47125/47124/47605/47604/632790/153419/901068/154029,"48460,47126,211194,47125,47124,47605,47604,632790,153419,901068,154029,199400",FALSE,FALSE,2012-12-29T23:03:23+00:00,1,3,23068,FALSE,23068,NA,NA,NA,http://en.wikipedia.org/wiki/Chromolaena_odorata,Plantae,Siam weed,63410243,cc-by,"(c) Brian Oakes Haiti Hunter, some rights reserved (CC BY), uploaded by Brian Oakes Haiti Hunter",https://inaturalist-open-data.s3.amazonaws.com/photos/63410243/square.jpeg,,Brian Oakes Haiti Hunter,https://inaturalist-open-data.s3.amazonaws.com/photos/63410243/square.jpeg,https://inaturalist-open-data.s3.amazonaws.com/photos/63410243/medium.jpeg,683,1024,1,0,349183,joemdo,FALSE,FALSE,2016-10-12T00:08:13+00:00,joemdo,joemdo,Joe MDO,Joe MDO,NA,https://static.inaturalist.org/attachments/users/icons/349183/thumb.jpg?1662070326,126435,249147,9,375591,11568,63401,126435,,1,https://static.inaturalist.org/attachments/users/icons/349183/medium.jpg?1662070326,NA,NA,NA,NA,NA,NA,NA,NA,NA,Markham,Chromolaena odorata,Chromolaena odorata | Dryas iulia
Dryas iulia,https://www.inaturalist.org/observations/199024424,Tessa,Bidens,alba,Toni,100%,Thomas,25810862,41077b76-9c6b-424c-8e5d-9b2d62dd7d85,3126,taxon,Interaction->Visited flower of,Interaction->Visited flower of,1095846,1095846,NA,349183,1095846,1095846,species,10,47126,,TRUE,1095846,Bidens alba,50204,48460/47126/211194/47125/47124/47605/47604/632790/568277/50204,"48460,47126,211194,47125,47124,47605,47604,632790,568277,50204,1095846",FALSE,FALSE,2020-06-05T17:31:55+00:00,4,2,91756,FALSE,91756,NA,30122,NA,https://en.wikipedia.org/wiki/Bidens_alba,Plantae,White beggarticks,86500140,cc0,"no rights reserved, uploaded by 葉子",https://inaturalist-open-data.s3.amazonaws.com/photos/86500140/square.jpeg,,葉子,https://inaturalist-open-data.s3.amazonaws.com/photos/86500140/square.jpeg,https://inaturalist-open-data.s3.amazonaws.com/photos/86500140/medium.jpeg,1536,2048,3,0,349183,joemdo,FALSE,FALSE,2016-10-12T00:08:13+00:00,joemdo,joemdo,Joe MDO,Joe MDO,NA,https://static.inaturalist.org/attachments/users/icons/349183/thumb.jpg?1662070326,126435,249147,9,375591,11568,63401,126435,,1,https://static.inaturalist.org/attachments/users/icons/349183/medium.jpg?1662070326,NA,NA,NA,NA,NA,NA,NA,NA,NA,Markham,Bidens alba,Bidens alba | Dryas iulia
Erynnis horatius,https://www.inaturalist.org/observations/199046447,Tessa,Bidens,alba,Toni,100%,Thomas,25811620,0cbb3105-d7b7-462d-bfc2-b86b7c22a434,3126,taxon,Interaction->Visited flower of,Interaction->Visited flower of,1095846,1095846,NA,349183,1095846,1095846,species,10,47126,,TRUE,1095846,Bidens alba,50204,48460/47126/211194/47125/47124/47605/47604/632790/568277/50204,"48460,47126,211194,47125,47124,47605,47604,632790,568277,50204,1095846",FALSE,FALSE,2020-06-05T17:31:55+00:00,4,2,91756,FALSE,91756,NA,30122,NA,https://en.wikipedia.org/wiki/Bidens_alba,Plantae,White beggarticks,86500140,cc0,"no rights reserved, uploaded by 葉子",https://inaturalist-open-data.s3.amazonaws.com/photos/86500140/square.jpeg,,葉子,https://inaturalist-open-data.s3.amazonaws.com/photos/86500140/square.jpeg,https://inaturalist-open-data.s3.amazonaws.com/photos/86500140/medium.jpeg,1536,2048,3,0,349183,joemdo,FALSE,FALSE,2016-10-12T00:08:13+00:00,joemdo,joemdo,Joe MDO,Joe MDO,NA,https://static.inaturalist.org/attachments/users/icons/349183/thumb.jpg?1662070326,126435,249147,9,375591,11568,63401,126435,,1,https://static.inaturalist.org/attachments/users/icons/349183/medium.jpg?1662070326,NA,NA,NA,NA,NA,NA,NA,NA,NA,Markham,Bidens alba,Bidens alba | Erynnis horatius
Erynnis horatius,https://www.inaturalist.org/observations/199046448,Tessa,Bidens,alba,Toni,100%,Thomas,25811619,f6a459ce-e337-4c7d-be6f-1f0f8c3dbff5,3126,taxon,Interaction->Visited flower of,Interaction->Visited flower of,1095846,1095846,NA,349183,1095846,1095846,species,10,47126,,TRUE,1095846,Bidens alba,50204,48460/47126/211194/47125/47124/47605/47604/632790/568277/50204,"48460,47126,211194,47125,47124,47605,47604,632790,568277,50204,1095846",FALSE,FALSE,2020-06-05T17:31:55+00:00,4,2,91756,FALSE,91756,NA,30122,NA,https://en.wikipedia.org/wiki/Bidens_alba,Plantae,White beggarticks,86500140,cc0,"no rights reserved, uploaded by 葉子",https://inaturalist-open-data.s3.amazonaws.com/photos/86500140/square.jpeg,,葉子,https://inaturalist-open-data.s3.amazonaws.com/photos/86500140/square.jpeg,https://inaturalist-open-data.s3.amazonaws.com/photos/86500140/medium.jpeg,1536,2048,3,0,349183,joemdo,FALSE,FALSE,2016-10-12T00:08:13+00:00,joemdo,joemdo,Joe MDO,Joe MDO,NA,https://static.inaturalist.org/attachments/users/icons/349183/thumb.jpg?1662070326,126435,249147,9,375591,11568,63401,126435,,1,https://static.inaturalist.org/attachments/users/icons/349183/medium.jpg?1662070326,NA,NA,NA,NA,NA,NA,NA,NA,NA,Markham,Bidens alba,Bidens alba | Erynnis horatius
Erynnis horatius,https://www.inaturalist.org/observations/200029854,Noelle,Richardia,grandiflora,Toni,100%,Thomas,25904591,bee73c29-d43a-4727-9bef-306fc9e9ef7d,3126,taxon,Interaction->Visited flower of,Interaction->Visited flower of,52078,52078,NA,349183,52078,52078,species,10,47126,,TRUE,52078,Richardia grandiflora,52079,48460/47126/211194/47125/47124/47363/47693/788064/788088/52079,"48460,47126,211194,47125,47124,47363,47693,788064,788088,52079,52078",FALSE,FALSE,2009-07-01T11:57:21+00:00,0,2,15536,FALSE,15536,NA,NA,NA,https://en.wikipedia.org/wiki/Richardia_grandiflora,Plantae,largeflower Mexican clover,18320951,NA,"(c) Vanessa Trujillo, all rights reserved, uploaded by Vanessa Trujillo",https://static.inaturalist.org/photos/18320951/square.jpg,,Vanessa Trujillo,https://static.inaturalist.org/photos/18320951/square.jpg,https://static.inaturalist.org/photos/18320951/medium.jpg,800,600,0,0,349183,joemdo,FALSE,FALSE,2016-10-12T00:08:13+00:00,joemdo,joemdo,Joe MDO,Joe MDO,NA,https://static.inaturalist.org/attachments/users/icons/349183/thumb.jpg?1662070326,126435,249147,9,375591,11568,63401,126435,,1,https://static.inaturalist.org/attachments/users/icons/349183/medium.jpg?1662070326,NA,NA,NA,NA,NA,NA,NA,NA,NA,Long Key,Richardia grandiflora,Richardia grandiflora | Erynnis horatius
Apis mellifera,https://www.inaturalist.org/observations/210306180,MaryJo,Spermacoce,verticillata,Toni,100%,Thomas,26769841,eb09e85b-4d22-43ac-9af4-91b2c70eb276,3126,taxon,Interaction->Visited flower of,Interaction->Visited flower of,169171,169171,4573202,4573202,169171,169171,species,10,47126,,TRUE,169171,Spermacoce verticillata,131832,48460/47126/211194/47125/47124/47363/47693/788064/788088/131832,"48460,47126,211194,47125,47124,47363,47693,788064,788088,131832,169171",FALSE,FALSE,2012-10-22T22:59:30+00:00,1,3,12116,FALSE,12116,NA,NA,NA,https://en.wikipedia.org/wiki/Spermacoce_verticillata,Plantae,shrubby false buttonweed,2690565,NA,"(c) Jay Keller, all rights reserved, uploaded by Jay Keller",https://static.inaturalist.org/photos/2690565/square.jpg,,Jay Keller,https://static.inaturalist.org/photos/2690565/square.jpg,https://static.inaturalist.org/photos/2690565/medium.jpg,1536,2048,0,0,4573202,gatorhawk,FALSE,FALSE,2021-06-12T12:38:13+00:00,gatorhawk,gatorhawk,Josiah Londerée,Josiah Londerée,NA,https://static.inaturalist.org/attachments/users/icons/4573202/thumb.jpeg?1726415157,31904,129404,0,161308,6903,2318,31904,,1,https://static.inaturalist.org/attachments/users/icons/4573202/medium.jpeg?1726415157,NA,NA,NA,NA,NA,NA,NA,NA,NA,Military Trail,Spermacoce verticillata,Spermacoce verticillata | Apis mellifera
